family_id	threshold	family_size_tight_clusters	underlying_patterns	tight_cluster_id	tight_cluster_size	medoid_pattern_id	source	stratum
PF_0001	0.78	4	7	RC_0201	2	IDX_0000471	mididrumfiles-80/THF_0015.ADT	3/4 / 16 / 12 steps
PF_0001	0.78	4	7	RC_0231	2	IDX_0000621	mididrumfiles-80/THF_0019.ADT	3/4 / 16 / 12 steps
PF_0001	0.78	4	7	RC_0331	2	IDX_0001573	mididrumfiles-80/THF_0022.ADT	3/4 / 16 / 12 steps
PF_0001	0.78	4	7	RC_0967	1	IDX_0001195	mididrumfiles-80/THF_0021.ADT	3/4 / 16 / 12 steps
PF_0002	0.78	3	3	RC_0432	1	IDX_0000188	mididrumfiles-80/LTF_0001.ADT	3/4 / 16 / 12 steps
PF_0002	0.78	3	3	RC_0689	1	IDX_0000662	mididrumfiles-80/LTF_0001.ADT	3/4 / 16 / 12 steps
PF_0002	0.78	3	3	RC_0717	1	IDX_0000709	mididrumfiles-80/LTF_0002.ADT	3/4 / 16 / 12 steps
PF_0003	0.78	2	6	RC_0034	3	IDX_0000003	mididrumfiles-80/THF_0008.ADT	3/4 / 16 / 12 steps
PF_0003	0.78	2	6	RC_0065	3	IDX_0000826	mididrumfiles-80/THF_0003.ADT	3/4 / 16 / 12 steps
PF_0004	0.78	2	3	RC_0122	2	IDX_0000105	mididrumfiles-80/THF_0011.ADT	3/4 / 16 / 12 steps
PF_0004	0.78	2	3	RC_0995	1	IDX_0001240	instant-260/WLZ_0002.ADT	3/4 / 16 / 12 steps
PF_0005	0.78	2	2	RC_0417	1	IDX_0000153	instant-260/WLZ_0003.ADT	3/4 / 16 / 12 steps
PF_0005	0.78	2	2	RC_1053	1	IDX_0001354	instant-260/WLZ_0001.ADT	3/4 / 16 / 12 steps
PF_0006	0.78	2	2	RC_0448	1	IDX_0000209	mididrumfiles-80/LTF_0002.ADT	3/4 / 16 / 12 steps
PF_0006	0.78	2	2	RC_1213	1	IDX_0001639	mididrumfiles-80/LTF_0003.ADT	3/4 / 16 / 12 steps
PF_0007	0.78	2	3	RC_0245	2	IDX_0000697	mididrumfiles-80/THF_0001.ADT	3/4 / 16 / 12 steps
PF_0007	0.78	2	3	RC_0527	1	IDX_0000362	mididrumfiles-80/THF_0001.ADT	3/4 / 16 / 12 steps
PF_0008	0.78	2	3	RC_0293	2	IDX_0001040	mididrumfiles-80/THF_0017.ADT	3/4 / 16 / 12 steps
PF_0008	0.78	2	3	RC_1186	1	IDX_0001588	mididrumfiles-80/THF_0017.ADT	3/4 / 16 / 12 steps
PF_0009	0.78	1	1	RC_0343	1	IDX_0000023	mididrumfiles-80/THF_0002.ADT	3/4 / 16 / 12 steps
PF_0010	0.78	1	1	RC_0465	1	IDX_0000246	mididrumfiles-80/THF_0007.ADT	3/4 / 16 / 12 steps
PF_0011	0.78	1	1	RC_0591	1	IDX_0000477	mididrumfiles-80/THF_0006.ADT	3/4 / 16 / 12 steps
PF_0012	0.78	1	3	RC_0058	3	IDX_0000615	mididrumfiles-80/LTF_0004.ADT	3/4 / 16 / 12 steps
PF_0013	0.78	1	1	RC_0724	1	IDX_0000724	instant-260/WLZ_0005.ADT	3/4 / 16 / 12 steps
PF_0014	0.78	1	1	RC_0870	1	IDX_0000998	instant-260/WLZ_0004.ADT	3/4 / 16 / 12 steps
PF_0015	0.78	1	1	RC_1151	1	IDX_0001527	mididrumfiles-80/THF_0016.ADT	3/4 / 16 / 12 steps
PF_0016	0.78	1	2	RC_0335	2	IDX_0001610	mididrumfiles-80/THF_0013.ADT	3/4 / 16 / 12 steps
PF_0017	0.78	7	21	RC_0002	9	IDX_0000744	instant-rap/RAP_0001.ADT	4/4 / 16 / 16 steps
PF_0017	0.78	7	21	RC_0042	3	IDX_0000222	instant-rap/RAP_0102.ADT	4/4 / 16 / 16 steps
PF_0017	0.78	7	21	RC_0075	3	IDX_0001295	instant-rap/RAP_0002.ADT	4/4 / 16 / 16 steps
PF_0017	0.78	7	21	RC_0224	2	IDX_0000583	instant-rap/RAP_0069.ADT	4/4 / 16 / 16 steps
PF_0017	0.78	7	21	RC_0269	2	IDX_0000859	instant-rap/RAP_0041.ADT	4/4 / 16 / 16 steps
PF_0017	0.78	7	21	RC_0456	1	IDX_0000228	instant-rap/RAP_0272.ADT	4/4 / 16 / 16 steps
PF_0017	0.78	7	21	RC_0470	1	IDX_0000252	instant-rap/RAP_0040.ADT	4/4 / 16 / 16 steps
PF_0018	0.78	6	13	RC_0025	4	IDX_0000790	instant-rap/RAP_0410.ADT	4/4 / 16 / 16 steps
PF_0018	0.78	6	13	RC_0035	3	IDX_0000008	instant-rap/RAP_0340.ADT	4/4 / 16 / 16 steps
PF_0018	0.78	6	13	RC_0155	2	IDX_0000210	instant-rap/RAP_0139.ADT	4/4 / 16 / 16 steps
PF_0018	0.78	6	13	RC_0250	2	IDX_0000731	instant-rap/RAP_0037.ADT	4/4 / 16 / 16 steps
PF_0018	0.78	6	13	RC_1161	1	IDX_0001544	instant-rap/RAP_0143.ADT	4/4 / 16 / 16 steps
PF_0018	0.78	6	13	RC_1237	1	IDX_0001681	instant-200/REG_0001.ADT	4/4 / 16 / 16 steps
PF_0019	0.78	6	14	RC_0015	4	IDX_0000080	mididrumfiles-80/RCK_0051.ADT	4/4 / 16 / 16 steps
PF_0019	0.78	6	14	RC_0032	4	IDX_0001514	instant-260/RCK_0015.ADT	4/4 / 16 / 16 steps
PF_0019	0.78	6	14	RC_0237	2	IDX_0000644	mididrumfiles-80/RCK_0058.ADT	4/4 / 16 / 16 steps
PF_0019	0.78	6	14	RC_0259	2	IDX_0000805	mididrumfiles-80/RCK_0066.ADT	4/4 / 16 / 16 steps
PF_0019	0.78	6	14	RC_0779	1	IDX_0000828	mididrumfiles-80/RCK_0041.ADT	4/4 / 16 / 16 steps
PF_0019	0.78	6	14	RC_1035	1	IDX_0001320	mididrumfiles-80/RCK_0048.ADT	4/4 / 16 / 16 steps
PF_0020	0.78	5	10	RC_0053	3	IDX_0000527	instant-260/RCK_0019.ADT	4/4 / 16 / 16 steps
PF_0020	0.78	5	10	RC_0129	2	IDX_0000134	instant-260/POP_0022.ADT	4/4 / 16 / 16 steps
PF_0020	0.78	5	10	RC_0181	2	IDX_0000333	instant-260/SLW_0001.ADT	4/4 / 16 / 16 steps
PF_0020	0.78	5	10	RC_0203	2	IDX_0000480	instant-200/FNK_0040.ADT	4/4 / 16 / 16 steps
PF_0020	0.78	5	10	RC_0681	1	IDX_0000653	instant-rap/RAP_0085.ADT	4/4 / 16 / 16 steps
PF_0021	0.78	5	10	RC_0074	3	IDX_0001133	mididrumfiles-80/CON_0040.ADT	4/4 / 16 / 16 steps
PF_0021	0.78	5	10	RC_0132	2	IDX_0000146	instant-260/POP_0026.ADT	4/4 / 16 / 16 steps
PF_0021	0.78	5	10	RC_0178	2	IDX_0000322	instant-260/RNB_0026.ADT	4/4 / 16 / 16 steps
PF_0021	0.78	5	10	RC_0255	2	IDX_0000773	instant-260/SLW_0012.ADT	4/4 / 16 / 16 steps
PF_0021	0.78	5	10	RC_0616	1	IDX_0000521	instant-200/BAL_0014.ADT	4/4 / 16 / 16 steps
PF_0022	0.78	5	13	RC_0009	6	IDX_0000767	mididrumfiles-80/CON_0001.ADT	4/4 / 16 / 16 steps
PF_0022	0.78	5	13	RC_0134	2	IDX_0000150	instant-200/BAL_0004.ADT	4/4 / 16 / 16 steps
PF_0022	0.78	5	13	RC_0242	2	IDX_0000681	instant-rap/RAP_0028.ADT	4/4 / 16 / 16 steps
PF_0022	0.78	5	13	RC_0323	2	IDX_0001301	instant-200/RCK_0013.ADT	4/4 / 16 / 16 steps
PF_0022	0.78	5	13	RC_0574	1	IDX_0000451	instant-260/SLW_0003.ADT	4/4 / 16 / 16 steps
PF_0023	0.78	5	14	RC_0008	6	IDX_0000627	mididrumfiles-80/CON_0036.ADT	4/4 / 16 / 16 steps
PF_0023	0.78	5	14	RC_0020	4	IDX_0000402	instant-rap/RAP_0017.ADT	4/4 / 16 / 16 steps
PF_0023	0.78	5	14	RC_0150	2	IDX_0000180	instant-200/BAL_0001.ADT	4/4 / 16 / 16 steps
PF_0023	0.78	5	14	RC_0544	1	IDX_0000395	mididrumfiles-80/FOL_0030.ADT	4/4 / 16 / 16 steps
PF_0023	0.78	5	14	RC_0810	1	IDX_0000893	instant-260/SKA_0001.ADT	4/4 / 16 / 16 steps
PF_0024	0.78	5	7	RC_0246	2	IDX_0000699	instant-rap/RAP_0299.ADT	4/4 / 16 / 16 steps
PF_0024	0.78	5	7	RC_0334	2	IDX_0001597	instant-260/RCK_0023.ADT	4/4 / 16 / 16 steps
PF_0024	0.78	5	7	RC_0434	1	IDX_0000190	instant-200/RNB_0004.ADT	4/4 / 16 / 16 steps
PF_0024	0.78	5	7	RC_0492	1	IDX_0000305	instant-rap/RAP_0124.ADT	4/4 / 16 / 16 steps
PF_0024	0.78	5	7	RC_0629	1	IDX_0000542	instant-200/RNB_0014.ADT	4/4 / 16 / 16 steps
PF_0025	0.78	5	15	RC_0006	6	IDX_0000317	instant-rap/RAP_0459.ADT	4/4 / 16 / 16 steps
PF_0025	0.78	5	15	RC_0027	4	IDX_0000850	instant-rap/RAP_0025.ADT	4/4 / 16 / 16 steps
PF_0025	0.78	5	15	RC_0067	3	IDX_0000936	instant-rap/RAP_0058.ADT	4/4 / 16 / 16 steps
PF_0025	0.78	5	15	RC_0461	1	IDX_0000234	instant-rap/RAP_0228.ADT	4/4 / 16 / 16 steps
PF_0025	0.78	5	15	RC_1160	1	IDX_0001541	instant-rap/RAP_0398.ADT	4/4 / 16 / 16 steps
PF_0026	0.78	4	16	RC_0001	10	IDX_0000253	instant-rap/RAP_0408.ADT	4/4 / 16 / 16 steps
PF_0026	0.78	4	16	RC_0039	3	IDX_0000126	instant-rap/RAP_0445.ADT	4/4 / 16 / 16 steps
PF_0026	0.78	4	16	RC_0090	2	IDX_0000002	instant-rap/RAP_0447.ADT	4/4 / 16 / 16 steps
PF_0026	0.78	4	16	RC_1261	1	IDX_0001715	instant-rap/RAP_0446.ADT	4/4 / 16 / 16 steps
PF_0027	0.78	4	6	RC_0092	2	IDX_0000009	instant-rap/RAP_0208.ADT	4/4 / 16 / 16 steps
PF_0027	0.78	4	6	RC_0247	2	IDX_0000714	instant-rap/RAP_0209.ADT	4/4 / 16 / 16 steps
PF_0027	0.78	4	6	RC_0473	1	IDX_0000258	instant-rap/RAP_0205.ADT	4/4 / 16 / 16 steps
PF_0027	0.78	4	6	RC_0476	1	IDX_0000265	instant-rap/RAP_0204.ADT	4/4 / 16 / 16 steps
PF_0028	0.78	4	8	RC_0093	2	IDX_0000010	instant-260/SLW_0005.ADT	4/4 / 16 / 16 steps
PF_0028	0.78	4	8	RC_0097	2	IDX_0000015	instant-rap/RAP_0050.ADT	4/4 / 16 / 16 steps
PF_0028	0.78	4	8	RC_0138	2	IDX_0000161	mididrumfiles-80/CON_0051.ADT	4/4 / 16 / 16 steps
PF_0028	0.78	4	8	RC_0276	2	IDX_0000909	mididrumfiles-80/CON_0051.ADT	4/4 / 16 / 16 steps
PF_0029	0.78	4	5	RC_0100	2	IDX_0000020	instant-200/DRM_0004.ADT	4/4 / 16 / 16 steps
PF_0029	0.78	4	5	RC_0778	1	IDX_0000825	instant-260/TWT_0003.ADT	4/4 / 16 / 16 steps
PF_0029	0.78	4	5	RC_0956	1	IDX_0001167	instant-200/DRM_0007.ADT	4/4 / 16 / 16 steps
PF_0029	0.78	4	5	RC_1205	1	IDX_0001624	instant-260/REG_0020.ADT	4/4 / 16 / 16 steps
PF_0030	0.78	4	7	RC_0063	3	IDX_0000770	mididrumfiles-80/LAT_0024.ADT	4/4 / 16 / 16 steps
PF_0030	0.78	4	7	RC_0164	2	IDX_0000245	instant-200/LAT_0001.ADT	4/4 / 16 / 16 steps
PF_0030	0.78	4	7	RC_0351	1	IDX_0000038	mididrumfiles-80/LAT_0034.ADT	4/4 / 16 / 16 steps
PF_0030	0.78	4	7	RC_0390	1	IDX_0000106	mididrumfiles-80/LAT_0025.ADT	4/4 / 16 / 16 steps
PF_0031	0.78	4	9	RC_0017	4	IDX_0000218	instant-rap/RAP_0107.ADT	4/4 / 16 / 16 steps
PF_0031	0.78	4	9	RC_0047	3	IDX_0000336	instant-rap/RAP_0273.ADT	4/4 / 16 / 16 steps
PF_0031	0.78	4	9	RC_0355	1	IDX_0000043	instant-rap/RAP_0042.ADT	4/4 / 16 / 16 steps
PF_0031	0.78	4	9	RC_0765	1	IDX_0000801	instant-rap/RAP_0279.ADT	4/4 / 16 / 16 steps
PF_0032	0.78	4	6	RC_0061	3	IDX_0000711	instant-rap/RAP_0337.ADT	4/4 / 16 / 16 steps
PF_0032	0.78	4	6	RC_0424	1	IDX_0000173	instant-rap/RAP_0439.ADT	4/4 / 16 / 16 steps
PF_0032	0.78	4	6	RC_0797	1	IDX_0000867	instant-rap/RAP_0167.ADT	4/4 / 16 / 16 steps
PF_0032	0.78	4	6	RC_0801	1	IDX_0000871	instant-rap/RAP_0099.ADT	4/4 / 16 / 16 steps
PF_0033	0.78	4	9	RC_0078	3	IDX_0001346	instant-rap/RAP_0387.ADT	4/4 / 16 / 16 steps
PF_0033	0.78	4	9	RC_0082	3	IDX_0001432	instant-rap/RAP_0395.ADT	4/4 / 16 / 16 steps
PF_0033	0.78	4	9	RC_0149	2	IDX_0000177	instant-260/POP_0017.ADT	4/4 / 16 / 16 steps
PF_0033	0.78	4	9	RC_1236	1	IDX_0001680	instant-rap/RAP_0349.ADT	4/4 / 16 / 16 steps
PF_0034	0.78	4	4	RC_0430	1	IDX_0000185	mididrumfiles-80/ETH_0007.ADT	4/4 / 16 / 16 steps
PF_0034	0.78	4	4	RC_0790	1	IDX_0000854	mididrumfiles-80/ETH_0005.ADT	4/4 / 16 / 16 steps
PF_0034	0.78	4	4	RC_0804	1	IDX_0000882	mididrumfiles-80/ETH_0006.ADT	4/4 / 16 / 16 steps
PF_0034	0.78	4	4	RC_1085	1	IDX_0001407	mididrumfiles-80/ETH_0007.ADT	4/4 / 16 / 16 steps
PF_0035	0.78	4	5	RC_0161	2	IDX_0000240	instant-260/SLW_0006.ADT	4/4 / 16 / 16 steps
PF_0035	0.78	4	5	RC_0442	1	IDX_0000203	instant-260/SLW_0007.ADT	4/4 / 16 / 16 steps
PF_0035	0.78	4	5	RC_0940	1	IDX_0001140	instant-260/SLW_0008.ADT	4/4 / 16 / 16 steps
PF_0035	0.78	4	5	RC_1037	1	IDX_0001322	mididrumfiles-80/RCK_0076.ADT	4/4 / 16 / 16 steps
PF_0036	0.78	4	7	RC_0196	2	IDX_0000418	mididrumfiles-80/ETH_0008.ADT	4/4 / 16 / 16 steps
PF_0036	0.78	4	7	RC_0252	2	IDX_0000748	mididrumfiles-80/ETH_0010.ADT	4/4 / 16 / 16 steps
PF_0036	0.78	4	7	RC_0311	2	IDX_0001122	mididrumfiles-80/ETH_0009.ADT	4/4 / 16 / 16 steps
PF_0036	0.78	4	7	RC_0892	1	IDX_0001030	mididrumfiles-80/ETH_0010.ADT	4/4 / 16 / 16 steps
PF_0037	0.78	4	9	RC_0051	3	IDX_0000472	instant-rap/RAP_0314.ADT	4/4 / 16 / 16 steps
PF_0037	0.78	4	9	RC_0064	3	IDX_0000787	instant-rap/RAP_0322.ADT	4/4 / 16 / 16 steps
PF_0037	0.78	4	9	RC_0222	2	IDX_0000568	instant-rap/RAP_0111.ADT	4/4 / 16 / 16 steps
PF_0037	0.78	4	9	RC_1305	1	IDX_0001791	instant-rap/RAP_0123.ADT	4/4 / 16 / 16 steps
PF_0038	0.78	4	7	RC_0059	3	IDX_0000678	instant-rap/RAP_0152.ADT	4/4 / 16 / 16 steps
PF_0038	0.78	4	7	RC_0240	2	IDX_0000669	instant-rap/RAP_0290.ADT	4/4 / 16 / 16 steps
PF_0038	0.78	4	7	RC_0622	1	IDX_0000534	instant-260/RCK_0027.ADT	4/4 / 16 / 16 steps
PF_0038	0.78	4	7	RC_0965	1	IDX_0001190	instant-rap/RAP_0019.ADT	4/4 / 16 / 16 steps
PF_0039	0.78	4	5	RC_0313	2	IDX_0001146	instant-200/RCK_0005.ADT	4/4 / 16 / 16 steps
PF_0039	0.78	4	5	RC_0773	1	IDX_0000819	instant-rap/RAP_0429.ADT	4/4 / 16 / 16 steps
PF_0039	0.78	4	5	RC_0901	1	IDX_0001057	instant-rap/RAP_0157.ADT	4/4 / 16 / 16 steps
PF_0039	0.78	4	5	RC_0970	1	IDX_0001201	instant-rap/RAP_0458.ADT	4/4 / 16 / 16 steps
PF_0040	0.78	3	6	RC_0052	3	IDX_0000502	instant-rap/RAP_0451.ADT	4/4 / 16 / 16 steps
PF_0040	0.78	3	6	RC_0102	2	IDX_0000024	instant-rap/RAP_0416.ADT	4/4 / 16 / 16 steps
PF_0040	0.78	3	6	RC_1245	1	IDX_0001694	instant-rap/RAP_0048.ADT	4/4 / 16 / 16 steps
PF_0041	0.78	3	5	RC_0103	2	IDX_0000025	mididrumfiles-80/LAT_0038.ADT	4/4 / 16 / 16 steps
PF_0041	0.78	3	5	RC_0232	2	IDX_0000626	mididrumfiles-80/LAT_0037.ADT	4/4 / 16 / 16 steps
PF_0041	0.78	3	5	RC_0683	1	IDX_0000655	mididrumfiles-80/LAT_0039.ADT	4/4 / 16 / 16 steps
PF_0042	0.78	3	4	RC_0300	2	IDX_0001060	instant-rap/RAP_0183.ADT	4/4 / 16 / 16 steps
PF_0042	0.78	3	4	RC_0354	1	IDX_0000042	instant-rap/RAP_0188.ADT	4/4 / 16 / 16 steps
PF_0042	0.78	3	4	RC_0599	1	IDX_0000493	instant-rap/RAP_0180.ADT	4/4 / 16 / 16 steps
PF_0043	0.78	3	3	RC_0364	1	IDX_0000058	instant-200/FNK_0008.ADT	4/4 / 16 / 16 steps
PF_0043	0.78	3	3	RC_0380	1	IDX_0000086	instant-rap/RAP_0421.ADT	4/4 / 16 / 16 steps
PF_0043	0.78	3	3	RC_0983	1	IDX_0001219	instant-rap/RAP_0149.ADT	4/4 / 16 / 16 steps
PF_0044	0.78	3	5	RC_0227	2	IDX_0000599	instant-rap/RAP_0153.ADT	4/4 / 16 / 16 steps
PF_0044	0.78	3	5	RC_0248	2	IDX_0000725	instant-rap/RAP_0417.ADT	4/4 / 16 / 16 steps
PF_0044	0.78	3	5	RC_0365	1	IDX_0000059	instant-rap/RAP_0145.ADT	4/4 / 16 / 16 steps
PF_0045	0.78	3	4	RC_0119	2	IDX_0000095	instant-rap/RAP_0256.ADT	4/4 / 16 / 16 steps
PF_0045	0.78	3	4	RC_1209	1	IDX_0001628	instant-rap/RAP_0323.ADT	4/4 / 16 / 16 steps
PF_0045	0.78	3	4	RC_1263	1	IDX_0001718	instant-rap/RAP_0258.ADT	4/4 / 16 / 16 steps
PF_0046	0.78	3	3	RC_0396	1	IDX_0000112	instant-200/POP_0013.ADT	4/4 / 16 / 16 steps
PF_0046	0.78	3	3	RC_0913	1	IDX_0001092	instant-200/POP_0014.ADT	4/4 / 16 / 16 steps
PF_0046	0.78	3	3	RC_1021	1	IDX_0001288	instant-200/POP_0004.ADT	4/4 / 16 / 16 steps
PF_0047	0.78	3	4	RC_0202	2	IDX_0000474	instant-rap/RAP_0156.ADT	4/4 / 16 / 16 steps
PF_0047	0.78	3	4	RC_0420	1	IDX_0000160	instant-rap/RAP_0440.ADT	4/4 / 16 / 16 steps
PF_0047	0.78	3	4	RC_0968	1	IDX_0001197	instant-rap/RAP_0168.ADT	4/4 / 16 / 16 steps
PF_0048	0.78	3	3	RC_0422	1	IDX_0000171	instant-200/BAL_0013.ADT	4/4 / 16 / 16 steps
PF_0048	0.78	3	3	RC_0553	1	IDX_0000410	instant-rap/RAP_0028.ADT	4/4 / 16 / 16 steps
PF_0048	0.78	3	3	RC_0691	1	IDX_0000665	instant-200/FNK_0025.ADT	4/4 / 16 / 16 steps
PF_0049	0.78	3	5	RC_0159	2	IDX_0000238	mididrumfiles-80/ETH_0013.ADT	4/4 / 16 / 16 steps
PF_0049	0.78	3	5	RC_0267	2	IDX_0000853	mididrumfiles-80/ETH_0013.ADT	4/4 / 16 / 16 steps
PF_0049	0.78	3	5	RC_1018	1	IDX_0001282	mididrumfiles-80/FOL_0024.ADT	4/4 / 16 / 16 steps
PF_0050	0.78	3	3	RC_0486	1	IDX_0000286	instant-200/FNK_0029.ADT	4/4 / 16 / 16 steps
PF_0050	0.78	3	3	RC_0941	1	IDX_0001141	instant-rap/RAP_0024.ADT	4/4 / 16 / 16 steps
PF_0050	0.78	3	3	RC_1124	1	IDX_0001470	instant-rap/RAP_0057.ADT	4/4 / 16 / 16 steps
PF_0051	0.78	3	5	RC_0172	2	IDX_0000294	instant-rap/RAP_0060.ADT	4/4 / 16 / 16 steps
PF_0051	0.78	3	5	RC_0301	2	IDX_0001068	instant-rap/RAP_0434.ADT	4/4 / 16 / 16 steps
PF_0051	0.78	3	5	RC_0510	1	IDX_0000335	instant-rap/RAP_0060.ADT	4/4 / 16 / 16 steps
PF_0052	0.78	3	3	RC_0506	1	IDX_0000327	instant-rap/RAP_0182.ADT	4/4 / 16 / 16 steps
PF_0052	0.78	3	3	RC_0907	1	IDX_0001077	instant-rap/RAP_0197.ADT	4/4 / 16 / 16 steps
PF_0052	0.78	3	3	RC_1137	1	IDX_0001499	instant-rap/RAP_0190.ADT	4/4 / 16 / 16 steps
PF_0053	0.78	3	10	RC_0030	4	IDX_0001229	mididrumfiles-80/FOL_0006.ADT	4/4 / 16 / 16 steps
PF_0053	0.78	3	10	RC_0046	3	IDX_0000328	mididrumfiles-80/RCK_0072.ADT	4/4 / 16 / 16 steps
PF_0053	0.78	3	10	RC_0072	3	IDX_0001072	mididrumfiles-80/FOL_0011.ADT	4/4 / 16 / 16 steps
PF_0054	0.78	3	3	RC_0518	1	IDX_0000347	instant-260/FNK_0070.ADT	4/4 / 16 / 16 steps
PF_0054	0.78	3	3	RC_0708	1	IDX_0000695	instant-260/FNK_0059.ADT	4/4 / 16 / 16 steps
PF_0054	0.78	3	3	RC_1033	1	IDX_0001311	instant-200/BAL_0003.ADT	4/4 / 16 / 16 steps
PF_0055	0.78	3	4	RC_0182	2	IDX_0000359	instant-rap/RAP_0076.ADT	4/4 / 16 / 16 steps
PF_0055	0.78	3	4	RC_0768	1	IDX_0000808	instant-rap/RAP_0080.ADT	4/4 / 16 / 16 steps
PF_0055	0.78	3	4	RC_0771	1	IDX_0000813	instant-rap/RAP_0079.ADT	4/4 / 16 / 16 steps
PF_0056	0.78	3	5	RC_0183	2	IDX_0000360	instant-rap/RAP_0310.ADT	4/4 / 16 / 16 steps
PF_0056	0.78	3	5	RC_0190	2	IDX_0000392	instant-rap/RAP_0307.ADT	4/4 / 16 / 16 steps
PF_0056	0.78	3	5	RC_0753	1	IDX_0000781	instant-rap/RAP_0243.ADT	4/4 / 16 / 16 steps
PF_0057	0.78	3	3	RC_0530	1	IDX_0000372	instant-rap/RAP_0422.ADT	4/4 / 16 / 16 steps
PF_0057	0.78	3	3	RC_0962	1	IDX_0001179	instant-rap/RAP_0418.ADT	4/4 / 16 / 16 steps
PF_0057	0.78	3	3	RC_1201	1	IDX_0001615	instant-260/RNB_0025.ADT	4/4 / 16 / 16 steps
PF_0058	0.78	3	4	RC_0218	2	IDX_0000558	instant-rap/RAP_0231.ADT	4/4 / 16 / 16 steps
PF_0058	0.78	3	4	RC_0539	1	IDX_0000383	instant-rap/RAP_0221.ADT	4/4 / 16 / 16 steps
PF_0058	0.78	3	4	RC_0879	1	IDX_0001007	instant-rap/RAP_0236.ADT	4/4 / 16 / 16 steps
PF_0059	0.78	3	4	RC_0188	2	IDX_0000387	instant-260/AFC_0015.ADT	4/4 / 16 / 16 steps
PF_0059	0.78	3	4	RC_0551	1	IDX_0000408	instant-200/DRM_0008.ADT	4/4 / 16 / 16 steps
PF_0059	0.78	3	4	RC_1265	1	IDX_0001720	instant-200/RCK_0009.ADT	4/4 / 16 / 16 steps
PF_0060	0.78	3	3	RC_0562	1	IDX_0000428	instant-rap/RAP_0246.ADT	4/4 / 16 / 16 steps
PF_0060	0.78	3	3	RC_0639	1	IDX_0000569	instant-rap/RAP_0248.ADT	4/4 / 16 / 16 steps
PF_0060	0.78	3	3	RC_1217	1	IDX_0001643	instant-rap/RAP_0253.ADT	4/4 / 16 / 16 steps
PF_0061	0.78	3	9	RC_0010	6	IDX_0001614	instant-260/SKA_0003.ADT	4/4 / 16 / 16 steps
PF_0061	0.78	3	9	RC_0200	2	IDX_0000443	instant-260/DSC_0005.ADT	4/4 / 16 / 16 steps
PF_0061	0.78	3	9	RC_1306	1	IDX_0001794	instant-200/RCK_0011.ADT	4/4 / 16 / 16 steps
PF_0062	0.78	3	3	RC_0597	1	IDX_0000490	instant-260/DSC_0003.ADT	4/4 / 16 / 16 steps
PF_0062	0.78	3	3	RC_0732	1	IDX_0000738	instant-200/REG_0014.ADT	4/4 / 16 / 16 steps
PF_0062	0.78	3	3	RC_1046	1	IDX_0001343	instant-260/DSC_0008.ADT	4/4 / 16 / 16 steps
PF_0063	0.78	3	4	RC_0208	2	IDX_0000499	instant-260/RCK_0021.ADT	4/4 / 16 / 16 steps
PF_0063	0.78	3	4	RC_0835	1	IDX_0000939	instant-200/RNB_0010.ADT	4/4 / 16 / 16 steps
PF_0063	0.78	3	4	RC_0950	1	IDX_0001155	instant-260/RNB_0024.ADT	4/4 / 16 / 16 steps
PF_0064	0.78	3	3	RC_0605	1	IDX_0000504	instant-260/POP_0029.ADT	4/4 / 16 / 16 steps
PF_0064	0.78	3	3	RC_0944	1	IDX_0001145	instant-200/BAL_0006.ADT	4/4 / 16 / 16 steps
PF_0064	0.78	3	3	RC_1154	1	IDX_0001532	instant-260/RCK_0030.ADT	4/4 / 16 / 16 steps
PF_0065	0.78	3	8	RC_0013	5	IDX_0000552	mididrumfiles-80/FOL_0001.ADT	4/4 / 16 / 16 steps
PF_0065	0.78	3	8	RC_0298	2	IDX_0001055	instant-rap/RAP_0089.ADT	4/4 / 16 / 16 steps
PF_0065	0.78	3	8	RC_0623	1	IDX_0000535	instant-200/RCK_0002.ADT	4/4 / 16 / 16 steps
PF_0066	0.78	3	4	RC_0217	2	IDX_0000547	instant-rap/RAP_0063.ADT	4/4 / 16 / 16 steps
PF_0066	0.78	3	4	RC_0882	1	IDX_0001011	instant-rap/RAP_0195.ADT	4/4 / 16 / 16 steps
PF_0066	0.78	3	4	RC_1106	1	IDX_0001440	instant-rap/RAP_0403.ADT	4/4 / 16 / 16 steps
PF_0067	0.78	3	3	RC_0634	1	IDX_0000551	instant-200/FNK_0004.ADT	4/4 / 16 / 16 steps
PF_0067	0.78	3	3	RC_0816	1	IDX_0000899	instant-200/FNK_0026.ADT	4/4 / 16 / 16 steps
PF_0067	0.78	3	3	RC_1300	1	IDX_0001782	instant-200/RNB_0007.ADT	4/4 / 16 / 16 steps
PF_0068	0.78	3	5	RC_0228	2	IDX_0000604	mididrumfiles-80/RCK_0078.ADT	4/4 / 16 / 16 steps
PF_0068	0.78	3	5	RC_0302	2	IDX_0001069	mididrumfiles-80/RCK_0077.ADT	4/4 / 16 / 16 steps
PF_0068	0.78	3	5	RC_1264	1	IDX_0001719	mididrumfiles-80/RCK_0076.ADT	4/4 / 16 / 16 steps
PF_0069	0.78	3	6	RC_0031	4	IDX_0001498	instant-200/LAT_0011.ADT	4/4 / 16 / 16 steps
PF_0069	0.78	3	6	RC_0711	1	IDX_0000701	mididrumfiles-80/LAT_0042.ADT	4/4 / 16 / 16 steps
PF_0069	0.78	3	6	RC_1282	1	IDX_0001746	instant-260/RCK_0022.ADT	4/4 / 16 / 16 steps
PF_0070	0.78	3	4	RC_0249	2	IDX_0000730	instant-260/POP_0020.ADT	4/4 / 16 / 16 steps
PF_0070	0.78	3	4	RC_0734	1	IDX_0000740	instant-200/FNK_0041.ADT	4/4 / 16 / 16 steps
PF_0070	0.78	3	4	RC_1165	1	IDX_0001550	instant-260/RNB_0023.ADT	4/4 / 16 / 16 steps
PF_0071	0.78	3	5	RC_0080	3	IDX_0001393	mididrumfiles-80/CON_0011.ADT	4/4 / 16 / 16 steps
PF_0071	0.78	3	5	RC_0756	1	IDX_0000785	mididrumfiles-80/CON_0009.ADT	4/4 / 16 / 16 steps
PF_0071	0.78	3	5	RC_1013	1	IDX_0001276	mididrumfiles-80/CON_0011.ADT	4/4 / 16 / 16 steps
PF_0072	0.78	3	4	RC_0263	2	IDX_0000836	instant-260/POP_0019.ADT	4/4 / 16 / 16 steps
PF_0072	0.78	3	4	RC_1147	1	IDX_0001519	instant-260/POP_0016.ADT	4/4 / 16 / 16 steps
PF_0072	0.78	3	4	RC_1249	1	IDX_0001701	instant-rap/RAP_0114.ADT	4/4 / 16 / 16 steps
PF_0073	0.78	3	5	RC_0288	2	IDX_0001014	instant-rap/RAP_0411.ADT	4/4 / 16 / 16 steps
PF_0073	0.78	3	5	RC_0296	2	IDX_0001046	instant-rap/RAP_0430.ADT	4/4 / 16 / 16 steps
PF_0073	0.78	3	5	RC_1163	1	IDX_0001547	instant-rap/RAP_0414.ADT	4/4 / 16 / 16 steps
PF_0074	0.78	3	3	RC_0893	1	IDX_0001034	instant-rap/RAP_0426.ADT	4/4 / 16 / 16 steps
PF_0074	0.78	3	3	RC_1036	1	IDX_0001321	instant-rap/RAP_0154.ADT	4/4 / 16 / 16 steps
PF_0074	0.78	3	3	RC_1210	1	IDX_0001630	instant-rap/RAP_0390.ADT	4/4 / 16 / 16 steps
PF_0075	0.78	3	4	RC_0294	2	IDX_0001041	instant-200/AFC_0008.ADT	4/4 / 16 / 16 steps
PF_0075	0.78	3	4	RC_0985	1	IDX_0001223	instant-260/AFC_0016.ADT	4/4 / 16 / 16 steps
PF_0075	0.78	3	4	RC_1208	1	IDX_0001627	instant-200/AFC_0007.ADT	4/4 / 16 / 16 steps
PF_0076	0.78	2	2	RC_0337	1	IDX_0000001	instant-rap/RAP_0014.ADT	4/4 / 16 / 16 steps
PF_0076	0.78	2	2	RC_0878	1	IDX_0001006	instant-rap/RAP_0286.ADT	4/4 / 16 / 16 steps
PF_0077	0.78	2	3	RC_0234	2	IDX_0000638	instant-rap/RAP_0222.ADT	4/4 / 16 / 16 steps
PF_0077	0.78	2	3	RC_0338	1	IDX_0000005	instant-rap/RAP_0225.ADT	4/4 / 16 / 16 steps
PF_0078	0.78	2	4	RC_0094	2	IDX_0000011	instant-rap/RAP_0316.ADT	4/4 / 16 / 16 steps
PF_0078	0.78	2	4	RC_0162	2	IDX_0000242	instant-rap/RAP_0385.ADT	4/4 / 16 / 16 steps
PF_0079	0.78	2	3	RC_0095	2	IDX_0000012	instant-rap/RAP_0046.ADT	4/4 / 16 / 16 steps
PF_0079	0.78	2	3	RC_0581	1	IDX_0000459	instant-rap/RAP_0044.ADT	4/4 / 16 / 16 steps
PF_0080	0.78	2	3	RC_0096	2	IDX_0000013	instant-rap/RAP_0275.ADT	4/4 / 16 / 16 steps
PF_0080	0.78	2	3	RC_0453	1	IDX_0000223	instant-rap/RAP_0054.ADT	4/4 / 16 / 16 steps
PF_0081	0.78	2	3	RC_0098	2	IDX_0000016	instant-rap/RAP_0213.ADT	4/4 / 16 / 16 steps
PF_0081	0.78	2	3	RC_0821	1	IDX_0000907	instant-rap/RAP_0216.ADT	4/4 / 16 / 16 steps
PF_0082	0.78	2	3	RC_0206	2	IDX_0000489	instant-rap/RAP_0394.ADT	4/4 / 16 / 16 steps
PF_0082	0.78	2	3	RC_0341	1	IDX_0000018	instant-rap/RAP_0386.ADT	4/4 / 16 / 16 steps
PF_0083	0.78	2	2	RC_0342	1	IDX_0000021	instant-260/RNB_0020.ADT	4/4 / 16 / 16 steps
PF_0083	0.78	2	2	RC_0692	1	IDX_0000667	instant-260/RNB_0019.ADT	4/4 / 16 / 16 steps
PF_0084	0.78	2	2	RC_0349	1	IDX_0000035	instant-200/REG_0006.ADT	4/4 / 16 / 16 steps
PF_0084	0.78	2	2	RC_1011	1	IDX_0001272	instant-200/LAT_0003.ADT	4/4 / 16 / 16 steps
PF_0085	0.78	2	5	RC_0037	3	IDX_0000045	instant-rap/RAP_0289.ADT	4/4 / 16 / 16 steps
PF_0085	0.78	2	5	RC_0113	2	IDX_0000069	instant-rap/RAP_0022.ADT	4/4 / 16 / 16 steps
PF_0086	0.78	2	3	RC_0115	2	IDX_0000078	instant-260/FNK_0067.ADT	4/4 / 16 / 16 steps
PF_0086	0.78	2	3	RC_0357	1	IDX_0000047	instant-260/POP_0031.ADT	4/4 / 16 / 16 steps
PF_0087	0.78	2	2	RC_0358	1	IDX_0000049	instant-rap/RAP_0033.ADT	4/4 / 16 / 16 steps
PF_0087	0.78	2	2	RC_0535	1	IDX_0000378	instant-rap/RAP_0033.ADT	4/4 / 16 / 16 steps
PF_0088	0.78	2	2	RC_0360	1	IDX_0000053	instant-200/FNK_0028.ADT	4/4 / 16 / 16 steps
PF_0088	0.78	2	2	RC_1108	1	IDX_0001443	instant-200/FNK_0010.ADT	4/4 / 16 / 16 steps
PF_0089	0.78	2	3	RC_0109	2	IDX_0000062	instant-rap/RAP_0211.ADT	4/4 / 16 / 16 steps
PF_0089	0.78	2	3	RC_0611	1	IDX_0000511	instant-rap/RAP_0175.ADT	4/4 / 16 / 16 steps
PF_0090	0.78	2	4	RC_0110	2	IDX_0000064	instant-rap/RAP_0300.ADT	4/4 / 16 / 16 steps
PF_0090	0.78	2	4	RC_0324	2	IDX_0001384	instant-rap/RAP_0300.ADT	4/4 / 16 / 16 steps
PF_0091	0.78	2	3	RC_0112	2	IDX_0000068	instant-rap/RAP_0053.ADT	4/4 / 16 / 16 steps
PF_0091	0.78	2	3	RC_0895	1	IDX_0001043	instant-rap/RAP_0061.ADT	4/4 / 16 / 16 steps
PF_0092	0.78	2	2	RC_0372	1	IDX_0000074	instant-rap/RAP_0192.ADT	4/4 / 16 / 16 steps
PF_0092	0.78	2	2	RC_0621	1	IDX_0000533	instant-rap/RAP_0187.ADT	4/4 / 16 / 16 steps
PF_0093	0.78	2	3	RC_0278	2	IDX_0000933	instant-rap/RAP_0312.ADT	4/4 / 16 / 16 steps
PF_0093	0.78	2	3	RC_0373	1	IDX_0000075	instant-rap/RAP_0308.ADT	4/4 / 16 / 16 steps
PF_0094	0.78	2	3	RC_0314	2	IDX_0001171	instant-200/DRM_0015.ADT	4/4 / 16 / 16 steps
PF_0094	0.78	2	3	RC_0389	1	IDX_0000101	instant-260/DSC_0020.ADT	4/4 / 16 / 16 steps
PF_0095	0.78	2	4	RC_0120	2	IDX_0000103	instant-rap/RAP_0227.ADT	4/4 / 16 / 16 steps
PF_0095	0.78	2	4	RC_0261	2	IDX_0000827	instant-rap/RAP_0220.ADT	4/4 / 16 / 16 steps
PF_0096	0.78	2	2	RC_0395	1	IDX_0000111	instant-rap/RAP_0147.ADT	4/4 / 16 / 16 steps
PF_0096	0.78	2	2	RC_0922	1	IDX_0001106	instant-rap/RAP_0150.ADT	4/4 / 16 / 16 steps
PF_0097	0.78	2	6	RC_0016	4	IDX_0000129	mididrumfiles-80/RCK_0042.ADT	4/4 / 16 / 16 steps
PF_0097	0.78	2	6	RC_0199	2	IDX_0000431	mididrumfiles-80/RCK_0074.ADT	4/4 / 16 / 16 steps
PF_0098	0.78	2	4	RC_0049	3	IDX_0000389	instant-rap/RAP_0398.ADT	4/4 / 16 / 16 steps
PF_0098	0.78	2	4	RC_0404	1	IDX_0000130	instant-rap/RAP_0330.ADT	4/4 / 16 / 16 steps
PF_0099	0.78	2	2	RC_0410	1	IDX_0000139	instant-rap/RAP_0285.ADT	4/4 / 16 / 16 steps
PF_0099	0.78	2	2	RC_0585	1	IDX_0000464	instant-rap/RAP_0293.ADT	4/4 / 16 / 16 steps
PF_0100	0.78	2	2	RC_0413	1	IDX_0000143	instant-rap/RAP_0320.ADT	4/4 / 16 / 16 steps
PF_0100	0.78	2	2	RC_0613	1	IDX_0000513	instant-rap/RAP_0317.ADT	4/4 / 16 / 16 steps
PF_0101	0.78	2	4	RC_0087	3	IDX_0001633	instant-rap/RAP_0367.ADT	4/4 / 16 / 16 steps
PF_0101	0.78	2	4	RC_0418	1	IDX_0000154	instant-rap/RAP_0359.ADT	4/4 / 16 / 16 steps
PF_0102	0.78	2	3	RC_0137	2	IDX_0000159	instant-rap/RAP_0087.ADT	4/4 / 16 / 16 steps
PF_0102	0.78	2	3	RC_0528	1	IDX_0000363	instant-rap/RAP_0051.ADT	4/4 / 16 / 16 steps
PF_0103	0.78	2	2	RC_0423	1	IDX_0000172	instant-rap/RAP_0455.ADT	4/4 / 16 / 16 steps
PF_0103	0.78	2	2	RC_0640	1	IDX_0000571	instant-rap/RAP_0148.ADT	4/4 / 16 / 16 steps
PF_0104	0.78	2	2	RC_0429	1	IDX_0000183	instant-260/AFC_0019.ADT	4/4 / 16 / 16 steps
PF_0104	0.78	2	2	RC_1238	1	IDX_0001683	instant-260/AFC_0022.ADT	4/4 / 16 / 16 steps
PF_0105	0.78	2	6	RC_0040	3	IDX_0000186	mididrumfiles-80/ETH_0018.ADT	4/4 / 16 / 16 steps
PF_0105	0.78	2	6	RC_0045	3	IDX_0000307	mididrumfiles-80/ETH_0017.ADT	4/4 / 16 / 16 steps
PF_0106	0.78	2	3	RC_0321	2	IDX_0001239	instant-rap/RAP_0255.ADT	4/4 / 16 / 16 steps
PF_0106	0.78	2	3	RC_0441	1	IDX_0000201	instant-rap/RAP_0259.ADT	4/4 / 16 / 16 steps
PF_0107	0.78	2	2	RC_0445	1	IDX_0000206	instant-rap/RAP_0330.ADT	4/4 / 16 / 16 steps
PF_0107	0.78	2	2	RC_1223	1	IDX_0001655	instant-260/REG_0025.ADT	4/4 / 16 / 16 steps
PF_0108	0.78	2	2	RC_0446	1	IDX_0000207	instant-260/FNK_0054.ADT	4/4 / 16 / 16 steps
PF_0108	0.78	2	2	RC_1182	1	IDX_0001581	instant-260/FNK_0052.ADT	4/4 / 16 / 16 steps
PF_0109	0.78	2	2	RC_0447	1	IDX_0000208	instant-rap/RAP_0232.ADT	4/4 / 16 / 16 steps
PF_0109	0.78	2	2	RC_1082	1	IDX_0001401	instant-rap/RAP_0200.ADT	4/4 / 16 / 16 steps
PF_0110	0.78	2	2	RC_0455	1	IDX_0000226	instant-rap/RAP_0351.ADT	4/4 / 16 / 16 steps
PF_0110	0.78	2	2	RC_0707	1	IDX_0000694	instant-rap/RAP_0354.ADT	4/4 / 16 / 16 steps
PF_0111	0.78	2	2	RC_0459	1	IDX_0000232	instant-rap/RAP_0461.ADT	4/4 / 16 / 16 steps
PF_0111	0.78	2	2	RC_0830	1	IDX_0000927	instant-rap/RAP_0298.ADT	4/4 / 16 / 16 steps
PF_0112	0.78	2	3	RC_0185	2	IDX_0000366	instant-rap/RAP_0062.ADT	4/4 / 16 / 16 steps
PF_0112	0.78	2	3	RC_0467	1	IDX_0000248	instant-rap/RAP_0198.ADT	4/4 / 16 / 16 steps
PF_0113	0.78	2	2	RC_0472	1	IDX_0000256	instant-rap/RAP_0241.ADT	4/4 / 16 / 16 steps
PF_0113	0.78	2	2	RC_0521	1	IDX_0000350	instant-rap/RAP_0245.ADT	4/4 / 16 / 16 steps
PF_0114	0.78	2	5	RC_0043	3	IDX_0000257	instant-rap/RAP_0109.ADT	4/4 / 16 / 16 steps
PF_0114	0.78	2	5	RC_0310	2	IDX_0001121	instant-rap/RAP_0038.ADT	4/4 / 16 / 16 steps
PF_0115	0.78	2	2	RC_0477	1	IDX_0000266	instant-260/DSC_0004.ADT	4/4 / 16 / 16 steps
PF_0115	0.78	2	2	RC_0589	1	IDX_0000470	instant-260/DSC_0007.ADT	4/4 / 16 / 16 steps
PF_0116	0.78	2	3	RC_0282	2	IDX_0000950	instant-200/REG_0008.ADT	4/4 / 16 / 16 steps
PF_0116	0.78	2	3	RC_0478	1	IDX_0000267	instant-260/REG_0016.ADT	4/4 / 16 / 16 steps
PF_0117	0.78	2	3	RC_0165	2	IDX_0000268	mididrumfiles-80/FOL_0012.ADT	4/4 / 16 / 16 steps
PF_0117	0.78	2	3	RC_0939	1	IDX_0001138	mididrumfiles-80/FOL_0013.ADT	4/4 / 16 / 16 steps
PF_0118	0.78	2	3	RC_0168	2	IDX_0000277	instant-rap/RAP_0115.ADT	4/4 / 16 / 16 steps
PF_0118	0.78	2	3	RC_1034	1	IDX_0001318	instant-rap/RAP_0113.ADT	4/4 / 16 / 16 steps
PF_0119	0.78	2	2	RC_0481	1	IDX_0000278	instant-rap/RAP_0464.ADT	4/4 / 16 / 16 steps
PF_0119	0.78	2	2	RC_0520	1	IDX_0000349	instant-rap/RAP_0466.ADT	4/4 / 16 / 16 steps
PF_0120	0.78	2	2	RC_0482	1	IDX_0000279	instant-260/REG_0024.ADT	4/4 / 16 / 16 steps
PF_0120	0.78	2	2	RC_0710	1	IDX_0000700	instant-200/REG_0002.ADT	4/4 / 16 / 16 steps
PF_0121	0.78	2	2	RC_0485	1	IDX_0000283	instant-rap/RAP_0336.ADT	4/4 / 16 / 16 steps
PF_0121	0.78	2	2	RC_0842	1	IDX_0000955	instant-rap/RAP_0336.ADT	4/4 / 16 / 16 steps
PF_0122	0.78	2	2	RC_0490	1	IDX_0000292	instant-rap/RAP_0431.ADT	4/4 / 16 / 16 steps
PF_0122	0.78	2	2	RC_1204	1	IDX_0001622	instant-rap/RAP_0415.ADT	4/4 / 16 / 16 steps
PF_0123	0.78	2	3	RC_0173	2	IDX_0000295	instant-rap/RAP_0296.ADT	4/4 / 16 / 16 steps
PF_0123	0.78	2	3	RC_0511	1	IDX_0000340	instant-rap/RAP_0092.ADT	4/4 / 16 / 16 steps
PF_0124	0.78	2	3	RC_0175	2	IDX_0000298	instant-rap/RAP_0380.ADT	4/4 / 16 / 16 steps
PF_0124	0.78	2	3	RC_0743	1	IDX_0000761	instant-rap/RAP_0377.ADT	4/4 / 16 / 16 steps
PF_0125	0.78	2	2	RC_0493	1	IDX_0000306	instant-rap/RAP_0355.ADT	4/4 / 16 / 16 steps
PF_0125	0.78	2	2	RC_0618	1	IDX_0000525	instant-rap/RAP_0363.ADT	4/4 / 16 / 16 steps
PF_0126	0.78	2	2	RC_0499	1	IDX_0000315	instant-rap/RAP_0158.ADT	4/4 / 16 / 16 steps
PF_0126	0.78	2	2	RC_0643	1	IDX_0000576	instant-rap/RAP_0168.ADT	4/4 / 16 / 16 steps
PF_0127	0.78	2	2	RC_0503	1	IDX_0000320	mididrumfiles-80/CON_0047.ADT	4/4 / 16 / 16 steps
PF_0127	0.78	2	2	RC_0656	1	IDX_0000605	mididrumfiles-80/CON_0045.ADT	4/4 / 16 / 16 steps
PF_0128	0.78	2	3	RC_0187	2	IDX_0000371	instant-rap/RAP_0095.ADT	4/4 / 16 / 16 steps
PF_0128	0.78	2	3	RC_0505	1	IDX_0000326	instant-rap/RAP_0100.ADT	4/4 / 16 / 16 steps
PF_0129	0.78	2	3	RC_0180	2	IDX_0000329	instant-rap/RAP_0346.ADT	4/4 / 16 / 16 steps
PF_0129	0.78	2	3	RC_0659	1	IDX_0000611	instant-rap/RAP_0342.ADT	4/4 / 16 / 16 steps
PF_0130	0.78	2	2	RC_0508	1	IDX_0000332	instant-rap/RAP_0015.ADT	4/4 / 16 / 16 steps
PF_0130	0.78	2	2	RC_0668	1	IDX_0000631	instant-rap/RAP_0284.ADT	4/4 / 16 / 16 steps
PF_0131	0.78	2	2	RC_0514	1	IDX_0000343	instant-rap/RAP_0315.ADT	4/4 / 16 / 16 steps
PF_0131	0.78	2	2	RC_1173	1	IDX_0001565	instant-rap/RAP_0178.ADT	4/4 / 16 / 16 steps
PF_0132	0.78	2	2	RC_0522	1	IDX_0000351	instant-rap/RAP_0008.ADT	4/4 / 16 / 16 steps
PF_0132	0.78	2	2	RC_0973	1	IDX_0001204	instant-rap/RAP_0006.ADT	4/4 / 16 / 16 steps
PF_0133	0.78	2	4	RC_0048	3	IDX_0000368	instant-rap/RAP_0283.ADT	4/4 / 16 / 16 steps
PF_0133	0.78	2	4	RC_0820	1	IDX_0000906	instant-rap/RAP_0247.ADT	4/4 / 16 / 16 steps
PF_0134	0.78	2	2	RC_0533	1	IDX_0000375	instant-rap/RAP_0301.ADT	4/4 / 16 / 16 steps
PF_0134	0.78	2	2	RC_1252	1	IDX_0001704	instant-rap/RAP_0301.ADT	4/4 / 16 / 16 steps
PF_0135	0.78	2	4	RC_0089	3	IDX_0001769	instant-200/FNK_0034.ADT	4/4 / 16 / 16 steps
PF_0135	0.78	2	4	RC_0547	1	IDX_0000399	instant-200/LAT_0007.ADT	4/4 / 16 / 16 steps
PF_0136	0.78	2	4	RC_0050	3	IDX_0000403	mididrumfiles-80/FOL_0014.ADT	4/4 / 16 / 16 steps
PF_0136	0.78	2	4	RC_0700	1	IDX_0000686	mididrumfiles-80/FOL_0015.ADT	4/4 / 16 / 16 steps
PF_0137	0.78	2	2	RC_0550	1	IDX_0000404	instant-rap/RAP_0332.ADT	4/4 / 16 / 16 steps
PF_0137	0.78	2	2	RC_1083	1	IDX_0001402	instant-rap/RAP_0318.ADT	4/4 / 16 / 16 steps
PF_0138	0.78	2	3	RC_0194	2	IDX_0000415	mididrumfiles-80/ETH_0016.ADT	4/4 / 16 / 16 steps
PF_0138	0.78	2	3	RC_1185	1	IDX_0001587	mididrumfiles-80/ETH_0015.ADT	4/4 / 16 / 16 steps
PF_0139	0.78	2	2	RC_0556	1	IDX_0000417	instant-260/FNK_0043.ADT	4/4 / 16 / 16 steps
PF_0139	0.78	2	2	RC_1211	1	IDX_0001631	instant-260/RCK_0024.ADT	4/4 / 16 / 16 steps
PF_0140	0.78	2	2	RC_0557	1	IDX_0000419	instant-200/RCK_0012.ADT	4/4 / 16 / 16 steps
PF_0140	0.78	2	2	RC_1100	1	IDX_0001431	instant-200/POP_0015.ADT	4/4 / 16 / 16 steps
PF_0141	0.78	2	3	RC_0197	2	IDX_0000423	instant-260/RNB_0021.ADT	4/4 / 16 / 16 steps
PF_0141	0.78	2	3	RC_0587	1	IDX_0000467	instant-200/RNB_0008.ADT	4/4 / 16 / 16 steps
PF_0142	0.78	2	2	RC_0566	1	IDX_0000436	mididrumfiles-80/CON_0006.ADT	4/4 / 16 / 16 steps
PF_0142	0.78	2	2	RC_0978	1	IDX_0001212	mididrumfiles-80/CON_0005.ADT	4/4 / 16 / 16 steps
PF_0143	0.78	2	2	RC_0570	1	IDX_0000441	instant-rap/RAP_0278.ADT	4/4 / 16 / 16 steps
PF_0143	0.78	2	2	RC_1086	1	IDX_0001410	instant-rap/RAP_0242.ADT	4/4 / 16 / 16 steps
PF_0144	0.78	2	2	RC_0572	1	IDX_0000446	instant-260/SMB_0009.ADT	4/4 / 16 / 16 steps
PF_0144	0.78	2	2	RC_1029	1	IDX_0001307	instant-260/BNV_0006.ADT	4/4 / 16 / 16 steps
PF_0145	0.78	2	6	RC_0021	4	IDX_0000449	mididrumfiles-80/LAT_0026.ADT	4/4 / 16 / 16 steps
PF_0145	0.78	2	6	RC_0230	2	IDX_0000619	mididrumfiles-80/LAT_0043.ADT	4/4 / 16 / 16 steps
PF_0146	0.78	2	2	RC_0586	1	IDX_0000465	instant-rap/RAP_0452.ADT	4/4 / 16 / 16 steps
PF_0146	0.78	2	2	RC_1235	1	IDX_0001678	instant-rap/RAP_0456.ADT	4/4 / 16 / 16 steps
PF_0147	0.78	2	3	RC_0305	2	IDX_0001082	instant-rap/RAP_0360.ADT	4/4 / 16 / 16 steps
PF_0147	0.78	2	3	RC_0596	1	IDX_0000488	instant-rap/RAP_0352.ADT	4/4 / 16 / 16 steps
PF_0148	0.78	2	3	RC_0291	2	IDX_0001033	mididrumfiles-80/CON_0046.ADT	4/4 / 16 / 16 steps
PF_0148	0.78	2	3	RC_0602	1	IDX_0000498	mididrumfiles-80/CON_0044.ADT	4/4 / 16 / 16 steps
PF_0149	0.78	2	2	RC_0603	1	IDX_0000501	instant-rap/RAP_0381.ADT	4/4 / 16 / 16 steps
PF_0149	0.78	2	2	RC_0738	1	IDX_0000754	instant-rap/RAP_0397.ADT	4/4 / 16 / 16 steps
PF_0150	0.78	2	2	RC_0604	1	IDX_0000503	instant-200/REG_0013.ADT	4/4 / 16 / 16 steps
PF_0150	0.78	2	2	RC_0628	1	IDX_0000540	instant-260/DSC_0002.ADT	4/4 / 16 / 16 steps
PF_0151	0.78	2	2	RC_0609	1	IDX_0000508	instant-rap/RAP_0176.ADT	4/4 / 16 / 16 steps
PF_0151	0.78	2	2	RC_0905	1	IDX_0001075	instant-rap/RAP_0173.ADT	4/4 / 16 / 16 steps
PF_0152	0.78	2	2	RC_0610	1	IDX_0000509	instant-rap/RAP_0304.ADT	4/4 / 16 / 16 steps
PF_0152	0.78	2	2	RC_0953	1	IDX_0001163	instant-rap/RAP_0304.ADT	4/4 / 16 / 16 steps
PF_0153	0.78	2	2	RC_0612	1	IDX_0000512	instant-260/FNK_0060.ADT	4/4 / 16 / 16 steps
PF_0153	0.78	2	2	RC_1055	1	IDX_0001357	instant-260/RCK_0036.ADT	4/4 / 16 / 16 steps
PF_0154	0.78	2	5	RC_0054	3	IDX_0000556	instant-rap/RAP_0026.ADT	4/4 / 16 / 16 steps
PF_0154	0.78	2	5	RC_0212	2	IDX_0000519	instant-rap/RAP_0365.ADT	4/4 / 16 / 16 steps
PF_0155	0.78	2	4	RC_0213	2	IDX_0000524	instant-rap/RAP_0110.ADT	4/4 / 16 / 16 steps
PF_0155	0.78	2	4	RC_0219	2	IDX_0000560	instant-rap/RAP_0116.ADT	4/4 / 16 / 16 steps
PF_0156	0.78	2	3	RC_0215	2	IDX_0000531	instant-260/MCH_0001.ADT	4/4 / 16 / 16 steps
PF_0156	0.78	2	3	RC_0749	1	IDX_0000777	instant-260/AFC_0020.ADT	4/4 / 16 / 16 steps
PF_0157	0.78	2	2	RC_0630	1	IDX_0000543	instant-260/RCK_0039.ADT	4/4 / 16 / 16 steps
PF_0157	0.78	2	2	RC_1273	1	IDX_0001733	instant-260/POP_0027.ADT	4/4 / 16 / 16 steps
PF_0158	0.78	2	2	RC_0633	1	IDX_0000550	instant-rap/RAP_0298.ADT	4/4 / 16 / 16 steps
PF_0158	0.78	2	2	RC_0979	1	IDX_0001213	instant-rap/RAP_0128.ADT	4/4 / 16 / 16 steps
PF_0159	0.78	2	4	RC_0055	3	IDX_0000559	mididrumfiles-80/CON_0048.ADT	4/4 / 16 / 16 steps
PF_0159	0.78	2	4	RC_0665	1	IDX_0000622	mididrumfiles-80/CON_0049.ADT	4/4 / 16 / 16 steps
PF_0160	0.78	2	3	RC_0220	2	IDX_0000561	instant-rap/RAP_0185.ADT	4/4 / 16 / 16 steps
PF_0160	0.78	2	3	RC_1130	1	IDX_0001488	instant-rap/RAP_0348.ADT	4/4 / 16 / 16 steps
PF_0161	0.78	2	3	RC_0221	2	IDX_0000566	instant-rap/RAP_0045.ADT	4/4 / 16 / 16 steps
PF_0161	0.78	2	3	RC_0721	1	IDX_0000717	instant-rap/RAP_0423.ADT	4/4 / 16 / 16 steps
PF_0162	0.78	2	5	RC_0056	3	IDX_0000572	instant-rap/RAP_0026.ADT	4/4 / 16 / 16 steps
PF_0162	0.78	2	5	RC_0262	2	IDX_0000830	instant-rap/RAP_0369.ADT	4/4 / 16 / 16 steps
PF_0163	0.78	2	2	RC_0647	1	IDX_0000585	instant-rap/RAP_0369.ADT	4/4 / 16 / 16 steps
PF_0163	0.78	2	2	RC_1164	1	IDX_0001548	instant-rap/RAP_0233.ADT	4/4 / 16 / 16 steps
PF_0164	0.78	2	8	RC_0022	4	IDX_0000588	mididrumfiles-80/LAT_0046.ADT	4/4 / 16 / 16 steps
PF_0164	0.78	2	8	RC_0026	4	IDX_0000816	mididrumfiles-80/LAT_0049.ADT	4/4 / 16 / 16 steps
PF_0165	0.78	2	2	RC_0648	1	IDX_0000589	instant-rap/RAP_0094.ADT	4/4 / 16 / 16 steps
PF_0165	0.78	2	2	RC_1056	1	IDX_0001358	instant-rap/RAP_0082.ADT	4/4 / 16 / 16 steps
PF_0166	0.78	2	2	RC_0650	1	IDX_0000593	instant-260/BNV_0003.ADT	4/4 / 16 / 16 steps
PF_0166	0.78	2	2	RC_0653	1	IDX_0000600	instant-260/BNV_0002.ADT	4/4 / 16 / 16 steps
PF_0167	0.78	2	2	RC_0652	1	IDX_0000596	instant-200/DRM_0001.ADT	4/4 / 16 / 16 steps
PF_0167	0.78	2	2	RC_0926	1	IDX_0001114	instant-200/DRM_0002.ADT	4/4 / 16 / 16 steps
PF_0168	0.78	2	5	RC_0029	4	IDX_0001162	mididrumfiles-80/CON_0020.ADT	4/4 / 16 / 16 steps
PF_0168	0.78	2	5	RC_0654	1	IDX_0000602	mididrumfiles-80/CON_0021.ADT	4/4 / 16 / 16 steps
PF_0169	0.78	2	3	RC_0229	2	IDX_0000610	instant-rap/RAP_0016.ADT	4/4 / 16 / 16 steps
PF_0169	0.78	2	3	RC_0955	1	IDX_0001165	instant-rap/RAP_0081.ADT	4/4 / 16 / 16 steps
PF_0170	0.78	2	2	RC_0660	1	IDX_0000612	instant-200/FNK_0017.ADT	4/4 / 16 / 16 steps
PF_0170	0.78	2	2	RC_0777	1	IDX_0000824	instant-200/FNK_0016.ADT	4/4 / 16 / 16 steps
PF_0171	0.78	2	2	RC_0664	1	IDX_0000618	instant-200/LAT_0005.ADT	4/4 / 16 / 16 steps
PF_0171	0.78	2	2	RC_1224	1	IDX_0001656	instant-200/LAT_0004.ADT	4/4 / 16 / 16 steps
PF_0172	0.78	2	2	RC_0666	1	IDX_0000625	mididrumfiles-80/FOL_0025.ADT	4/4 / 16 / 16 steps
PF_0172	0.78	2	2	RC_0733	1	IDX_0000739	mididrumfiles-80/FOL_0026.ADT	4/4 / 16 / 16 steps
PF_0173	0.78	2	4	RC_0235	2	IDX_0000642	mididrumfiles-80/FOL_0021.ADT	4/4 / 16 / 16 steps
PF_0173	0.78	2	4	RC_0275	2	IDX_0000900	mididrumfiles-80/FOL_0017.ADT	4/4 / 16 / 16 steps
PF_0174	0.78	2	2	RC_0677	1	IDX_0000649	instant-rap/RAP_0219.ADT	4/4 / 16 / 16 steps
PF_0174	0.78	2	2	RC_1183	1	IDX_0001582	instant-200/FNK_0005.ADT	4/4 / 16 / 16 steps
PF_0175	0.78	2	2	RC_0678	1	IDX_0000650	instant-rap/RAP_0189.ADT	4/4 / 16 / 16 steps
PF_0175	0.78	2	2	RC_0848	1	IDX_0000965	instant-rap/RAP_0193.ADT	4/4 / 16 / 16 steps
PF_0176	0.78	2	2	RC_0684	1	IDX_0000656	instant-rap/RAP_0420.ADT	4/4 / 16 / 16 steps
PF_0176	0.78	2	2	RC_1195	1	IDX_0001602	instant-200/FNK_0020.ADT	4/4 / 16 / 16 steps
PF_0177	0.78	2	2	RC_0686	1	IDX_0000658	instant-260/AFC_0018.ADT	4/4 / 16 / 16 steps
PF_0177	0.78	2	2	RC_0805	1	IDX_0000885	instant-260/AFC_0017.ADT	4/4 / 16 / 16 steps
PF_0178	0.78	2	2	RC_0694	1	IDX_0000673	instant-260/PSD_0003.ADT	4/4 / 16 / 16 steps
PF_0178	0.78	2	2	RC_1262	1	IDX_0001716	instant-260/MCH_0004.ADT	4/4 / 16 / 16 steps
PF_0179	0.78	2	2	RC_0701	1	IDX_0000687	instant-rap/RAP_0313.ADT	4/4 / 16 / 16 steps
PF_0179	0.78	2	2	RC_0989	1	IDX_0001228	instant-rap/RAP_0177.ADT	4/4 / 16 / 16 steps
PF_0180	0.78	2	2	RC_0709	1	IDX_0000698	instant-rap/RAP_0319.ADT	4/4 / 16 / 16 steps
PF_0180	0.78	2	2	RC_1218	1	IDX_0001646	instant-rap/RAP_0327.ADT	4/4 / 16 / 16 steps
PF_0181	0.78	2	2	RC_0713	1	IDX_0000703	instant-rap/RAP_0100.ADT	4/4 / 16 / 16 steps
PF_0181	0.78	2	2	RC_1280	1	IDX_0001744	instant-rap/RAP_0095.ADT	4/4 / 16 / 16 steps
PF_0182	0.78	2	3	RC_0257	2	IDX_0000775	instant-rap/RAP_0218.ADT	4/4 / 16 / 16 steps
PF_0182	0.78	2	3	RC_0723	1	IDX_0000719	instant-rap/RAP_0215.ADT	4/4 / 16 / 16 steps
PF_0183	0.78	2	2	RC_0725	1	IDX_0000726	instant-rap/RAP_0252.ADT	4/4 / 16 / 16 steps
PF_0183	0.78	2	2	RC_1251	1	IDX_0001703	instant-rap/RAP_0249.ADT	4/4 / 16 / 16 steps
PF_0184	0.78	2	2	RC_0731	1	IDX_0000735	instant-260/SLW_0010.ADT	4/4 / 16 / 16 steps
PF_0184	0.78	2	2	RC_1167	1	IDX_0001554	instant-260/DSC_0011.ADT	4/4 / 16 / 16 steps
PF_0185	0.78	2	5	RC_0023	4	IDX_0000745	mididrumfiles-80/CON_0043.ADT	4/4 / 16 / 16 steps
PF_0185	0.78	2	5	RC_0988	1	IDX_0001227	mididrumfiles-80/FOL_0023.ADT	4/4 / 16 / 16 steps
PF_0186	0.78	2	2	RC_0737	1	IDX_0000753	instant-260/SMB_0005.ADT	4/4 / 16 / 16 steps
PF_0186	0.78	2	2	RC_1095	1	IDX_0001426	instant-260/SMB_0006.ADT	4/4 / 16 / 16 steps
PF_0187	0.78	2	2	RC_0739	1	IDX_0000756	instant-rap/RAP_0065.ADT	4/4 / 16 / 16 steps
PF_0187	0.78	2	2	RC_1001	1	IDX_0001253	instant-rap/RAP_0167.ADT	4/4 / 16 / 16 steps
PF_0188	0.78	2	3	RC_0254	2	IDX_0000765	instant-rap/RAP_0265.ADT	4/4 / 16 / 16 steps
PF_0188	0.78	2	3	RC_0961	1	IDX_0001175	instant-rap/RAP_0294.ADT	4/4 / 16 / 16 steps
PF_0189	0.78	2	2	RC_0745	1	IDX_0000766	instant-rap/RAP_0066.ADT	4/4 / 16 / 16 steps
PF_0189	0.78	2	2	RC_0788	1	IDX_0000848	instant-rap/RAP_0066.ADT	4/4 / 16 / 16 steps
PF_0190	0.78	2	2	RC_0748	1	IDX_0000776	instant-rap/RAP_0151.ADT	4/4 / 16 / 16 steps
PF_0190	0.78	2	2	RC_0894	1	IDX_0001038	instant-rap/RAP_0159.ADT	4/4 / 16 / 16 steps
PF_0191	0.78	2	3	RC_0284	2	IDX_0000962	instant-200/DRM_0005.ADT	4/4 / 16 / 16 steps
PF_0191	0.78	2	3	RC_0754	1	IDX_0000783	instant-200/LAT_0010.ADT	4/4 / 16 / 16 steps
PF_0192	0.78	2	3	RC_0260	2	IDX_0000818	instant-rap/RAP_0086.ADT	4/4 / 16 / 16 steps
PF_0192	0.78	2	3	RC_0981	1	IDX_0001215	mididrumfiles-80/CON_0030.ADT	4/4 / 16 / 16 steps
PF_0193	0.78	2	4	RC_0068	3	IDX_0000968	instant-260/SMB_0001.ADT	4/4 / 16 / 16 steps
PF_0193	0.78	2	4	RC_0787	1	IDX_0000844	instant-260/SMB_0004.ADT	4/4 / 16 / 16 steps
PF_0194	0.78	2	3	RC_0268	2	IDX_0000857	instant-200/FNK_0031.ADT	4/4 / 16 / 16 steps
PF_0194	0.78	2	3	RC_1020	1	IDX_0001285	instant-260/RCK_0028.ADT	4/4 / 16 / 16 steps
PF_0195	0.78	2	4	RC_0271	2	IDX_0000862	instant-rap/RAP_0077.ADT	4/4 / 16 / 16 steps
PF_0195	0.78	2	4	RC_0312	2	IDX_0001128	instant-rap/RAP_0078.ADT	4/4 / 16 / 16 steps
PF_0196	0.78	2	2	RC_0806	1	IDX_0000887	instant-260/FNK_0071.ADT	4/4 / 16 / 16 steps
PF_0196	0.78	2	2	RC_1299	1	IDX_0001779	instant-260/FNK_0072.ADT	4/4 / 16 / 16 steps
PF_0197	0.78	2	3	RC_0306	2	IDX_0001086	instant-260/LAT_0017.ADT	4/4 / 16 / 16 steps
PF_0197	0.78	2	3	RC_0808	1	IDX_0000889	instant-260/LAT_0016.ADT	4/4 / 16 / 16 steps
PF_0198	0.78	2	2	RC_0824	1	IDX_0000914	instant-rap/RAP_0331.ADT	4/4 / 16 / 16 steps
PF_0198	0.78	2	2	RC_0845	1	IDX_0000961	instant-rap/RAP_0195.ADT	4/4 / 16 / 16 steps
PF_0199	0.78	2	2	RC_0826	1	IDX_0000917	instant-rap/RAP_0023.ADT	4/4 / 16 / 16 steps
PF_0199	0.78	2	2	RC_1022	1	IDX_0001291	instant-rap/RAP_0125.ADT	4/4 / 16 / 16 steps
PF_0200	0.78	2	3	RC_0280	2	IDX_0000938	instant-rap/RAP_0334.ADT	4/4 / 16 / 16 steps
PF_0200	0.78	2	3	RC_0972	1	IDX_0001203	instant-rap/RAP_0164.ADT	4/4 / 16 / 16 steps
PF_0201	0.78	2	2	RC_0836	1	IDX_0000942	instant-rap/RAP_0103.ADT	4/4 / 16 / 16 steps
PF_0201	0.78	2	2	RC_1072	1	IDX_0001381	instant-rap/RAP_0106.ADT	4/4 / 16 / 16 steps
PF_0202	0.78	2	2	RC_0840	1	IDX_0000951	instant-260/TWT_0004.ADT	4/4 / 16 / 16 steps
PF_0202	0.78	2	2	RC_0925	1	IDX_0001113	instant-260/RCK_0031.ADT	4/4 / 16 / 16 steps
PF_0203	0.78	2	3	RC_0283	2	IDX_0000958	instant-rap/RAP_0437.ADT	4/4 / 16 / 16 steps
PF_0203	0.78	2	3	RC_0883	1	IDX_0001012	instant-rap/RAP_0439.ADT	4/4 / 16 / 16 steps
PF_0204	0.78	2	2	RC_0851	1	IDX_0000970	instant-200/FNK_0014.ADT	4/4 / 16 / 16 steps
PF_0204	0.78	2	2	RC_1188	1	IDX_0001591	instant-rap/RAP_0295.ADT	4/4 / 16 / 16 steps
PF_0205	0.78	2	4	RC_0086	3	IDX_0001585	instant-rap/RAP_0144.ADT	4/4 / 16 / 16 steps
PF_0205	0.78	2	4	RC_0863	1	IDX_0000987	instant-rap/RAP_0146.ADT	4/4 / 16 / 16 steps
PF_0206	0.78	2	3	RC_0290	2	IDX_0001031	instant-200/AFC_0012.ADT	4/4 / 16 / 16 steps
PF_0206	0.78	2	3	RC_0867	1	IDX_0000992	instant-200/AFC_0005.ADT	4/4 / 16 / 16 steps
PF_0207	0.78	2	4	RC_0070	3	IDX_0001064	mididrumfiles-80/CON_0026.ADT	4/4 / 16 / 16 steps
PF_0207	0.78	2	4	RC_1293	1	IDX_0001767	mididrumfiles-80/CON_0027.ADT	4/4 / 16 / 16 steps
PF_0208	0.78	2	3	RC_0307	2	IDX_0001089	mididrumfiles-80/RCK_0052.ADT	4/4 / 16 / 16 steps
PF_0208	0.78	2	3	RC_1257	1	IDX_0001711	instant-200/FNK_0001.ADT	4/4 / 16 / 16 steps
PF_0209	0.78	2	2	RC_0920	1	IDX_0001103	instant-rap/RAP_0264.ADT	4/4 / 16 / 16 steps
PF_0209	0.78	2	2	RC_1162	1	IDX_0001546	instant-rap/RAP_0366.ADT	4/4 / 16 / 16 steps
PF_0210	0.78	2	4	RC_0088	3	IDX_0001691	mididrumfiles-80/CON_0007.ADT	4/4 / 16 / 16 steps
PF_0210	0.78	2	4	RC_0931	1	IDX_0001120	mididrumfiles-80/CON_0004.ADT	4/4 / 16 / 16 steps
PF_0211	0.78	2	2	RC_0942	1	IDX_0001142	instant-rap/RAP_0368.ADT	4/4 / 16 / 16 steps
PF_0211	0.78	2	2	RC_1220	1	IDX_0001650	instant-rap/RAP_0368.ADT	4/4 / 16 / 16 steps
PF_0212	0.78	2	8	RC_0003	7	IDX_0001238	mididrumfiles-80/CON_0033.ADT	4/4 / 16 / 16 steps
PF_0212	0.78	2	8	RC_1240	1	IDX_0001685	mididrumfiles-80/CON_0032.ADT	4/4 / 16 / 16 steps
PF_0213	0.78	2	2	RC_0996	1	IDX_0001244	instant-260/CHS_0001.ADT	4/4 / 16 / 16 steps
PF_0213	0.78	2	2	RC_1226	1	IDX_0001659	instant-260/BOG_0002.ADT	4/4 / 16 / 16 steps
PF_0214	0.78	2	2	RC_1009	1	IDX_0001265	instant-260/SKA_0004.ADT	4/4 / 16 / 16 steps
PF_0214	0.78	2	2	RC_1184	1	IDX_0001583	instant-260/TWT_0005.ADT	4/4 / 16 / 16 steps
PF_0215	0.78	2	2	RC_1023	1	IDX_0001293	instant-rap/RAP_0466.ADT	4/4 / 16 / 16 steps
PF_0215	0.78	2	2	RC_1096	1	IDX_0001427	instant-rap/RAP_0464.ADT	4/4 / 16 / 16 steps
PF_0216	0.78	2	6	RC_0076	3	IDX_0001330	mididrumfiles-80/CON_0053.ADT	4/4 / 16 / 16 steps
PF_0216	0.78	2	6	RC_0085	3	IDX_0001559	mididrumfiles-80/CON_0054.ADT	4/4 / 16 / 16 steps
PF_0217	0.78	2	2	RC_1040	1	IDX_0001331	instant-rap/RAP_0321.ADT	4/4 / 16 / 16 steps
PF_0217	0.78	2	2	RC_1203	1	IDX_0001621	instant-rap/RAP_0329.ADT	4/4 / 16 / 16 steps
PF_0218	0.78	2	2	RC_1041	1	IDX_0001334	instant-200/FNK_0013.ADT	4/4 / 16 / 16 steps
PF_0218	0.78	2	2	RC_1281	1	IDX_0001745	instant-200/FNK_0011.ADT	4/4 / 16 / 16 steps
PF_0219	0.78	2	3	RC_0325	2	IDX_0001423	mididrumfiles-80/FOL_0009.ADT	4/4 / 16 / 16 steps
PF_0219	0.78	2	3	RC_1047	1	IDX_0001344	mididrumfiles-80/FOL_0004.ADT	4/4 / 16 / 16 steps
PF_0220	0.78	2	2	RC_1061	1	IDX_0001365	instant-rap/RAP_0027.ADT	4/4 / 16 / 16 steps
PF_0220	0.78	2	2	RC_1098	1	IDX_0001429	instant-rap/RAP_0094.ADT	4/4 / 16 / 16 steps
PF_0221	0.78	2	2	RC_1068	1	IDX_0001374	instant-rap/RAP_0262.ADT	4/4 / 16 / 16 steps
PF_0221	0.78	2	2	RC_1276	1	IDX_0001737	instant-rap/RAP_0262.ADT	4/4 / 16 / 16 steps
PF_0222	0.78	2	2	RC_1075	1	IDX_0001386	instant-rap/RAP_0261.ADT	4/4 / 16 / 16 steps
PF_0222	0.78	2	2	RC_1091	1	IDX_0001421	instant-rap/RAP_0257.ADT	4/4 / 16 / 16 steps
PF_0223	0.78	2	2	RC_1104	1	IDX_0001437	instant-260/FNK_0069.ADT	4/4 / 16 / 16 steps
PF_0223	0.78	2	2	RC_1255	1	IDX_0001708	instant-260/FNK_0058.ADT	4/4 / 16 / 16 steps
PF_0224	0.78	2	2	RC_1138	1	IDX_0001500	instant-rap/RAP_0303.ADT	4/4 / 16 / 16 steps
PF_0224	0.78	2	2	RC_1170	1	IDX_0001558	instant-rap/RAP_0303.ADT	4/4 / 16 / 16 steps
PF_0225	0.78	2	4	RC_0083	3	IDX_0001511	mididrumfiles-80/LAT_0055.ADT	4/4 / 16 / 16 steps
PF_0225	0.78	2	4	RC_1279	1	IDX_0001742	mididrumfiles-80/LAT_0056.ADT	4/4 / 16 / 16 steps
PF_0226	0.78	2	4	RC_0084	3	IDX_0001524	mididrumfiles-80/RCK_0070.ADT	4/4 / 16 / 16 steps
PF_0226	0.78	2	4	RC_1256	1	IDX_0001709	mididrumfiles-80/RCK_0070.ADT	4/4 / 16 / 16 steps
PF_0227	0.78	2	2	RC_1150	1	IDX_0001526	instant-rap/RAP_0350.ADT	4/4 / 16 / 16 steps
PF_0227	0.78	2	2	RC_1285	1	IDX_0001752	instant-rap/RAP_0358.ADT	4/4 / 16 / 16 steps
PF_0228	0.78	2	2	RC_1152	1	IDX_0001528	instant-rap/RAP_0268.ADT	4/4 / 16 / 16 steps
PF_0228	0.78	2	2	RC_1301	1	IDX_0001783	instant-rap/RAP_0268.ADT	4/4 / 16 / 16 steps
PF_0229	0.78	2	2	RC_1199	1	IDX_0001608	instant-rap/RAP_0184.ADT	4/4 / 16 / 16 steps
PF_0229	0.78	2	2	RC_1244	1	IDX_0001693	instant-rap/RAP_0191.ADT	4/4 / 16 / 16 steps
PF_0230	0.78	2	2	RC_1206	1	IDX_0001625	instant-rap/RAP_0353.ADT	4/4 / 16 / 16 steps
PF_0230	0.78	2	2	RC_1247	1	IDX_0001697	instant-rap/RAP_0361.ADT	4/4 / 16 / 16 steps
PF_0231	0.78	2	2	RC_1242	1	IDX_0001689	instant-rap/RAP_0328.ADT	4/4 / 16 / 16 steps
PF_0231	0.78	2	2	RC_1296	1	IDX_0001773	instant-rap/RAP_0325.ADT	4/4 / 16 / 16 steps
PF_0232	0.78	1	2	RC_0091	2	IDX_0000004	mididrumfiles-80/RCK_0061.ADT	4/4 / 16 / 16 steps
PF_0233	0.78	1	1	RC_0340	1	IDX_0000007	instant-260/BNV_0007.ADT	4/4 / 16 / 16 steps
PF_0234	0.78	1	1	RC_0344	1	IDX_0000026	instant-200/BAL_0015.ADT	4/4 / 16 / 16 steps
PF_0235	0.78	1	1	RC_0346	1	IDX_0000029	instant-rap/RAP_0049.ADT	4/4 / 16 / 16 steps
PF_0236	0.78	1	1	RC_0352	1	IDX_0000039	instant-rap/RAP_0134.ADT	4/4 / 16 / 16 steps
PF_0237	0.78	1	2	RC_0105	2	IDX_0000040	instant-260/PSD_0001.ADT	4/4 / 16 / 16 steps
PF_0238	0.78	1	1	RC_0353	1	IDX_0000041	instant-rap/RAP_0098.ADT	4/4 / 16 / 16 steps
PF_0239	0.78	1	1	RC_0359	1	IDX_0000051	instant-200/RNB_0006.ADT	4/4 / 16 / 16 steps
PF_0240	0.78	1	1	RC_0361	1	IDX_0000054	instant-rap/RAP_0012.ADT	4/4 / 16 / 16 steps
PF_0241	0.78	1	1	RC_0366	1	IDX_0000061	mididrumfiles-80/CON_0037.ADT	4/4 / 16 / 16 steps
PF_0242	0.78	1	1	RC_0367	1	IDX_0000063	instant-260/SLW_0015.ADT	4/4 / 16 / 16 steps
PF_0243	0.78	1	1	RC_0368	1	IDX_0000065	instant-200/DRM_0014.ADT	4/4 / 16 / 16 steps
PF_0244	0.78	1	1	RC_0369	1	IDX_0000066	instant-200/AFC_0014.ADT	4/4 / 16 / 16 steps
PF_0245	0.78	1	2	RC_0111	2	IDX_0000067	instant-rap/RAP_0063.ADT	4/4 / 16 / 16 steps
PF_0246	0.78	1	1	RC_0370	1	IDX_0000071	mididrumfiles-80/CON_0002.ADT	4/4 / 16 / 16 steps
PF_0247	0.78	1	1	RC_0375	1	IDX_0000077	instant-200/BAL_0007.ADT	4/4 / 16 / 16 steps
PF_0248	0.78	1	1	RC_0376	1	IDX_0000079	instant-260/DSC_0018.ADT	4/4 / 16 / 16 steps
PF_0249	0.78	1	1	RC_0379	1	IDX_0000085	instant-260/RCK_0037.ADT	4/4 / 16 / 16 steps
PF_0250	0.78	1	2	RC_0117	2	IDX_0000089	mididrumfiles-80/FOL_0016.ADT	4/4 / 16 / 16 steps
PF_0251	0.78	1	1	RC_0383	1	IDX_0000090	instant-200/POP_0003.ADT	4/4 / 16 / 16 steps
PF_0252	0.78	1	1	RC_0385	1	IDX_0000093	instant-260/FNK_0050.ADT	4/4 / 16 / 16 steps
PF_0253	0.78	1	1	RC_0386	1	IDX_0000096	instant-260/RNB_0031.ADT	4/4 / 16 / 16 steps
PF_0254	0.78	1	1	RC_0387	1	IDX_0000098	instant-rap/RAP_0128.ADT	4/4 / 16 / 16 steps
PF_0255	0.78	1	1	RC_0393	1	IDX_0000109	instant-260/REG_0027.ADT	4/4 / 16 / 16 steps
PF_0256	0.78	1	1	RC_0394	1	IDX_0000110	instant-200/RNB_0003.ADT	4/4 / 16 / 16 steps
PF_0257	0.78	1	1	RC_0397	1	IDX_0000113	instant-rap/RAP_0092.ADT	4/4 / 16 / 16 steps
PF_0258	0.78	1	2	RC_0124	2	IDX_0000120	mididrumfiles-80/LAT_0022.ADT	4/4 / 16 / 16 steps
PF_0259	0.78	1	1	RC_0406	1	IDX_0000132	instant-260/FNK_0047.ADT	4/4 / 16 / 16 steps
PF_0260	0.78	1	2	RC_0128	2	IDX_0000133	instant-200/REG_0004.ADT	4/4 / 16 / 16 steps
PF_0261	0.78	1	1	RC_0408	1	IDX_0000137	instant-rap/RAP_0027.ADT	4/4 / 16 / 16 steps
PF_0262	0.78	1	1	RC_0415	1	IDX_0000151	instant-260/SLW_0017.ADT	4/4 / 16 / 16 steps
PF_0263	0.78	1	2	RC_0135	2	IDX_0000155	mididrumfiles-80/RCK_0057.ADT	4/4 / 16 / 16 steps
PF_0264	0.78	1	1	RC_0419	1	IDX_0000158	instant-260/REG_0032.ADT	4/4 / 16 / 16 steps
PF_0265	0.78	1	2	RC_0141	2	IDX_0000164	instant-rap/RAP_0370.ADT	4/4 / 16 / 16 steps
PF_0266	0.78	1	2	RC_0142	2	IDX_0000165	instant-200/FNK_0023.ADT	4/4 / 16 / 16 steps
PF_0267	0.78	1	1	RC_0427	1	IDX_0000181	instant-rap/RAP_0202.ADT	4/4 / 16 / 16 steps
PF_0268	0.78	1	1	RC_0428	1	IDX_0000182	instant-260/FNK_0061.ADT	4/4 / 16 / 16 steps
PF_0269	0.78	1	2	RC_0151	2	IDX_0000184	instant-260/BNV_0004.ADT	4/4 / 16 / 16 steps
PF_0270	0.78	1	1	RC_0435	1	IDX_0000191	instant-260/DSC_0012.ADT	4/4 / 16 / 16 steps
PF_0271	0.78	1	1	RC_0437	1	IDX_0000193	instant-rap/RAP_0230.ADT	4/4 / 16 / 16 steps
PF_0272	0.78	1	1	RC_0439	1	IDX_0000197	instant-rap/RAP_0067.ADT	4/4 / 16 / 16 steps
PF_0273	0.78	1	1	RC_0452	1	IDX_0000217	instant-260/LAT_0021.ADT	4/4 / 16 / 16 steps
PF_0274	0.78	1	1	RC_0458	1	IDX_0000230	instant-200/AFC_0003.ADT	4/4 / 16 / 16 steps
PF_0275	0.78	1	1	RC_0462	1	IDX_0000235	instant-rap/RAP_0244.ADT	4/4 / 16 / 16 steps
PF_0276	0.78	1	1	RC_0464	1	IDX_0000241	instant-260/FNK_0064.ADT	4/4 / 16 / 16 steps
PF_0277	0.78	1	2	RC_0163	2	IDX_0000243	mididrumfiles-80/RCK_0045.ADT	4/4 / 16 / 16 steps
PF_0278	0.78	1	1	RC_0466	1	IDX_0000247	instant-260/REG_0028.ADT	4/4 / 16 / 16 steps
PF_0279	0.78	1	1	RC_0469	1	IDX_0000251	instant-200/FNK_0039.ADT	4/4 / 16 / 16 steps
PF_0280	0.78	1	1	RC_0471	1	IDX_0000254	instant-200/FNK_0027.ADT	4/4 / 16 / 16 steps
PF_0281	0.78	1	1	RC_0474	1	IDX_0000260	mididrumfiles-80/RCK_0043.ADT	4/4 / 16 / 16 steps
PF_0282	0.78	1	6	RC_0004	6	IDX_0000261	mididrumfiles-80/ETH_0002.ADT	4/4 / 16 / 16 steps
PF_0283	0.78	1	5	RC_0011	5	IDX_0000264	mididrumfiles-80/LAT_0030.ADT	4/4 / 16 / 16 steps
PF_0284	0.78	1	1	RC_0479	1	IDX_0000270	instant-200/POP_0006.ADT	4/4 / 16 / 16 steps
PF_0285	0.78	1	1	RC_0480	1	IDX_0000274	instant-rap/RAP_0235.ADT	4/4 / 16 / 16 steps
PF_0286	0.78	1	1	RC_0484	1	IDX_0000282	instant-rap/RAP_0467.ADT	4/4 / 16 / 16 steps
PF_0287	0.78	1	1	RC_0488	1	IDX_0000290	instant-rap/RAP_0365.ADT	4/4 / 16 / 16 steps
PF_0288	0.78	1	1	RC_0489	1	IDX_0000291	instant-rap/RAP_0332.ADT	4/4 / 16 / 16 steps
PF_0289	0.78	1	2	RC_0176	2	IDX_0000301	instant-rap/RAP_0064.ADT	4/4 / 16 / 16 steps
PF_0290	0.78	1	1	RC_0494	1	IDX_0000309	instant-rap/RAP_0235.ADT	4/4 / 16 / 16 steps
PF_0291	0.78	1	1	RC_0497	1	IDX_0000312	instant-200/RCK_0003.ADT	4/4 / 16 / 16 steps
PF_0292	0.78	1	1	RC_0498	1	IDX_0000313	instant-rap/RAP_0460.ADT	4/4 / 16 / 16 steps
PF_0293	0.78	1	1	RC_0501	1	IDX_0000318	instant-rap/RAP_0031.ADT	4/4 / 16 / 16 steps
PF_0294	0.78	1	1	RC_0504	1	IDX_0000324	instant-260/REG_0017.ADT	4/4 / 16 / 16 steps
PF_0295	0.78	1	1	RC_0509	1	IDX_0000334	instant-rap/RAP_0465.ADT	4/4 / 16 / 16 steps
PF_0296	0.78	1	1	RC_0512	1	IDX_0000341	instant-260/FNK_0056.ADT	4/4 / 16 / 16 steps
PF_0297	0.78	1	1	RC_0515	1	IDX_0000344	instant-200/POP_0007.ADT	4/4 / 16 / 16 steps
PF_0298	0.78	1	1	RC_0516	1	IDX_0000345	instant-200/FNK_0024.ADT	4/4 / 16 / 16 steps
PF_0299	0.78	1	1	RC_0517	1	IDX_0000346	instant-rap/RAP_0407.ADT	4/4 / 16 / 16 steps
PF_0300	0.78	1	1	RC_0519	1	IDX_0000348	instant-260/RNB_0032.ADT	4/4 / 16 / 16 steps
PF_0301	0.78	1	1	RC_0523	1	IDX_0000352	mididrumfiles-80/CON_0007.ADT	4/4 / 16 / 16 steps
PF_0302	0.78	1	1	RC_0524	1	IDX_0000353	instant-rap/RAP_0366.ADT	4/4 / 16 / 16 steps
PF_0303	0.78	1	1	RC_0525	1	IDX_0000354	instant-200/DRM_0009.ADT	4/4 / 16 / 16 steps
PF_0304	0.78	1	1	RC_0526	1	IDX_0000357	instant-rap/RAP_0875.ADT	4/4 / 16 / 16 steps
PF_0305	0.78	1	2	RC_0186	2	IDX_0000369	mididrumfiles-80/FOL_0028.ADT	4/4 / 16 / 16 steps
PF_0306	0.78	1	4	RC_0018	4	IDX_0000376	mididrumfiles-80/FOL_0019.ADT	4/4 / 16 / 16 steps
PF_0307	0.78	1	1	RC_0536	1	IDX_0000380	instant-260/BNV_0001.ADT	4/4 / 16 / 16 steps
PF_0308	0.78	1	1	RC_0538	1	IDX_0000382	instant-200/POP_0012.ADT	4/4 / 16 / 16 steps
PF_0309	0.78	1	1	RC_0540	1	IDX_0000385	instant-260/RNB_0022.ADT	4/4 / 16 / 16 steps
PF_0310	0.78	1	1	RC_0543	1	IDX_0000391	instant-260/FNK_0051.ADT	4/4 / 16 / 16 steps
PF_0311	0.78	1	2	RC_0191	2	IDX_0000394	mididrumfiles-80/CON_0025.ADT	4/4 / 16 / 16 steps
PF_0312	0.78	1	1	RC_0545	1	IDX_0000397	instant-260/SMB_0007.ADT	4/4 / 16 / 16 steps
PF_0313	0.78	1	2	RC_0193	2	IDX_0000406	mididrumfiles-80/RCK_0054.ADT	4/4 / 16 / 16 steps
PF_0314	0.78	1	1	RC_0552	1	IDX_0000409	instant-260/FNK_0048.ADT	4/4 / 16 / 16 steps
PF_0315	0.78	1	1	RC_0554	1	IDX_0000412	mididrumfiles-80/RCK_0049.ADT	4/4 / 16 / 16 steps
PF_0316	0.78	1	1	RC_0555	1	IDX_0000413	instant-200/LAT_0002.ADT	4/4 / 16 / 16 steps
PF_0317	0.78	1	1	RC_0565	1	IDX_0000434	instant-rap/RAP_0287.ADT	4/4 / 16 / 16 steps
PF_0318	0.78	1	1	RC_0576	1	IDX_0000453	instant-260/AFC_0029.ADT	4/4 / 16 / 16 steps
PF_0319	0.78	1	1	RC_0577	1	IDX_0000455	instant-260/FNK_0066.ADT	4/4 / 16 / 16 steps
PF_0320	0.78	1	1	RC_0578	1	IDX_0000456	instant-200/FNK_0021.ADT	4/4 / 16 / 16 steps
PF_0321	0.78	1	1	RC_0579	1	IDX_0000457	instant-260/LAT_0019.ADT	4/4 / 16 / 16 steps
PF_0322	0.78	1	1	RC_0584	1	IDX_0000463	instant-260/POP_0028.ADT	4/4 / 16 / 16 steps
PF_0323	0.78	1	1	RC_0588	1	IDX_0000468	instant-260/RCK_0035.ADT	4/4 / 16 / 16 steps
PF_0324	0.78	1	1	RC_0590	1	IDX_0000476	instant-200/REG_0003.ADT	4/4 / 16 / 16 steps
PF_0325	0.78	1	1	RC_0595	1	IDX_0000483	instant-200/REG_0015.ADT	4/4 / 16 / 16 steps
PF_0326	0.78	1	1	RC_0614	1	IDX_0000514	instant-200/AFC_0009.ADT	4/4 / 16 / 16 steps
PF_0327	0.78	1	1	RC_0615	1	IDX_0000517	instant-260/DSC_0021.ADT	4/4 / 16 / 16 steps
PF_0328	0.78	1	5	RC_0012	5	IDX_0000518	mididrumfiles-80/CON_0023.ADT	4/4 / 16 / 16 steps
PF_0329	0.78	1	1	RC_0619	1	IDX_0000529	instant-rap/RAP_0162.ADT	4/4 / 16 / 16 steps
PF_0330	0.78	1	1	RC_0620	1	IDX_0000532	instant-rap/RAP_0438.ADT	4/4 / 16 / 16 steps
PF_0331	0.78	1	1	RC_0624	1	IDX_0000536	instant-200/REG_0009.ADT	4/4 / 16 / 16 steps
PF_0332	0.78	1	1	RC_0625	1	IDX_0000537	instant-260/RNB_0027.ADT	4/4 / 16 / 16 steps
PF_0333	0.78	1	1	RC_0635	1	IDX_0000554	instant-rap/RAP_0250.ADT	4/4 / 16 / 16 steps
PF_0334	0.78	1	1	RC_0638	1	IDX_0000565	instant-260/BNV_0008.ADT	4/4 / 16 / 16 steps
PF_0335	0.78	1	1	RC_0641	1	IDX_0000573	instant-200/AFC_0001.ADT	4/4 / 16 / 16 steps
PF_0336	0.78	1	1	RC_0644	1	IDX_0000579	instant-260/DSC_0019.ADT	4/4 / 16 / 16 steps
PF_0337	0.78	1	1	RC_0645	1	IDX_0000581	instant-260/DSC_0014.ADT	4/4 / 16 / 16 steps
PF_0338	0.78	1	1	RC_0646	1	IDX_0000584	instant-260/FNK_0049.ADT	4/4 / 16 / 16 steps
PF_0339	0.78	1	1	RC_0649	1	IDX_0000590	instant-200/FNK_0018.ADT	4/4 / 16 / 16 steps
PF_0340	0.78	1	3	RC_0057	3	IDX_0000601	mididrumfiles-80/LAT_0051.ADT	4/4 / 16 / 16 steps
PF_0341	0.78	1	1	RC_0655	1	IDX_0000603	instant-260/FNK_0062.ADT	4/4 / 16 / 16 steps
PF_0342	0.78	1	1	RC_0663	1	IDX_0000617	instant-260/AFC_0023.ADT	4/4 / 16 / 16 steps
PF_0343	0.78	1	1	RC_0667	1	IDX_0000629	instant-rap/RAP_0251.ADT	4/4 / 16 / 16 steps
PF_0344	0.78	1	1	RC_0670	1	IDX_0000634	instant-260/RNB_0030.ADT	4/4 / 16 / 16 steps
PF_0345	0.78	1	1	RC_0671	1	IDX_0000635	instant-rap/RAP_0132.ADT	4/4 / 16 / 16 steps
PF_0346	0.78	1	2	RC_0238	2	IDX_0000645	instant-rap/RAP_0127.ADT	4/4 / 16 / 16 steps
PF_0347	0.78	1	1	RC_0675	1	IDX_0000647	instant-260/LAT_0020.ADT	4/4 / 16 / 16 steps
PF_0348	0.78	1	1	RC_0679	1	IDX_0000651	instant-rap/RAP_0233.ADT	4/4 / 16 / 16 steps
PF_0349	0.78	1	1	RC_0680	1	IDX_0000652	instant-rap/RAP_0134.ADT	4/4 / 16 / 16 steps
PF_0350	0.78	1	1	RC_0687	1	IDX_0000659	instant-200/FNK_0006.ADT	4/4 / 16 / 16 steps
PF_0351	0.78	1	2	RC_0239	2	IDX_0000660	mididrumfiles-80/CON_0047.ADT	4/4 / 16 / 16 steps
PF_0352	0.78	1	1	RC_0688	1	IDX_0000661	instant-rap/RAP_0302.ADT	4/4 / 16 / 16 steps
PF_0353	0.78	1	2	RC_0241	2	IDX_0000670	instant-rap/RAP_0405.ADT	4/4 / 16 / 16 steps
PF_0354	0.78	1	1	RC_0695	1	IDX_0000679	instant-260/POP_0023.ADT	4/4 / 16 / 16 steps
PF_0355	0.78	1	1	RC_0699	1	IDX_0000684	instant-260/AFC_0025.ADT	4/4 / 16 / 16 steps
PF_0356	0.78	1	1	RC_0702	1	IDX_0000688	instant-rap/RAP_0406.ADT	4/4 / 16 / 16 steps
PF_0357	0.78	1	1	RC_0703	1	IDX_0000689	instant-rap/RAP_0166.ADT	4/4 / 16 / 16 steps
PF_0358	0.78	1	2	RC_0244	2	IDX_0000691	instant-260/DRM_0017.ADT	4/4 / 16 / 16 steps
PF_0359	0.78	1	1	RC_0705	1	IDX_0000692	instant-260/PSD_0004.ADT	4/4 / 16 / 16 steps
PF_0360	0.78	1	1	RC_0715	1	IDX_0000707	instant-rap/RAP_0196.ADT	4/4 / 16 / 16 steps
PF_0361	0.78	1	1	RC_0726	1	IDX_0000727	instant-260/BOG_0003.ADT	4/4 / 16 / 16 steps
PF_0362	0.78	1	1	RC_0735	1	IDX_0000750	instant-260/SLW_0014.ADT	4/4 / 16 / 16 steps
PF_0363	0.78	1	1	RC_0736	1	IDX_0000751	instant-rap/RAP_0130.ADT	4/4 / 16 / 16 steps
PF_0364	0.78	1	1	RC_0740	1	IDX_0000757	instant-260/DSC_0006.ADT	4/4 / 16 / 16 steps
PF_0365	0.78	1	1	RC_0742	1	IDX_0000759	instant-rap/RAP_0234.ADT	4/4 / 16 / 16 steps
PF_0366	0.78	1	1	RC_0744	1	IDX_0000762	instant-200/BAL_0009.ADT	4/4 / 16 / 16 steps
PF_0367	0.78	1	2	RC_0256	2	IDX_0000774	instant-rap/RAP_0388.ADT	4/4 / 16 / 16 steps
PF_0368	0.78	1	1	RC_0751	1	IDX_0000779	instant-200/AFC_0006.ADT	4/4 / 16 / 16 steps
PF_0369	0.78	1	2	RC_0258	2	IDX_0000782	instant-rap/RAP_0270.ADT	4/4 / 16 / 16 steps
PF_0370	0.78	1	1	RC_0757	1	IDX_0000786	instant-rap/RAP_0162.ADT	4/4 / 16 / 16 steps
PF_0371	0.78	1	1	RC_0759	1	IDX_0000793	instant-rap/RAP_0236.ADT	4/4 / 16 / 16 steps
PF_0372	0.78	1	1	RC_0763	1	IDX_0000798	instant-200/FNK_0030.ADT	4/4 / 16 / 16 steps
PF_0373	0.78	1	1	RC_0767	1	IDX_0000807	instant-260/DSC_0009.ADT	4/4 / 16 / 16 steps
PF_0374	0.78	1	1	RC_0770	1	IDX_0000812	instant-rap/RAP_0133.ADT	4/4 / 16 / 16 steps
PF_0375	0.78	1	1	RC_0774	1	IDX_0000820	instant-260/REG_0026.ADT	4/4 / 16 / 16 steps
PF_0376	0.78	1	1	RC_0781	1	IDX_0000831	instant-rap/RAP_0065.ADT	4/4 / 16 / 16 steps
PF_0377	0.78	1	1	RC_0782	1	IDX_0000832	instant-rap/RAP_0202.ADT	4/4 / 16 / 16 steps
PF_0378	0.78	1	1	RC_0785	1	IDX_0000840	instant-rap/RAP_0161.ADT	4/4 / 16 / 16 steps
PF_0379	0.78	1	1	RC_0786	1	IDX_0000843	instant-rap/RAP_0438.ADT	4/4 / 16 / 16 steps
PF_0380	0.78	1	1	RC_0789	1	IDX_0000851	instant-rap/RAP_0436.ADT	4/4 / 16 / 16 steps
PF_0381	0.78	1	1	RC_0791	1	IDX_0000856	instant-260/SLW_0013.ADT	4/4 / 16 / 16 steps
PF_0382	0.78	1	1	RC_0792	1	IDX_0000858	instant-rap/RAP_0199.ADT	4/4 / 16 / 16 steps
PF_0383	0.78	1	1	RC_0793	1	IDX_0000863	instant-260/DRM_0018.ADT	4/4 / 16 / 16 steps
PF_0384	0.78	1	1	RC_0802	1	IDX_0000876	instant-260/AFC_0024.ADT	4/4 / 16 / 16 steps
PF_0385	0.78	1	1	RC_0803	1	IDX_0000877	mididrumfiles-80/CON_0009.ADT	4/4 / 16 / 16 steps
PF_0386	0.78	1	1	RC_0807	1	IDX_0000888	instant-rap/RAP_0172.ADT	4/4 / 16 / 16 steps
PF_0387	0.78	1	1	RC_0809	1	IDX_0000891	mididrumfiles-80/RCK_0065.ADT	4/4 / 16 / 16 steps
PF_0388	0.78	1	1	RC_0811	1	IDX_0000894	instant-rap/RAP_0155.ADT	4/4 / 16 / 16 steps
PF_0389	0.78	1	1	RC_0812	1	IDX_0000895	instant-200/RNB_0013.ADT	4/4 / 16 / 16 steps
PF_0390	0.78	1	1	RC_0814	1	IDX_0000897	instant-200/BAL_0012.ADT	4/4 / 16 / 16 steps
PF_0391	0.78	1	1	RC_0818	1	IDX_0000903	instant-260/TWT_0006.ADT	4/4 / 16 / 16 steps
PF_0392	0.78	1	1	RC_0819	1	IDX_0000904	mididrumfiles-80/CON_0046.ADT	4/4 / 16 / 16 steps
PF_0393	0.78	1	1	RC_0823	1	IDX_0000911	instant-200/DRM_0012.ADT	4/4 / 16 / 16 steps
PF_0394	0.78	1	1	RC_0831	1	IDX_0000929	instant-rap/RAP_0419.ADT	4/4 / 16 / 16 steps
PF_0395	0.78	1	1	RC_0834	1	IDX_0000935	instant-260/TNG_0001.ADT	4/4 / 16 / 16 steps
PF_0396	0.78	1	1	RC_0841	1	IDX_0000953	instant-260/DRM_0020.ADT	4/4 / 16 / 16 steps
PF_0397	0.78	1	1	RC_0846	1	IDX_0000963	mididrumfiles-80/FOL_0020.ADT	4/4 / 16 / 16 steps
PF_0398	0.78	1	1	RC_0847	1	IDX_0000964	instant-260/AFC_0026.ADT	4/4 / 16 / 16 steps
PF_0399	0.78	1	1	RC_0849	1	IDX_0000966	instant-200/FNK_0003.ADT	4/4 / 16 / 16 steps
PF_0400	0.78	1	1	RC_0852	1	IDX_0000971	instant-260/FNK_0063.ADT	4/4 / 16 / 16 steps
PF_0401	0.78	1	1	RC_0854	1	IDX_0000973	instant-260/FNK_0055.ADT	4/4 / 16 / 16 steps
PF_0402	0.78	1	1	RC_0856	1	IDX_0000975	instant-260/POP_0032.ADT	4/4 / 16 / 16 steps
PF_0403	0.78	1	1	RC_0858	1	IDX_0000977	instant-rap/RAP_0166.ADT	4/4 / 16 / 16 steps
PF_0404	0.78	1	2	RC_0285	2	IDX_0000982	instant-rap/RAP_0269.ADT	4/4 / 16 / 16 steps
PF_0405	0.78	1	1	RC_0861	1	IDX_0000984	instant-260/TWT_0001.ADT	4/4 / 16 / 16 steps
PF_0406	0.78	1	1	RC_0862	1	IDX_0000985	instant-rap/RAP_0199.ADT	4/4 / 16 / 16 steps
PF_0407	0.78	1	1	RC_0866	1	IDX_0000990	instant-260/DSC_0017.ADT	4/4 / 16 / 16 steps
PF_0408	0.78	1	1	RC_0872	1	IDX_0001000	instant-200/LAT_0012.ADT	4/4 / 16 / 16 steps
PF_0409	0.78	1	1	RC_0875	1	IDX_0001003	instant-200/LAT_0015.ADT	4/4 / 16 / 16 steps
PF_0410	0.78	1	1	RC_0877	1	IDX_0001005	instant-260/SLW_0016.ADT	4/4 / 16 / 16 steps
PF_0411	0.78	1	1	RC_0886	1	IDX_0001017	instant-rap/RAP_0201.ADT	4/4 / 16 / 16 steps
PF_0412	0.78	1	1	RC_0888	1	IDX_0001023	instant-rap/RAP_0133.ADT	4/4 / 16 / 16 steps
PF_0413	0.78	1	1	RC_0897	1	IDX_0001047	instant-rap/RAP_0238.ADT	4/4 / 16 / 16 steps
PF_0414	0.78	1	1	RC_0898	1	IDX_0001048	instant-260/FNK_0068.ADT	4/4 / 16 / 16 steps
PF_0415	0.78	1	1	RC_0899	1	IDX_0001052	instant-rap/RAP_0098.ADT	4/4 / 16 / 16 steps
PF_0416	0.78	1	3	RC_0069	3	IDX_0001053	mididrumfiles-80/ETH_0015.ADT	4/4 / 16 / 16 steps
PF_0417	0.78	1	2	RC_0299	2	IDX_0001058	instant-200/FNK_0037.ADT	4/4 / 16 / 16 steps
PF_0418	0.78	1	1	RC_0904	1	IDX_0001067	instant-rap/RAP_0434.ADT	4/4 / 16 / 16 steps
PF_0419	0.78	1	3	RC_0071	3	IDX_0001071	mididrumfiles-80/LAT_0029.ADT	4/4 / 16 / 16 steps
PF_0420	0.78	1	1	RC_0906	1	IDX_0001076	instant-rap/RAP_0302.ADT	4/4 / 16 / 16 steps
PF_0421	0.78	1	1	RC_0908	1	IDX_0001079	instant-rap/RAP_0389.ADT	4/4 / 16 / 16 steps
PF_0422	0.78	1	1	RC_0910	1	IDX_0001087	mididrumfiles-80/CON_0031.ADT	4/4 / 16 / 16 steps
PF_0423	0.78	1	1	RC_0911	1	IDX_0001090	instant-200/AFC_0011.ADT	4/4 / 16 / 16 steps
PF_0424	0.78	1	1	RC_0916	1	IDX_0001098	instant-260/FNK_0065.ADT	4/4 / 16 / 16 steps
PF_0425	0.78	1	1	RC_0918	1	IDX_0001101	instant-200/FNK_0015.ADT	4/4 / 16 / 16 steps
PF_0426	0.78	1	1	RC_0921	1	IDX_0001104	instant-260/REG_0029.ADT	4/4 / 16 / 16 steps
PF_0427	0.78	1	1	RC_0923	1	IDX_0001109	instant-260/RCK_0038.ADT	4/4 / 16 / 16 steps
PF_0428	0.78	1	1	RC_0924	1	IDX_0001111	instant-rap/RAP_0234.ADT	4/4 / 16 / 16 steps
PF_0429	0.78	1	1	RC_0927	1	IDX_0001116	instant-rap/RAP_0164.ADT	4/4 / 16 / 16 steps
PF_0430	0.78	1	1	RC_0930	1	IDX_0001119	instant-200/FNK_0009.ADT	4/4 / 16 / 16 steps
PF_0431	0.78	1	1	RC_0935	1	IDX_0001129	instant-rap/RAP_0266.ADT	4/4 / 16 / 16 steps
PF_0432	0.78	1	1	RC_0937	1	IDX_0001134	instant-260/RCK_0034.ADT	4/4 / 16 / 16 steps
PF_0433	0.78	1	1	RC_0938	1	IDX_0001136	mididrumfiles-80/RCK_0064.ADT	4/4 / 16 / 16 steps
PF_0434	0.78	1	1	RC_0946	1	IDX_0001149	instant-rap/RAP_0338.ADT	4/4 / 16 / 16 steps
PF_0435	0.78	1	1	RC_0947	1	IDX_0001150	instant-200/FNK_0033.ADT	4/4 / 16 / 16 steps
PF_0436	0.78	1	1	RC_0951	1	IDX_0001158	instant-260/REG_0031.ADT	4/4 / 16 / 16 steps
PF_0437	0.78	1	1	RC_0952	1	IDX_0001161	instant-260/CHS_0002.ADT	4/4 / 16 / 16 steps
PF_0438	0.78	1	1	RC_0960	1	IDX_0001174	instant-260/FNK_0053.ADT	4/4 / 16 / 16 steps
PF_0439	0.78	1	1	RC_0964	1	IDX_0001182	instant-260/REG_0019.ADT	4/4 / 16 / 16 steps
PF_0440	0.78	1	2	RC_0317	2	IDX_0001186	instant-rap/RAP_0338.ADT	4/4 / 16 / 16 steps
PF_0441	0.78	1	2	RC_0318	2	IDX_0001193	mididrumfiles-80/RCK_0062.ADT	4/4 / 16 / 16 steps
PF_0442	0.78	1	1	RC_0975	1	IDX_0001207	instant-rap/RAP_0402.ADT	4/4 / 16 / 16 steps
PF_0443	0.78	1	1	RC_0977	1	IDX_0001211	instant-260/REG_0018.ADT	4/4 / 16 / 16 steps
PF_0444	0.78	1	1	RC_0984	1	IDX_0001222	instant-260/REG_0030.ADT	4/4 / 16 / 16 steps
PF_0445	0.78	1	1	RC_0993	1	IDX_0001235	instant-200/RCK_0014.ADT	4/4 / 16 / 16 steps
PF_0446	0.78	1	1	RC_1005	1	IDX_0001257	instant-rap/RAP_0404.ADT	4/4 / 16 / 16 steps
PF_0447	0.78	1	1	RC_1006	1	IDX_0001259	instant-260/DSC_0016.ADT	4/4 / 16 / 16 steps
PF_0448	0.78	1	1	RC_1008	1	IDX_0001264	instant-260/FNK_0045.ADT	4/4 / 16 / 16 steps
PF_0449	0.78	1	1	RC_1010	1	IDX_0001270	instant-260/POP_0025.ADT	4/4 / 16 / 16 steps
PF_0450	0.78	1	1	RC_1012	1	IDX_0001273	instant-rap/RAP_0135.ADT	4/4 / 16 / 16 steps
PF_0451	0.78	1	1	RC_1015	1	IDX_0001278	instant-200/LAT_0008.ADT	4/4 / 16 / 16 steps
PF_0452	0.78	1	1	RC_1019	1	IDX_0001284	instant-260/FNK_0044.ADT	4/4 / 16 / 16 steps
PF_0453	0.78	1	1	RC_1027	1	IDX_0001303	instant-260/SLW_0018.ADT	4/4 / 16 / 16 steps
PF_0454	0.78	1	1	RC_1032	1	IDX_0001310	instant-rap/RAP_0201.ADT	4/4 / 16 / 16 steps
PF_0455	0.78	1	1	RC_1050	1	IDX_0001351	mididrumfiles-80/CON_0026.ADT	4/4 / 16 / 16 steps
PF_0456	0.78	1	1	RC_1052	1	IDX_0001353	instant-rap/RAP_0311.ADT	4/4 / 16 / 16 steps
PF_0457	0.78	1	1	RC_1054	1	IDX_0001355	mididrumfiles-80/FOL_0032.ADT	4/4 / 16 / 16 steps
PF_0458	0.78	1	1	RC_1063	1	IDX_0001367	instant-200/DRM_0006.ADT	4/4 / 16 / 16 steps
PF_0459	0.78	1	1	RC_1066	1	IDX_0001370	instant-260/SKA_0006.ADT	4/4 / 16 / 16 steps
PF_0460	0.78	1	1	RC_1067	1	IDX_0001371	instant-rap/RAP_0034.ADT	4/4 / 16 / 16 steps
PF_0461	0.78	1	1	RC_1070	1	IDX_0001379	instant-rap/RAP_0097.ADT	4/4 / 16 / 16 steps
PF_0462	0.78	1	1	RC_1073	1	IDX_0001382	instant-200/FNK_0012.ADT	4/4 / 16 / 16 steps
PF_0463	0.78	1	1	RC_1074	1	IDX_0001383	instant-260/MCH_0003.ADT	4/4 / 16 / 16 steps
PF_0464	0.78	1	1	RC_1077	1	IDX_0001391	instant-rap/RAP_0436.ADT	4/4 / 16 / 16 steps
PF_0465	0.78	1	1	RC_1079	1	IDX_0001395	instant-rap/RAP_0441.ADT	4/4 / 16 / 16 steps
PF_0466	0.78	1	1	RC_1080	1	IDX_0001399	mididrumfiles-80/FOL_0031.ADT	4/4 / 16 / 16 steps
PF_0467	0.78	1	1	RC_1084	1	IDX_0001404	instant-260/AFC_0027.ADT	4/4 / 16 / 16 steps
PF_0468	0.78	1	1	RC_1089	1	IDX_0001417	instant-rap/RAP_0096.ADT	4/4 / 16 / 16 steps
PF_0469	0.78	1	1	RC_1093	1	IDX_0001424	instant-260/DSC_0015.ADT	4/4 / 16 / 16 steps
PF_0470	0.78	1	1	RC_1107	1	IDX_0001441	instant-200/FNK_0036.ADT	4/4 / 16 / 16 steps
PF_0471	0.78	1	1	RC_1111	1	IDX_0001446	instant-rap/RAP_0271.ADT	4/4 / 16 / 16 steps
PF_0472	0.78	1	1	RC_1112	1	IDX_0001448	instant-200/RCK_0006.ADT	4/4 / 16 / 16 steps
PF_0473	0.78	1	1	RC_1113	1	IDX_0001449	instant-260/TNG_0002.ADT	4/4 / 16 / 16 steps
PF_0474	0.78	1	1	RC_1116	1	IDX_0001454	instant-260/AFC_0021.ADT	4/4 / 16 / 16 steps
PF_0475	0.78	1	1	RC_1118	1	IDX_0001457	instant-rap/RAP_0405.ADT	4/4 / 16 / 16 steps
PF_0476	0.78	1	1	RC_1119	1	IDX_0001458	instant-rap/RAP_0169.ADT	4/4 / 16 / 16 steps
PF_0477	0.78	1	1	RC_1120	1	IDX_0001459	instant-rap/RAP_0335.ADT	4/4 / 16 / 16 steps
PF_0478	0.78	1	1	RC_1126	1	IDX_0001474	instant-200/RNB_0009.ADT	4/4 / 16 / 16 steps
PF_0479	0.78	1	1	RC_1131	1	IDX_0001490	mididrumfiles-80/RCK_0069.ADT	4/4 / 16 / 16 steps
PF_0480	0.78	1	1	RC_1132	1	IDX_0001491	instant-rap/RAP_0400.ADT	4/4 / 16 / 16 steps
PF_0481	0.78	1	1	RC_1133	1	IDX_0001492	instant-260/DRM_0019.ADT	4/4 / 16 / 16 steps
PF_0482	0.78	1	1	RC_1140	1	IDX_0001503	instant-rap/RAP_0345.ADT	4/4 / 16 / 16 steps
PF_0483	0.78	1	1	RC_1141	1	IDX_0001504	instant-rap/RAP_0347.ADT	4/4 / 16 / 16 steps
PF_0484	0.78	1	1	RC_1143	1	IDX_0001510	instant-260/RNB_0016.ADT	4/4 / 16 / 16 steps
PF_0485	0.78	1	1	RC_1148	1	IDX_0001520	instant-rap/RAP_0131.ADT	4/4 / 16 / 16 steps
PF_0486	0.78	1	1	RC_1149	1	IDX_0001523	instant-rap/RAP_0373.ADT	4/4 / 16 / 16 steps
PF_0487	0.78	1	1	RC_1158	1	IDX_0001536	instant-200/RNB_0015.ADT	4/4 / 16 / 16 steps
PF_0488	0.78	1	2	RC_0330	2	IDX_0001538	mididrumfiles-80/RCK_0046.ADT	4/4 / 16 / 16 steps
PF_0489	0.78	1	1	RC_1159	1	IDX_0001539	instant-260/RCK_0029.ADT	4/4 / 16 / 16 steps
PF_0490	0.78	1	1	RC_1166	1	IDX_0001553	instant-260/RNB_0017.ADT	4/4 / 16 / 16 steps
PF_0491	0.78	1	1	RC_1168	1	IDX_0001555	instant-260/RNB_0029.ADT	4/4 / 16 / 16 steps
PF_0492	0.78	1	1	RC_1171	1	IDX_0001561	instant-260/FNK_0046.ADT	4/4 / 16 / 16 steps
PF_0493	0.78	1	1	RC_1175	1	IDX_0001568	instant-260/DSC_0013.ADT	4/4 / 16 / 16 steps
PF_0494	0.78	1	1	RC_1177	1	IDX_0001571	instant-200/FNK_0042.ADT	4/4 / 16 / 16 steps
PF_0495	0.78	1	2	RC_0332	2	IDX_0001576	mididrumfiles-80/CON_0010.ADT	4/4 / 16 / 16 steps
PF_0496	0.78	1	1	RC_1179	1	IDX_0001577	instant-rap/RAP_0196.ADT	4/4 / 16 / 16 steps
PF_0497	0.78	1	2	RC_0333	2	IDX_0001580	instant-rap/RAP_0165.ADT	4/4 / 16 / 16 steps
PF_0498	0.78	1	1	RC_1191	1	IDX_0001595	instant-rap/RAP_0130.ADT	4/4 / 16 / 16 steps
PF_0499	0.78	1	1	RC_1193	1	IDX_0001600	instant-200/DRM_0003.ADT	4/4 / 16 / 16 steps
PF_0500	0.78	1	1	RC_1196	1	IDX_0001603	instant-rap/RAP_0171.ADT	4/4 / 16 / 16 steps
PF_0501	0.78	1	1	RC_1202	1	IDX_0001616	instant-rap/RAP_0031.ADT	4/4 / 16 / 16 steps
PF_0502	0.78	1	1	RC_1214	1	IDX_0001640	instant-rap/RAP_0404.ADT	4/4 / 16 / 16 steps
PF_0503	0.78	1	1	RC_1219	1	IDX_0001649	instant-200/RNB_0005.ADT	4/4 / 16 / 16 steps
PF_0504	0.78	1	1	RC_1222	1	IDX_0001652	instant-rap/RAP_0132.ADT	4/4 / 16 / 16 steps
PF_0505	0.78	1	1	RC_1229	1	IDX_0001665	instant-rap/RAP_0337.ADT	4/4 / 16 / 16 steps
PF_0506	0.78	1	1	RC_1232	1	IDX_0001672	instant-rap/RAP_0055.ADT	4/4 / 16 / 16 steps
PF_0507	0.78	1	1	RC_1233	1	IDX_0001675	instant-260/RNB_0028.ADT	4/4 / 16 / 16 steps
PF_0508	0.78	1	1	RC_1239	1	IDX_0001684	instant-260/RCK_0032.ADT	4/4 / 16 / 16 steps
PF_0509	0.78	1	1	RC_1243	1	IDX_0001692	instant-260/POP_0024.ADT	4/4 / 16 / 16 steps
PF_0510	0.78	1	1	RC_1246	1	IDX_0001695	instant-200/RNB_0012.ADT	4/4 / 16 / 16 steps
PF_0511	0.78	1	1	RC_1254	1	IDX_0001706	instant-rap/RAP_0096.ADT	4/4 / 16 / 16 steps
PF_0512	0.78	1	1	RC_1259	1	IDX_0001713	instant-rap/RAP_0467.ADT	4/4 / 16 / 16 steps
PF_0513	0.78	1	1	RC_1260	1	IDX_0001714	instant-rap/RAP_0099.ADT	4/4 / 16 / 16 steps
PF_0514	0.78	1	1	RC_1266	1	IDX_0001721	instant-260/BOG_0001.ADT	4/4 / 16 / 16 steps
PF_0515	0.78	1	1	RC_1267	1	IDX_0001722	instant-rap/RAP_0465.ADT	4/4 / 16 / 16 steps
PF_0516	0.78	1	1	RC_1270	1	IDX_0001728	instant-rap/RAP_0400.ADT	4/4 / 16 / 16 steps
PF_0517	0.78	1	1	RC_1271	1	IDX_0001729	instant-200/LAT_0006.ADT	4/4 / 16 / 16 steps
PF_0518	0.78	1	1	RC_1274	1	IDX_0001734	instant-rap/RAP_0371.ADT	4/4 / 16 / 16 steps
PF_0519	0.78	1	1	RC_1277	1	IDX_0001738	instant-260/AFC_0028.ADT	4/4 / 16 / 16 steps
PF_0520	0.78	1	1	RC_1278	1	IDX_0001741	instant-260/RCK_0033.ADT	4/4 / 16 / 16 steps
PF_0521	0.78	1	1	RC_1286	1	IDX_0001753	instant-200/POP_0005.ADT	4/4 / 16 / 16 steps
PF_0522	0.78	1	1	RC_1289	1	IDX_0001759	instant-rap/RAP_0174.ADT	4/4 / 16 / 16 steps
PF_0523	0.78	1	1	RC_1294	1	IDX_0001770	instant-260/SMB_0008.ADT	4/4 / 16 / 16 steps
PF_0524	0.78	1	1	RC_1295	1	IDX_0001772	instant-260/SKA_0005.ADT	4/4 / 16 / 16 steps
PF_0525	0.78	1	1	RC_1297	1	IDX_0001776	instant-260/BNV_0005.ADT	4/4 / 16 / 16 steps
PF_0526	0.78	1	1	RC_1302	1	IDX_0001784	instant-rap/RAP_0230.ADT	4/4 / 16 / 16 steps
PF_0527	0.78	1	1	RC_1303	1	IDX_0001787	instant-260/FNK_0057.ADT	4/4 / 16 / 16 steps
PF_0528	0.78	5	12	RC_0005	6	IDX_0000288	instant-rap/RAP_0811.ADT	4/4 / 16T / 24 steps
PF_0528	0.78	5	12	RC_0123	2	IDX_0000117	instant-rap/RAP_0470.ADT	4/4 / 16T / 24 steps
PF_0528	0.78	5	12	RC_0170	2	IDX_0000287	instant-rap/RAP_0473.ADT	4/4 / 16T / 24 steps
PF_0528	0.78	5	12	RC_0468	1	IDX_0000250	instant-rap/RAP_0603.ADT	4/4 / 16T / 24 steps
PF_0528	0.78	5	12	RC_0954	1	IDX_0001164	instant-rap/RAP_0474.ADT	4/4 / 16T / 24 steps
PF_0529	0.78	4	5	RC_0216	2	IDX_0000546	instant-rap/RAP_0827.ADT	4/4 / 16T / 24 steps
PF_0529	0.78	4	5	RC_0449	1	IDX_0000211	instant-rap/RAP_0839.ADT	4/4 / 16T / 24 steps
PF_0529	0.78	4	5	RC_0982	1	IDX_0001216	instant-rap/RAP_0567.ADT	4/4 / 16T / 24 steps
PF_0529	0.78	4	5	RC_1125	1	IDX_0001471	instant-rap/RAP_0555.ADT	4/4 / 16T / 24 steps
PF_0530	0.78	3	6	RC_0036	3	IDX_0000019	instant-rap/RAP_0831.ADT	4/4 / 16T / 24 steps
PF_0530	0.78	3	6	RC_0316	2	IDX_0001185	instant-rap/RAP_0492.ADT	4/4 / 16T / 24 steps
PF_0530	0.78	3	6	RC_0426	1	IDX_0000178	instant-rap/RAP_0627.ADT	4/4 / 16T / 24 steps
PF_0531	0.78	3	7	RC_0033	4	IDX_0001637	instant-rap/RAP_0809.ADT	4/4 / 16T / 24 steps
PF_0531	0.78	3	7	RC_0106	2	IDX_0000050	instant-rap/RAP_0541.ADT	4/4 / 16T / 24 steps
PF_0531	0.78	3	7	RC_0730	1	IDX_0000734	instant-rap/RAP_0542.ADT	4/4 / 16T / 24 steps
PF_0532	0.78	3	4	RC_0108	2	IDX_0000060	instant-rap/RAP_0630.ADT	4/4 / 16T / 24 steps
PF_0532	0.78	3	4	RC_1090	1	IDX_0001418	instant-rap/RAP_0635.ADT	4/4 / 16T / 24 steps
PF_0532	0.78	3	4	RC_1105	1	IDX_0001438	instant-rap/RAP_0620.ADT	4/4 / 16T / 24 steps
PF_0533	0.78	3	3	RC_0382	1	IDX_0000088	instant-rap/RAP_0686.ADT	4/4 / 16T / 24 steps
PF_0533	0.78	3	3	RC_1134	1	IDX_0001493	instant-rap/RAP_0681.ADT	4/4 / 16T / 24 steps
PF_0533	0.78	3	3	RC_1155	1	IDX_0001533	instant-rap/RAP_0748.ADT	4/4 / 16T / 24 steps
PF_0534	0.78	3	5	RC_0125	2	IDX_0000121	instant-rap/RAP_0626.ADT	4/4 / 16T / 24 steps
PF_0534	0.78	3	5	RC_0156	2	IDX_0000227	instant-rap/RAP_0625.ADT	4/4 / 16T / 24 steps
PF_0534	0.78	3	5	RC_1268	1	IDX_0001723	instant-rap/RAP_0614.ADT	4/4 / 16T / 24 steps
PF_0535	0.78	3	4	RC_0126	2	IDX_0000124	instant-rap/RAP_0823.ADT	4/4 / 16T / 24 steps
PF_0535	0.78	3	4	RC_0568	1	IDX_0000438	instant-rap/RAP_0482.ADT	4/4 / 16T / 24 steps
PF_0535	0.78	3	4	RC_0837	1	IDX_0000945	instant-rap/RAP_0815.ADT	4/4 / 16T / 24 steps
PF_0536	0.78	3	4	RC_0157	2	IDX_0000231	instant-rap/RAP_0816.ADT	4/4 / 16T / 24 steps
PF_0536	0.78	3	4	RC_0416	1	IDX_0000152	instant-rap/RAP_0544.ADT	4/4 / 16T / 24 steps
PF_0536	0.78	3	4	RC_1042	1	IDX_0001337	instant-rap/RAP_0818.ADT	4/4 / 16T / 24 steps
PF_0537	0.78	3	4	RC_0303	2	IDX_0001073	instant-rap/RAP_0740.ADT	4/4 / 16T / 24 steps
PF_0537	0.78	3	4	RC_0460	1	IDX_0000233	instant-rap/RAP_0675.ADT	4/4 / 16T / 24 steps
PF_0537	0.78	3	4	RC_1069	1	IDX_0001378	instant-rap/RAP_0743.ADT	4/4 / 16T / 24 steps
PF_0538	0.78	3	3	RC_0541	1	IDX_0000386	instant-rap/RAP_0691.ADT	4/4 / 16T / 24 steps
PF_0538	0.78	3	3	RC_0682	1	IDX_0000654	instant-rap/RAP_0689.ADT	4/4 / 16T / 24 steps
PF_0538	0.78	3	3	RC_0917	1	IDX_0001100	instant-rap/RAP_0756.ADT	4/4 / 16T / 24 steps
PF_0539	0.78	3	3	RC_0542	1	IDX_0000388	instant-rap/RAP_0825.ADT	4/4 / 16T / 24 steps
PF_0539	0.78	3	3	RC_0747	1	IDX_0000771	instant-rap/RAP_0488.ADT	4/4 / 16T / 24 steps
PF_0539	0.78	3	3	RC_0766	1	IDX_0000806	instant-rap/RAP_0553.ADT	4/4 / 16T / 24 steps
PF_0540	0.78	3	4	RC_0320	2	IDX_0001217	instant-rap/RAP_0611.ADT	4/4 / 16T / 24 steps
PF_0540	0.78	3	4	RC_0672	1	IDX_0000636	instant-rap/RAP_0615.ADT	4/4 / 16T / 24 steps
PF_0540	0.78	3	4	RC_1000	1	IDX_0001250	instant-rap/RAP_0618.ADT	4/4 / 16T / 24 steps
PF_0541	0.78	3	3	RC_0987	1	IDX_0001226	instant-rap/RAP_0821.ADT	4/4 / 16T / 24 steps
PF_0541	0.78	3	3	RC_1071	1	IDX_0001380	instant-rap/RAP_0547.ADT	4/4 / 16T / 24 steps
PF_0541	0.78	3	3	RC_1250	1	IDX_0001702	instant-rap/RAP_0817.ADT	4/4 / 16T / 24 steps
PF_0542	0.78	2	2	RC_0339	1	IDX_0000006	instant-rap/RAP_0814.ADT	4/4 / 16T / 24 steps
PF_0542	0.78	2	2	RC_1064	1	IDX_0001368	instant-rap/RAP_0830.ADT	4/4 / 16T / 24 steps
PF_0543	0.78	2	4	RC_0099	2	IDX_0000017	instant-rap/RAP_0606.ADT	4/4 / 16T / 24 steps
PF_0543	0.78	2	4	RC_0273	2	IDX_0000878	instant-rap/RAP_0604.ADT	4/4 / 16T / 24 steps
PF_0544	0.78	2	3	RC_0104	2	IDX_0000036	instant-rap/RAP_0742.ADT	4/4 / 16T / 24 steps
PF_0544	0.78	2	3	RC_1128	1	IDX_0001479	instant-rap/RAP_0741.ADT	4/4 / 16T / 24 steps
PF_0545	0.78	2	2	RC_0350	1	IDX_0000037	instant-rap/RAP_0753.ADT	4/4 / 16T / 24 steps
PF_0545	0.78	2	2	RC_1094	1	IDX_0001425	instant-rap/RAP_0750.ADT	4/4 / 16T / 24 steps
PF_0546	0.78	2	2	RC_0391	1	IDX_0000107	instant-rap/RAP_0499.ADT	4/4 / 16T / 24 steps
PF_0546	0.78	2	2	RC_0722	1	IDX_0000718	instant-rap/RAP_0770.ADT	4/4 / 16T / 24 steps
PF_0547	0.78	2	2	RC_0399	1	IDX_0000115	instant-rap/RAP_0550.ADT	4/4 / 16T / 24 steps
PF_0547	0.78	2	2	RC_0929	1	IDX_0001118	instant-rap/RAP_0558.ADT	4/4 / 16T / 24 steps
PF_0548	0.78	2	2	RC_0407	1	IDX_0000136	instant-rap/RAP_0491.ADT	4/4 / 16T / 24 steps
PF_0548	0.78	2	2	RC_0794	1	IDX_0000864	instant-rap/RAP_0489.ADT	4/4 / 16T / 24 steps
PF_0549	0.78	2	3	RC_0177	2	IDX_0000302	instant-rap/RAP_0621.ADT	4/4 / 16T / 24 steps
PF_0549	0.78	2	3	RC_0431	1	IDX_0000187	instant-rap/RAP_0552.ADT	4/4 / 16T / 24 steps
PF_0550	0.78	2	3	RC_0152	2	IDX_0000194	instant-rap/RAP_0836.ADT	4/4 / 16T / 24 steps
PF_0550	0.78	2	3	RC_1139	1	IDX_0001501	instant-rap/RAP_0838.ADT	4/4 / 16T / 24 steps
PF_0551	0.78	2	2	RC_0440	1	IDX_0000199	instant-rap/RAP_0499.ADT	4/4 / 16T / 24 steps
PF_0551	0.78	2	2	RC_0919	1	IDX_0001102	instant-rap/RAP_0566.ADT	4/4 / 16T / 24 steps
PF_0552	0.78	2	2	RC_0502	1	IDX_0000319	instant-rap/RAP_0612.ADT	4/4 / 16T / 24 steps
PF_0552	0.78	2	2	RC_0728	1	IDX_0000732	instant-rap/RAP_0616.ADT	4/4 / 16T / 24 steps
PF_0553	0.78	2	2	RC_0546	1	IDX_0000398	instant-rap/RAP_0695.ADT	4/4 / 16T / 24 steps
PF_0553	0.78	2	2	RC_1221	1	IDX_0001651	instant-rap/RAP_0695.ADT	4/4 / 16T / 24 steps
PF_0554	0.78	2	2	RC_0559	1	IDX_0000424	instant-rap/RAP_0548.ADT	4/4 / 16T / 24 steps
PF_0554	0.78	2	2	RC_1292	1	IDX_0001766	instant-rap/RAP_0556.ADT	4/4 / 16T / 24 steps
PF_0555	0.78	2	3	RC_0236	2	IDX_0000643	instant-rap/RAP_0693.ADT	4/4 / 16T / 24 steps
PF_0555	0.78	2	3	RC_0561	1	IDX_0000427	instant-rap/RAP_0690.ADT	4/4 / 16T / 24 steps
PF_0556	0.78	2	2	RC_0582	1	IDX_0000460	instant-rap/RAP_0684.ADT	4/4 / 16T / 24 steps
PF_0556	0.78	2	2	RC_0696	1	IDX_0000680	instant-rap/RAP_0680.ADT	4/4 / 16T / 24 steps
PF_0557	0.78	2	2	RC_0593	1	IDX_0000479	instant-rap/RAP_0549.ADT	4/4 / 16T / 24 steps
PF_0557	0.78	2	2	RC_0752	1	IDX_0000780	instant-rap/RAP_0546.ADT	4/4 / 16T / 24 steps
PF_0558	0.78	2	2	RC_0601	1	IDX_0000497	instant-rap/RAP_0545.ADT	4/4 / 16T / 24 steps
PF_0558	0.78	2	2	RC_0992	1	IDX_0001233	instant-rap/RAP_0543.ADT	4/4 / 16T / 24 steps
PF_0559	0.78	2	3	RC_0297	2	IDX_0001049	instant-rap/RAP_0698.ADT	4/4 / 16T / 24 steps
PF_0559	0.78	2	3	RC_0606	1	IDX_0000505	instant-rap/RAP_0683.ADT	4/4 / 16T / 24 steps
PF_0560	0.78	2	3	RC_0211	2	IDX_0000515	instant-rap/RAP_0490.ADT	4/4 / 16T / 24 steps
PF_0560	0.78	2	3	RC_1216	1	IDX_0001642	instant-rap/RAP_0480.ADT	4/4 / 16T / 24 steps
PF_0561	0.78	2	2	RC_0631	1	IDX_0000545	instant-rap/RAP_0682.ADT	4/4 / 16T / 24 steps
PF_0561	0.78	2	2	RC_0704	1	IDX_0000690	instant-rap/RAP_0685.ADT	4/4 / 16T / 24 steps
PF_0562	0.78	2	3	RC_0226	2	IDX_0000594	instant-rap/RAP_0696.ADT	4/4 / 16T / 24 steps
PF_0562	0.78	2	3	RC_0796	1	IDX_0000866	instant-rap/RAP_0764.ADT	4/4 / 16T / 24 steps
PF_0563	0.78	2	2	RC_0714	1	IDX_0000704	instant-rap/RAP_0767.ADT	4/4 / 16T / 24 steps
PF_0563	0.78	2	2	RC_1157	1	IDX_0001535	instant-rap/RAP_0767.ADT	4/4 / 16T / 24 steps
PF_0564	0.78	2	2	RC_0718	1	IDX_0000710	instant-rap/RAP_0752.ADT	4/4 / 16T / 24 steps
PF_0564	0.78	2	2	RC_0891	1	IDX_0001029	instant-rap/RAP_0760.ADT	4/4 / 16T / 24 steps
PF_0565	0.78	2	3	RC_0264	2	IDX_0000838	instant-rap/RAP_0479.ADT	4/4 / 16T / 24 steps
PF_0565	0.78	2	3	RC_1275	1	IDX_0001735	instant-rap/RAP_0822.ADT	4/4 / 16T / 24 steps
PF_0566	0.78	2	3	RC_0270	2	IDX_0000861	instant-rap/RAP_0495.ADT	4/4 / 16T / 24 steps
PF_0566	0.78	2	3	RC_0998	1	IDX_0001247	instant-rap/RAP_0484.ADT	4/4 / 16T / 24 steps
PF_0567	0.78	2	2	RC_0815	1	IDX_0000898	instant-rap/RAP_0692.ADT	4/4 / 16T / 24 steps
PF_0567	0.78	2	2	RC_1044	1	IDX_0001341	instant-rap/RAP_0688.ADT	4/4 / 16T / 24 steps
PF_0568	0.78	2	3	RC_0279	2	IDX_0000934	instant-rap/RAP_0605.ADT	4/4 / 16T / 24 steps
PF_0568	0.78	2	3	RC_1031	1	IDX_0001309	instant-rap/RAP_0609.ADT	4/4 / 16T / 24 steps
PF_0569	0.78	2	2	RC_0868	1	IDX_0000993	instant-rap/RAP_0677.ADT	4/4 / 16T / 24 steps
PF_0569	0.78	2	2	RC_1288	1	IDX_0001757	instant-rap/RAP_0696.ADT	4/4 / 16T / 24 steps
PF_0570	0.78	2	2	RC_0873	1	IDX_0001001	instant-rap/RAP_0838.ADT	4/4 / 16T / 24 steps
PF_0570	0.78	2	2	RC_1122	1	IDX_0001462	instant-rap/RAP_0566.ADT	4/4 / 16T / 24 steps
PF_0571	0.78	2	2	RC_0889	1	IDX_0001025	instant-rap/RAP_0495.ADT	4/4 / 16T / 24 steps
PF_0571	0.78	2	2	RC_1127	1	IDX_0001475	instant-rap/RAP_0483.ADT	4/4 / 16T / 24 steps
PF_0572	0.78	2	2	RC_0890	1	IDX_0001026	instant-rap/RAP_0754.ADT	4/4 / 16T / 24 steps
PF_0572	0.78	2	2	RC_1287	1	IDX_0001755	instant-rap/RAP_0762.ADT	4/4 / 16T / 24 steps
PF_0573	0.78	2	3	RC_0292	2	IDX_0001037	instant-rap/RAP_0759.ADT	4/4 / 16T / 24 steps
PF_0573	0.78	2	3	RC_0902	1	IDX_0001063	instant-rap/RAP_0751.ADT	4/4 / 16T / 24 steps
PF_0574	0.78	2	3	RC_0326	2	IDX_0001467	instant-rap/RAP_0810.ADT	4/4 / 16T / 24 steps
PF_0574	0.78	2	3	RC_0915	1	IDX_0001097	instant-rap/RAP_0813.ADT	4/4 / 16T / 24 steps
PF_0575	0.78	2	2	RC_0945	1	IDX_0001147	instant-rap/RAP_0671.ADT	4/4 / 16T / 24 steps
PF_0575	0.78	2	2	RC_1174	1	IDX_0001566	instant-rap/RAP_0739.ADT	4/4 / 16T / 24 steps
PF_0576	0.78	2	2	RC_0957	1	IDX_0001168	instant-rap/RAP_0500.ADT	4/4 / 16T / 24 steps
PF_0576	0.78	2	2	RC_1198	1	IDX_0001606	instant-rap/RAP_0500.ADT	4/4 / 16T / 24 steps
PF_0577	0.78	2	2	RC_0980	1	IDX_0001214	instant-rap/RAP_0820.ADT	4/4 / 16T / 24 steps
PF_0577	0.78	2	2	RC_1181	1	IDX_0001579	instant-rap/RAP_0828.ADT	4/4 / 16T / 24 steps
PF_0578	0.78	2	2	RC_1014	1	IDX_0001277	instant-rap/RAP_0697.ADT	4/4 / 16T / 24 steps
PF_0578	0.78	2	2	RC_1026	1	IDX_0001302	instant-rap/RAP_0561.ADT	4/4 / 16T / 24 steps
PF_0579	0.78	2	2	RC_1109	1	IDX_0001444	instant-rap/RAP_0557.ADT	4/4 / 16T / 24 steps
PF_0579	0.78	2	2	RC_1215	1	IDX_0001641	instant-rap/RAP_0567.ADT	4/4 / 16T / 24 steps
PF_0580	0.78	2	2	RC_1142	1	IDX_0001508	instant-rap/RAP_0758.ADT	4/4 / 16T / 24 steps
PF_0580	0.78	2	2	RC_1231	1	IDX_0001670	instant-rap/RAP_0761.ADT	4/4 / 16T / 24 steps
PF_0581	0.78	2	2	RC_1146	1	IDX_0001518	instant-rap/RAP_0676.ADT	4/4 / 16T / 24 steps
PF_0581	0.78	2	2	RC_1269	1	IDX_0001724	instant-rap/RAP_0672.ADT	4/4 / 16T / 24 steps
PF_0582	0.78	1	2	RC_0101	2	IDX_0000022	instant-rap/RAP_0757.ADT	4/4 / 16T / 24 steps
PF_0583	0.78	1	1	RC_0356	1	IDX_0000044	instant-rap/RAP_0678.ADT	4/4 / 16T / 24 steps
PF_0584	0.78	1	2	RC_0116	2	IDX_0000082	instant-rap/RAP_0747.ADT	4/4 / 16T / 24 steps
PF_0585	0.78	1	1	RC_0381	1	IDX_0000087	instant-rap/RAP_0765.ADT	4/4 / 16T / 24 steps
PF_0586	0.78	1	1	RC_0388	1	IDX_0000100	instant-rap/RAP_0840.ADT	4/4 / 16T / 24 steps
PF_0587	0.78	1	1	RC_0405	1	IDX_0000131	instant-rap/RAP_0763.ADT	4/4 / 16T / 24 steps
PF_0588	0.78	1	1	RC_0411	1	IDX_0000141	instant-rap/RAP_0635.ADT	4/4 / 16T / 24 steps
PF_0589	0.78	1	2	RC_0143	2	IDX_0000166	instant-rap/RAP_0839.ADT	4/4 / 16T / 24 steps
PF_0590	0.78	1	1	RC_0444	1	IDX_0000205	instant-rap/RAP_0633.ADT	4/4 / 16T / 24 steps
PF_0591	0.78	1	1	RC_0451	1	IDX_0000214	instant-rap/RAP_0568.ADT	4/4 / 16T / 24 steps
PF_0592	0.78	1	1	RC_0475	1	IDX_0000262	instant-rap/RAP_0765.ADT	4/4 / 16T / 24 steps
PF_0593	0.78	1	2	RC_0167	2	IDX_0000275	mididrumfiles-80/FOL_0005.ADT	4/4 / 16T / 24 steps
PF_0594	0.78	1	2	RC_0179	2	IDX_0000323	instant-rap/RAP_0833.ADT	4/4 / 16T / 24 steps
PF_0595	0.78	1	1	RC_0529	1	IDX_0000365	instant-rap/RAP_0554.ADT	4/4 / 16T / 24 steps
PF_0596	0.78	1	2	RC_0192	2	IDX_0000396	instant-rap/RAP_0496.ADT	4/4 / 16T / 24 steps
PF_0597	0.78	1	1	RC_0564	1	IDX_0000432	instant-rap/RAP_0744.ADT	4/4 / 16T / 24 steps
PF_0598	0.78	1	1	RC_0567	1	IDX_0000437	instant-rap/RAP_0565.ADT	4/4 / 16T / 24 steps
PF_0599	0.78	1	1	RC_0569	1	IDX_0000439	instant-rap/RAP_0833.ADT	4/4 / 16T / 24 steps
PF_0600	0.78	1	1	RC_0600	1	IDX_0000496	instant-rap/RAP_0674.ADT	4/4 / 16T / 24 steps
PF_0601	0.78	1	1	RC_0608	1	IDX_0000507	instant-rap/RAP_0763.ADT	4/4 / 16T / 24 steps
PF_0602	0.78	1	1	RC_0632	1	IDX_0000549	instant-rap/RAP_0694.ADT	4/4 / 16T / 24 steps
PF_0603	0.78	1	1	RC_0673	1	IDX_0000637	instant-rap/RAP_0835.ADT	4/4 / 16T / 24 steps
PF_0604	0.78	1	1	RC_0690	1	IDX_0000664	mididrumfiles-80/TBR_0014.ADT	4/4 / 16T / 24 steps
PF_0605	0.78	1	1	RC_0693	1	IDX_0000668	instant-rap/RAP_0565.ADT	4/4 / 16T / 24 steps
PF_0606	0.78	1	3	RC_0060	3	IDX_0000696	instant-rap/RAP_0628.ADT	4/4 / 16T / 24 steps
PF_0607	0.78	1	1	RC_0712	1	IDX_0000702	instant-rap/RAP_0835.ADT	4/4 / 16T / 24 steps
PF_0608	0.78	1	1	RC_0720	1	IDX_0000715	instant-rap/RAP_0629.ADT	4/4 / 16T / 24 steps
PF_0609	0.78	1	1	RC_0729	1	IDX_0000733	instant-rap/RAP_0101.ADT	4/4 / 16T / 24 steps
PF_0610	0.78	1	2	RC_0251	2	IDX_0000742	instant-rap/RAP_0486.ADT	4/4 / 16T / 24 steps
PF_0611	0.78	1	1	RC_0746	1	IDX_0000768	instant-rap/RAP_0628.ADT	4/4 / 16T / 24 steps
PF_0612	0.78	1	1	RC_0755	1	IDX_0000784	instant-rap/RAP_0633.ADT	4/4 / 16T / 24 steps
PF_0613	0.78	1	1	RC_0776	1	IDX_0000822	instant-rap/RAP_0837.ADT	4/4 / 16T / 24 steps
PF_0614	0.78	1	1	RC_0784	1	IDX_0000837	instant-rap/RAP_0746.ADT	4/4 / 16T / 24 steps
PF_0615	0.78	1	1	RC_0799	1	IDX_0000869	instant-rap/RAP_0704.ADT	4/4 / 16T / 24 steps
PF_0616	0.78	1	1	RC_0800	1	IDX_0000870	instant-rap/RAP_0560.ADT	4/4 / 16T / 24 steps
PF_0617	0.78	1	1	RC_0825	1	IDX_0000915	instant-rap/RAP_0561.ADT	4/4 / 16T / 24 steps
PF_0618	0.78	1	1	RC_0832	1	IDX_0000930	instant-rap/RAP_0634.ADT	4/4 / 16T / 24 steps
PF_0619	0.78	1	1	RC_0857	1	IDX_0000976	instant-rap/RAP_0636.ADT	4/4 / 16T / 24 steps
PF_0620	0.78	1	2	RC_0286	2	IDX_0000986	instant-rap/RAP_0687.ADT	4/4 / 16T / 24 steps
PF_0621	0.78	1	2	RC_0287	2	IDX_0000991	instant-rap/RAP_0702.ADT	4/4 / 16T / 24 steps
PF_0622	0.78	1	1	RC_0876	1	IDX_0001004	instant-rap/RAP_0837.ADT	4/4 / 16T / 24 steps
PF_0623	0.78	1	1	RC_0914	1	IDX_0001096	instant-rap/RAP_0764.ADT	4/4 / 16T / 24 steps
PF_0624	0.78	1	1	RC_0966	1	IDX_0001192	instant-rap/RAP_0472.ADT	4/4 / 16T / 24 steps
PF_0625	0.78	1	1	RC_0990	1	IDX_0001231	mididrumfiles-80/TBR_0014.ADT	4/4 / 16T / 24 steps
PF_0626	0.78	1	1	RC_1003	1	IDX_0001255	instant-rap/RAP_0501.ADT	4/4 / 16T / 24 steps
PF_0627	0.78	1	1	RC_1048	1	IDX_0001345	instant-rap/RAP_0563.ADT	4/4 / 16T / 24 steps
PF_0628	0.78	1	1	RC_1060	1	IDX_0001364	instant-rap/RAP_0629.ADT	4/4 / 16T / 24 steps
PF_0629	0.78	1	1	RC_1076	1	IDX_0001390	instant-rap/RAP_0770.ADT	4/4 / 16T / 24 steps
PF_0630	0.78	1	1	RC_1097	1	IDX_0001428	instant-rap/RAP_0563.ADT	4/4 / 16T / 24 steps
PF_0631	0.78	1	1	RC_1129	1	IDX_0001484	instant-rap/RAP_0624.ADT	4/4 / 16T / 24 steps
PF_0632	0.78	1	1	RC_1136	1	IDX_0001497	instant-rap/RAP_0478.ADT	4/4 / 16T / 24 steps
PF_0633	0.78	1	1	RC_1176	1	IDX_0001569	instant-rap/RAP_0771.ADT	4/4 / 16T / 24 steps
PF_0634	0.78	1	1	RC_1200	1	IDX_0001609	instant-rap/RAP_0634.ADT	4/4 / 16T / 24 steps
PF_0635	0.78	1	1	RC_1290	1	IDX_0001763	instant-rap/RAP_0772.ADT	4/4 / 16T / 24 steps
PF_0636	0.78	4	13	RC_0007	6	IDX_0000370	instant-rap/RAP_0845.ADT	4/4 / 32 / 32 steps
PF_0636	0.78	4	13	RC_0024	4	IDX_0000749	instant-rap/RAP_0843.ADT	4/4 / 32 / 32 steps
PF_0636	0.78	4	13	RC_0184	2	IDX_0000361	instant-rap/RAP_0575.ADT	4/4 / 32 / 32 steps
PF_0636	0.78	4	13	RC_1135	1	IDX_0001494	instant-rap/RAP_0576.ADT	4/4 / 32 / 32 steps
PF_0637	0.78	4	5	RC_0308	2	IDX_0001093	instant-rap/RAP_0861.ADT	4/4 / 32 / 32 steps
PF_0637	0.78	4	5	RC_0573	1	IDX_0000447	instant-rap/RAP_0601.ADT	4/4 / 32 / 32 steps
PF_0637	0.78	4	5	RC_0741	1	IDX_0000758	instant-rap/RAP_0873.ADT	4/4 / 32 / 32 steps
PF_0637	0.78	4	5	RC_0850	1	IDX_0000967	instant-rap/RAP_0589.ADT	4/4 / 32 / 32 steps
PF_0638	0.78	3	4	RC_0107	2	IDX_0000052	instant-rap/RAP_0507.ADT	4/4 / 32 / 32 steps
PF_0638	0.78	3	4	RC_0662	1	IDX_0000616	instant-rap/RAP_0505.ADT	4/4 / 32 / 32 steps
PF_0638	0.78	3	4	RC_1180	1	IDX_0001578	instant-rap/RAP_0504.ADT	4/4 / 32 / 32 steps
PF_0639	0.78	3	6	RC_0038	3	IDX_0000072	instant-rap/RAP_0593.ADT	4/4 / 32 / 32 steps
PF_0639	0.78	3	6	RC_0130	2	IDX_0000135	instant-rap/RAP_0525.ADT	4/4 / 32 / 32 steps
PF_0639	0.78	3	6	RC_1187	1	IDX_0001589	instant-rap/RAP_0661.ADT	4/4 / 32 / 32 steps
PF_0640	0.78	3	5	RC_0121	2	IDX_0000104	instant-rap/RAP_0640.ADT	4/4 / 32 / 32 steps
PF_0640	0.78	3	5	RC_0272	2	IDX_0000873	instant-rap/RAP_0638.ADT	4/4 / 32 / 32 steps
PF_0640	0.78	3	5	RC_1169	1	IDX_0001557	instant-rap/RAP_0644.ADT	4/4 / 32 / 32 steps
PF_0641	0.78	3	5	RC_0131	2	IDX_0000140	instant-rap/RAP_0656.ADT	4/4 / 32 / 32 steps
PF_0641	0.78	3	5	RC_0304	2	IDX_0001078	instant-rap/RAP_0659.ADT	4/4 / 32 / 32 steps
PF_0641	0.78	3	5	RC_0626	1	IDX_0000538	instant-rap/RAP_0648.ADT	4/4 / 32 / 32 steps
PF_0642	0.78	3	4	RC_0145	2	IDX_0000168	instant-rap/RAP_0774.ADT	4/4 / 32 / 32 steps
PF_0642	0.78	3	4	RC_0443	1	IDX_0000204	instant-rap/RAP_0777.ADT	4/4 / 32 / 32 steps
PF_0642	0.78	3	4	RC_0716	1	IDX_0000708	instant-rap/RAP_0709.ADT	4/4 / 32 / 32 steps
PF_0643	0.78	3	3	RC_0534	1	IDX_0000377	instant-rap/RAP_0872.ADT	4/4 / 32 / 32 steps
PF_0643	0.78	3	3	RC_0949	1	IDX_0001153	instant-rap/RAP_0600.ADT	4/4 / 32 / 32 steps
PF_0643	0.78	3	3	RC_1043	1	IDX_0001339	instant-rap/RAP_0804.ADT	4/4 / 32 / 32 steps
PF_0644	0.78	3	3	RC_0549	1	IDX_0000401	instant-rap/RAP_0855.ADT	4/4 / 32 / 32 steps
PF_0644	0.78	3	3	RC_0869	1	IDX_0000997	instant-rap/RAP_0581.ADT	4/4 / 32 / 32 steps
PF_0644	0.78	3	3	RC_1002	1	IDX_0001254	instant-rap/RAP_0851.ADT	4/4 / 32 / 32 steps
PF_0645	0.78	3	3	RC_0592	1	IDX_0000478	instant-rap/RAP_0587.ADT	4/4 / 32 / 32 steps
PF_0645	0.78	3	3	RC_0994	1	IDX_0001237	instant-rap/RAP_0859.ADT	4/4 / 32 / 32 steps
PF_0645	0.78	3	3	RC_1144	1	IDX_0001512	instant-rap/RAP_0521.ADT	4/4 / 32 / 32 steps
PF_0646	0.78	3	5	RC_0209	2	IDX_0000500	instant-rap/RAP_0523.ADT	4/4 / 32 / 32 steps
PF_0646	0.78	3	5	RC_0315	2	IDX_0001177	instant-rap/RAP_0518.ADT	4/4 / 32 / 32 steps
PF_0646	0.78	3	5	RC_0764	1	IDX_0000800	instant-rap/RAP_0655.ADT	4/4 / 32 / 32 steps
PF_0647	0.78	3	4	RC_0210	2	IDX_0000510	instant-rap/RAP_0645.ADT	4/4 / 32 / 32 steps
PF_0647	0.78	3	4	RC_0829	1	IDX_0000925	instant-rap/RAP_0652.ADT	4/4 / 32 / 32 steps
PF_0647	0.78	3	4	RC_1025	1	IDX_0001298	instant-rap/RAP_0649.ADT	4/4 / 32 / 32 steps
PF_0648	0.78	3	3	RC_0617	1	IDX_0000523	instant-rap/RAP_0790.ADT	4/4 / 32 / 32 steps
PF_0648	0.78	3	3	RC_1004	1	IDX_0001256	instant-rap/RAP_0723.ADT	4/4 / 32 / 32 steps
PF_0648	0.78	3	3	RC_1058	1	IDX_0001362	instant-rap/RAP_0725.ADT	4/4 / 32 / 32 steps
PF_0649	0.78	3	4	RC_0243	2	IDX_0000685	instant-rap/RAP_0857.ADT	4/4 / 32 / 32 steps
PF_0649	0.78	3	4	RC_0719	1	IDX_0000712	instant-rap/RAP_0849.ADT	4/4 / 32 / 32 steps
PF_0649	0.78	3	4	RC_1059	1	IDX_0001363	instant-rap/RAP_0515.ADT	4/4 / 32 / 32 steps
PF_0650	0.78	3	3	RC_0761	1	IDX_0000796	instant-rap/RAP_0782.ADT	4/4 / 32 / 32 steps
PF_0650	0.78	3	3	RC_0887	1	IDX_0001021	instant-rap/RAP_0720.ADT	4/4 / 32 / 32 steps
PF_0650	0.78	3	3	RC_1207	1	IDX_0001626	instant-rap/RAP_0715.ADT	4/4 / 32 / 32 steps
PF_0651	0.78	3	5	RC_0319	2	IDX_0001194	instant-rap/RAP_0860.ADT	4/4 / 32 / 32 steps
PF_0651	0.78	3	5	RC_0336	2	IDX_0001688	instant-rap/RAP_0873.ADT	4/4 / 32 / 32 steps
PF_0651	0.78	3	5	RC_0860	1	IDX_0000983	instant-rap/RAP_0847.ADT	4/4 / 32 / 32 steps
PF_0652	0.78	3	3	RC_1016	1	IDX_0001279	instant-rap/RAP_0578.ADT	4/4 / 32 / 32 steps
PF_0652	0.78	3	3	RC_1057	1	IDX_0001360	instant-rap/RAP_0858.ADT	4/4 / 32 / 32 steps
PF_0652	0.78	3	3	RC_1248	1	IDX_0001699	instant-rap/RAP_0586.ADT	4/4 / 32 / 32 steps
PF_0653	0.78	2	2	RC_0371	1	IDX_0000073	instant-rap/RAP_0522.ADT	4/4 / 32 / 32 steps
PF_0653	0.78	2	2	RC_1192	1	IDX_0001596	instant-rap/RAP_0524.ADT	4/4 / 32 / 32 steps
PF_0654	0.78	2	2	RC_0377	1	IDX_0000083	instant-rap/RAP_0705.ADT	4/4 / 32 / 32 steps
PF_0654	0.78	2	2	RC_1065	1	IDX_0001369	instant-rap/RAP_0773.ADT	4/4 / 32 / 32 steps
PF_0655	0.78	2	2	RC_0378	1	IDX_0000084	instant-rap/RAP_0577.ADT	4/4 / 32 / 32 steps
PF_0655	0.78	2	2	RC_0532	1	IDX_0000374	instant-rap/RAP_0579.ADT	4/4 / 32 / 32 steps
PF_0656	0.78	2	2	RC_0384	1	IDX_0000092	instant-rap/RAP_0516.ADT	4/4 / 32 / 32 steps
PF_0656	0.78	2	2	RC_0780	1	IDX_0000829	instant-rap/RAP_0511.ADT	4/4 / 32 / 32 steps
PF_0657	0.78	2	2	RC_0401	1	IDX_0000118	instant-rap/RAP_0724.ADT	4/4 / 32 / 32 steps
PF_0657	0.78	2	2	RC_1272	1	IDX_0001730	instant-rap/RAP_0728.ADT	4/4 / 32 / 32 steps
PF_0658	0.78	2	2	RC_0403	1	IDX_0000125	instant-rap/RAP_0533.ADT	4/4 / 32 / 32 steps
PF_0658	0.78	2	2	RC_1102	1	IDX_0001435	instant-rap/RAP_0533.ADT	4/4 / 32 / 32 steps
PF_0659	0.78	2	2	RC_0409	1	IDX_0000138	instant-rap/RAP_0532.ADT	4/4 / 32 / 32 steps
PF_0659	0.78	2	2	RC_0795	1	IDX_0000865	instant-rap/RAP_0532.ADT	4/4 / 32 / 32 steps
PF_0660	0.78	2	3	RC_0140	2	IDX_0000163	instant-rap/RAP_0730.ADT	4/4 / 32 / 32 steps
PF_0660	0.78	2	3	RC_0928	1	IDX_0001117	instant-rap/RAP_0798.ADT	4/4 / 32 / 32 steps
PF_0661	0.78	2	2	RC_0425	1	IDX_0000176	instant-rap/RAP_0582.ADT	4/4 / 32 / 32 steps
PF_0661	0.78	2	2	RC_0450	1	IDX_0000212	instant-rap/RAP_0590.ADT	4/4 / 32 / 32 steps
PF_0662	0.78	2	2	RC_0436	1	IDX_0000192	instant-rap/RAP_0591.ADT	4/4 / 32 / 32 steps
PF_0662	0.78	2	2	RC_0657	1	IDX_0000608	instant-rap/RAP_0601.ADT	4/4 / 32 / 32 steps
PF_0663	0.78	2	4	RC_0041	3	IDX_0000219	instant-rap/RAP_0598.ADT	4/4 / 32 / 32 steps
PF_0663	0.78	2	4	RC_0958	1	IDX_0001169	instant-rap/RAP_0734.ADT	4/4 / 32 / 32 steps
PF_0664	0.78	2	2	RC_0457	1	IDX_0000229	instant-rap/RAP_0711.ADT	4/4 / 32 / 32 steps
PF_0664	0.78	2	2	RC_1258	1	IDX_0001712	instant-rap/RAP_0730.ADT	4/4 / 32 / 32 steps
PF_0665	0.78	2	2	RC_0463	1	IDX_0000237	instant-rap/RAP_0650.ADT	4/4 / 32 / 32 steps
PF_0665	0.78	2	2	RC_1049	1	IDX_0001347	instant-rap/RAP_0646.ADT	4/4 / 32 / 32 steps
PF_0666	0.78	2	3	RC_0160	2	IDX_0000239	instant-rap/RAP_0514.ADT	4/4 / 32 / 32 steps
PF_0666	0.78	2	3	RC_1115	1	IDX_0001451	instant-rap/RAP_0856.ADT	4/4 / 32 / 32 steps
PF_0667	0.78	2	2	RC_0495	1	IDX_0000310	instant-rap/RAP_0848.ADT	4/4 / 32 / 32 steps
PF_0667	0.78	2	2	RC_0706	1	IDX_0000693	instant-rap/RAP_0864.ADT	4/4 / 32 / 32 steps
PF_0668	0.78	2	2	RC_0537	1	IDX_0000381	mididrumfiles-80/LAT_0053.ADT	4/4 / 32 / 32 steps
PF_0668	0.78	2	2	RC_0959	1	IDX_0001173	mididrumfiles-80/LAT_0053.ADT	4/4 / 32 / 32 steps
PF_0669	0.78	2	3	RC_0195	2	IDX_0000416	instant-rap/RAP_0657.ADT	4/4 / 32 / 32 steps
PF_0669	0.78	2	3	RC_0769	1	IDX_0000811	instant-rap/RAP_0669.ADT	4/4 / 32 / 32 steps
PF_0670	0.78	2	3	RC_0274	2	IDX_0000879	instant-rap/RAP_0642.ADT	4/4 / 32 / 32 steps
PF_0670	0.78	2	3	RC_0571	1	IDX_0000444	instant-rap/RAP_0637.ADT	4/4 / 32 / 32 steps
PF_0671	0.78	2	2	RC_0583	1	IDX_0000461	instant-rap/RAP_0801.ADT	4/4 / 32 / 32 steps
PF_0671	0.78	2	2	RC_1101	1	IDX_0001434	instant-rap/RAP_0801.ADT	4/4 / 32 / 32 steps
PF_0672	0.78	2	3	RC_0289	2	IDX_0001024	instant-rap/RAP_0870.ADT	4/4 / 32 / 32 steps
PF_0672	0.78	2	3	RC_0637	1	IDX_0000564	instant-rap/RAP_0872.ADT	4/4 / 32 / 32 steps
PF_0673	0.78	2	3	RC_0223	2	IDX_0000582	instant-rap/RAP_0647.ADT	4/4 / 32 / 32 steps
PF_0673	0.78	2	3	RC_0885	1	IDX_0001015	instant-rap/RAP_0714.ADT	4/4 / 32 / 32 steps
PF_0674	0.78	2	2	RC_0658	1	IDX_0000609	instant-rap/RAP_0710.ADT	4/4 / 32 / 32 steps
PF_0674	0.78	2	2	RC_1228	1	IDX_0001661	instant-rap/RAP_0706.ADT	4/4 / 32 / 32 steps
PF_0675	0.78	2	3	RC_0329	2	IDX_0001506	instant-rap/RAP_0520.ADT	4/4 / 32 / 32 steps
PF_0675	0.78	2	3	RC_0698	1	IDX_0000683	instant-rap/RAP_0517.ADT	4/4 / 32 / 32 steps
PF_0676	0.78	2	3	RC_0253	2	IDX_0000763	instant-rap/RAP_0793.ADT	4/4 / 32 / 32 steps
PF_0676	0.78	2	3	RC_1178	1	IDX_0001572	instant-rap/RAP_0785.ADT	4/4 / 32 / 32 steps
PF_0677	0.78	2	2	RC_0758	1	IDX_0000788	instant-rap/RAP_0580.ADT	4/4 / 32 / 32 steps
PF_0677	0.78	2	2	RC_1038	1	IDX_0001324	instant-rap/RAP_0583.ADT	4/4 / 32 / 32 steps
PF_0678	0.78	2	3	RC_0265	2	IDX_0000839	instant-rap/RAP_0776.ADT	4/4 / 32 / 32 steps
PF_0678	0.78	2	3	RC_0909	1	IDX_0001084	instant-rap/RAP_0775.ADT	4/4 / 32 / 32 steps
PF_0679	0.78	2	2	RC_0822	1	IDX_0000908	instant-rap/RAP_0729.ADT	4/4 / 32 / 32 steps
PF_0679	0.78	2	2	RC_1045	1	IDX_0001342	instant-rap/RAP_0729.ADT	4/4 / 32 / 32 steps
PF_0680	0.78	2	2	RC_0844	1	IDX_0000960	instant-rap/RAP_0716.ADT	4/4 / 32 / 32 steps
PF_0680	0.78	2	2	RC_0881	1	IDX_0001009	instant-rap/RAP_0719.ADT	4/4 / 32 / 32 steps
PF_0681	0.78	2	3	RC_0327	2	IDX_0001485	instant-rap/RAP_0506.ADT	4/4 / 32 / 32 steps
PF_0681	0.78	2	3	RC_0859	1	IDX_0000979	instant-rap/RAP_0508.ADT	4/4 / 32 / 32 steps
PF_0682	0.78	2	2	RC_0900	1	IDX_0001054	instant-rap/RAP_0795.ADT	4/4 / 32 / 32 steps
PF_0682	0.78	2	2	RC_1253	1	IDX_0001705	instant-rap/RAP_0792.ADT	4/4 / 32 / 32 steps
PF_0683	0.78	2	2	RC_0903	1	IDX_0001066	instant-rap/RAP_0854.ADT	4/4 / 32 / 32 steps
PF_0683	0.78	2	2	RC_0934	1	IDX_0001125	instant-rap/RAP_0862.ADT	4/4 / 32 / 32 steps
PF_0684	0.78	2	2	RC_0912	1	IDX_0001091	instant-rap/RAP_0722.ADT	4/4 / 32 / 32 steps
PF_0684	0.78	2	2	RC_1117	1	IDX_0001456	instant-rap/RAP_0726.ADT	4/4 / 32 / 32 steps
PF_0685	0.78	2	2	RC_0969	1	IDX_0001198	instant-rap/RAP_0654.ADT	4/4 / 32 / 32 steps
PF_0685	0.78	2	2	RC_1194	1	IDX_0001601	instant-rap/RAP_0658.ADT	4/4 / 32 / 32 steps
PF_0686	0.78	2	2	RC_0974	1	IDX_0001205	instant-rap/RAP_0731.ADT	4/4 / 32 / 32 steps
PF_0686	0.78	2	2	RC_1024	1	IDX_0001294	instant-rap/RAP_0595.ADT	4/4 / 32 / 32 steps
PF_0687	0.78	2	2	RC_0976	1	IDX_0001208	instant-rap/RAP_0788.ADT	4/4 / 32 / 32 steps
PF_0687	0.78	2	2	RC_1110	1	IDX_0001445	instant-rap/RAP_0796.ADT	4/4 / 32 / 32 steps
PF_0688	0.78	2	2	RC_0986	1	IDX_0001224	instant-rap/RAP_0592.ADT	4/4 / 32 / 32 steps
PF_0688	0.78	2	2	RC_1230	1	IDX_0001669	instant-rap/RAP_0584.ADT	4/4 / 32 / 32 steps
PF_0689	0.78	2	2	RC_0999	1	IDX_0001249	instant-rap/RAP_0787.ADT	4/4 / 32 / 32 steps
PF_0689	0.78	2	2	RC_1039	1	IDX_0001325	instant-rap/RAP_0784.ADT	4/4 / 32 / 32 steps
PF_0690	0.78	2	2	RC_1028	1	IDX_0001306	instant-rap/RAP_0794.ADT	4/4 / 32 / 32 steps
PF_0690	0.78	2	2	RC_1189	1	IDX_0001593	instant-rap/RAP_0786.ADT	4/4 / 32 / 32 steps
PF_0691	0.78	1	1	RC_0345	1	IDX_0000028	instant-rap/RAP_0594.ADT	4/4 / 32 / 32 steps
PF_0692	0.78	1	1	RC_0347	1	IDX_0000033	instant-rap/RAP_0799.ADT	4/4 / 32 / 32 steps
PF_0693	0.78	1	1	RC_0363	1	IDX_0000056	instant-rap/RAP_0712.ADT	4/4 / 32 / 32 steps
PF_0694	0.78	1	1	RC_0398	1	IDX_0000114	instant-rap/RAP_0534.ADT	4/4 / 32 / 32 steps
PF_0695	0.78	1	1	RC_0412	1	IDX_0000142	instant-rap/RAP_0780.ADT	4/4 / 32 / 32 steps
PF_0696	0.78	1	2	RC_0133	2	IDX_0000148	instant-rap/RAP_0721.ADT	4/4 / 32 / 32 steps
PF_0697	0.78	1	2	RC_0136	2	IDX_0000157	instant-rap/RAP_0867.ADT	4/4 / 32 / 32 steps
PF_0698	0.78	1	1	RC_0421	1	IDX_0000169	instant-rap/RAP_0867.ADT	4/4 / 32 / 32 steps
PF_0699	0.78	1	1	RC_0438	1	IDX_0000195	instant-rap/RAP_0663.ADT	4/4 / 32 / 32 steps
PF_0700	0.78	1	2	RC_0154	2	IDX_0000202	instant-200/DRM_0016.ADT	4/4 / 32 / 32 steps
PF_0701	0.78	1	2	RC_0169	2	IDX_0000284	instant-rap/RAP_0737.ADT	4/4 / 32 / 32 steps
PF_0702	0.78	1	1	RC_0487	1	IDX_0000289	instant-rap/RAP_0668.ADT	4/4 / 32 / 32 steps
PF_0703	0.78	1	2	RC_0171	2	IDX_0000293	instant-rap/RAP_0529.ADT	4/4 / 32 / 32 steps
PF_0704	0.78	1	2	RC_0174	2	IDX_0000297	instant-rap/RAP_0791.ADT	4/4 / 32 / 32 steps
PF_0705	0.78	1	1	RC_0500	1	IDX_0000316	instant-rap/RAP_0528.ADT	4/4 / 32 / 32 steps
PF_0706	0.78	1	1	RC_0507	1	IDX_0000330	instant-rap/RAP_0869.ADT	4/4 / 32 / 32 steps
PF_0707	0.78	1	1	RC_0513	1	IDX_0000342	instant-rap/RAP_0237.ADT	4/4 / 32 / 32 steps
PF_0708	0.78	1	1	RC_0531	1	IDX_0000373	instant-rap/RAP_0869.ADT	4/4 / 32 / 32 steps
PF_0709	0.78	1	1	RC_0558	1	IDX_0000422	instant-rap/RAP_0799.ADT	4/4 / 32 / 32 steps
PF_0710	0.78	1	1	RC_0560	1	IDX_0000426	instant-rap/RAP_0600.ADT	4/4 / 32 / 32 steps
PF_0711	0.78	1	1	RC_0575	1	IDX_0000452	instant-rap/RAP_0305.ADT	4/4 / 32 / 32 steps
PF_0712	0.78	1	2	RC_0205	2	IDX_0000485	instant-rap/RAP_0736.ADT	4/4 / 32 / 32 steps
PF_0713	0.78	1	1	RC_0636	1	IDX_0000557	instant-rap/RAP_0670.ADT	4/4 / 32 / 32 steps
PF_0714	0.78	1	2	RC_0225	2	IDX_0000591	instant-rap/RAP_0737.ADT	4/4 / 32 / 32 steps
PF_0715	0.78	1	1	RC_0676	1	IDX_0000648	instant-rap/RAP_0798.ADT	4/4 / 32 / 32 steps
PF_0716	0.78	1	1	RC_0697	1	IDX_0000682	instant-rap/RAP_0667.ADT	4/4 / 32 / 32 steps
PF_0717	0.78	1	1	RC_0750	1	IDX_0000778	instant-rap/RAP_0797.ADT	4/4 / 32 / 32 steps
PF_0718	0.78	1	1	RC_0760	1	IDX_0000794	instant-rap/RAP_0804.ADT	4/4 / 32 / 32 steps
PF_0719	0.78	1	1	RC_0762	1	IDX_0000797	instant-rap/RAP_0599.ADT	4/4 / 32 / 32 steps
PF_0720	0.78	1	1	RC_0775	1	IDX_0000821	instant-rap/RAP_0708.ADT	4/4 / 32 / 32 steps
PF_0721	0.78	1	1	RC_0827	1	IDX_0000920	instant-rap/RAP_0667.ADT	4/4 / 32 / 32 steps
PF_0722	0.78	1	1	RC_0833	1	IDX_0000932	instant-rap/RAP_0662.ADT	4/4 / 32 / 32 steps
PF_0723	0.78	1	1	RC_0853	1	IDX_0000972	instant-rap/RAP_0805.ADT	4/4 / 32 / 32 steps
PF_0724	0.78	1	1	RC_0864	1	IDX_0000988	instant-rap/RAP_0852.ADT	4/4 / 32 / 32 steps
PF_0725	0.78	1	1	RC_0880	1	IDX_0001008	instant-rap/RAP_0797.ADT	4/4 / 32 / 32 steps
PF_0726	0.78	1	1	RC_0884	1	IDX_0001013	instant-rap/RAP_0663.ADT	4/4 / 32 / 32 steps
PF_0727	0.78	1	1	RC_0936	1	IDX_0001132	instant-rap/RAP_0871.ADT	4/4 / 32 / 32 steps
PF_0728	0.78	1	1	RC_0948	1	IDX_0001152	instant-rap/RAP_0468.ADT	4/4 / 32 / 32 steps
PF_0729	0.78	1	1	RC_0963	1	IDX_0001181	instant-rap/RAP_0597.ADT	4/4 / 32 / 32 steps
PF_0730	0.78	1	1	RC_0991	1	IDX_0001232	instant-rap/RAP_0871.ADT	4/4 / 32 / 32 steps
PF_0731	0.78	1	1	RC_1017	1	IDX_0001280	instant-rap/RAP_0203.ADT	4/4 / 32 / 32 steps
PF_0732	0.78	1	1	RC_1030	1	IDX_0001308	instant-rap/RAP_0874.ADT	4/4 / 32 / 32 steps
PF_0733	0.78	1	1	RC_1088	1	IDX_0001412	instant-rap/RAP_0599.ADT	4/4 / 32 / 32 steps
PF_0734	0.78	1	1	RC_1092	1	IDX_0001422	instant-rap/RAP_0669.ADT	4/4 / 32 / 32 steps
PF_0735	0.78	1	1	RC_1099	1	IDX_0001430	instant-rap/RAP_0339.ADT	4/4 / 32 / 32 steps
PF_0736	0.78	1	1	RC_1103	1	IDX_0001436	instant-rap/RAP_0718.ADT	4/4 / 32 / 32 steps
PF_0737	0.78	1	1	RC_1121	1	IDX_0001461	instant-rap/RAP_0778.ADT	4/4 / 32 / 32 steps
PF_0738	0.78	1	2	RC_0328	2	IDX_0001502	instant-rap/RAP_0789.ADT	4/4 / 32 / 32 steps
PF_0739	0.78	1	1	RC_1172	1	IDX_0001563	instant-rap/RAP_0597.ADT	4/4 / 32 / 32 steps
PF_0740	0.78	1	1	RC_1225	1	IDX_0001657	instant-rap/RAP_0588.ADT	4/4 / 32 / 32 steps
PF_0741	0.78	1	1	RC_1241	1	IDX_0001686	instant-rap/RAP_0668.ADT	4/4 / 32 / 32 steps
PF_0742	0.78	1	1	RC_1284	1	IDX_0001751	instant-rap/RAP_0806.ADT	4/4 / 32 / 32 steps
PF_0743	0.78	1	1	RC_1291	1	IDX_0001765	instant-rap/RAP_0717.ADT	4/4 / 32 / 32 steps
PF_0744	0.78	1	1	RC_1304	1	IDX_0001788	instant-rap/RAP_0595.ADT	4/4 / 32 / 32 steps
PF_0745	0.78	4	9	RC_0028	4	IDX_0000902	instant-200/BLU_0002.ADT	4/4 / 8T / 12 steps
PF_0745	0.78	4	9	RC_0118	2	IDX_0000094	instant-200/SWG_0008.ADT	4/4 / 8T / 12 steps
PF_0745	0.78	4	9	RC_0153	2	IDX_0000196	instant-260/BLU_0013.ADT	4/4 / 8T / 12 steps
PF_0745	0.78	4	9	RC_1197	1	IDX_0001604	instant-200/BLU_0004.ADT	4/4 / 8T / 12 steps
PF_0746	0.78	3	7	RC_0079	3	IDX_0001372	mididrumfiles-80/TBR_0004.ADT	4/4 / 8T / 12 steps
PF_0746	0.78	3	7	RC_0114	2	IDX_0000070	instant-200/BLU_0008.ADT	4/4 / 8T / 12 steps
PF_0746	0.78	3	7	RC_0146	2	IDX_0000170	mididrumfiles-80/JZZ_0010.ADT	4/4 / 8T / 12 steps
PF_0747	0.78	3	4	RC_0127	2	IDX_0000128	instant-260/SWG_0013.ADT	4/4 / 8T / 12 steps
PF_0747	0.78	3	4	RC_0392	1	IDX_0000108	instant-260/SWG_0010.ADT	4/4 / 8T / 12 steps
PF_0747	0.78	3	4	RC_0642	1	IDX_0000574	instant-260/SWG_0014.ADT	4/4 / 8T / 12 steps
PF_0748	0.78	3	5	RC_0144	2	IDX_0000167	mididrumfiles-80/JZZ_0012.ADT	4/4 / 8T / 12 steps
PF_0748	0.78	3	5	RC_0322	2	IDX_0001299	instant-260/SWG_0015.ADT	4/4 / 8T / 12 steps
PF_0748	0.78	3	5	RC_1051	1	IDX_0001352	instant-260/SHF_0002.ADT	4/4 / 8T / 12 steps
PF_0749	0.78	3	5	RC_0166	2	IDX_0000269	instant-200/BLU_0011.ADT	4/4 / 8T / 12 steps
PF_0749	0.78	3	5	RC_0277	2	IDX_0000919	mididrumfiles-80/BLU_0026.ADT	4/4 / 8T / 12 steps
PF_0749	0.78	3	5	RC_0839	1	IDX_0000949	instant-260/BLU_0014.ADT	4/4 / 8T / 12 steps
PF_0750	0.78	3	9	RC_0014	5	IDX_0001300	mididrumfiles-80/TBR_0011.ADT	4/4 / 8T / 12 steps
PF_0750	0.78	3	9	RC_0062	3	IDX_0000720	mididrumfiles-80/BLU_0028.ADT	4/4 / 8T / 12 steps
PF_0750	0.78	3	9	RC_0483	1	IDX_0000281	mididrumfiles-80/TBR_0010.ADT	4/4 / 8T / 12 steps
PF_0751	0.78	3	7	RC_0066	3	IDX_0000841	mididrumfiles-80/CON_0042.ADT	4/4 / 8T / 12 steps
PF_0751	0.78	3	7	RC_0077	3	IDX_0001332	instant-200/SWG_0004.ADT	4/4 / 8T / 12 steps
PF_0751	0.78	3	7	RC_0843	1	IDX_0000959	instant-200/SWG_0001.ADT	4/4 / 8T / 12 steps
PF_0752	0.78	2	2	RC_0348	1	IDX_0000034	instant-200/REG_0010.ADT	4/4 / 8T / 12 steps
PF_0752	0.78	2	2	RC_1283	1	IDX_0001750	instant-200/REG_0011.ADT	4/4 / 8T / 12 steps
PF_0753	0.78	2	2	RC_0374	1	IDX_0000076	instant-260/SHF_0005.ADT	4/4 / 8T / 12 steps
PF_0753	0.78	2	2	RC_0661	1	IDX_0000614	instant-260/SHF_0003.ADT	4/4 / 8T / 12 steps
PF_0754	0.78	2	2	RC_0400	1	IDX_0000116	instant-260/JZZ_0001.ADT	4/4 / 8T / 12 steps
PF_0754	0.78	2	2	RC_1081	1	IDX_0001400	instant-260/SWG_0011.ADT	4/4 / 8T / 12 steps
PF_0755	0.78	2	3	RC_0198	2	IDX_0000425	mididrumfiles-80/JZZ_0019.ADT	4/4 / 8T / 12 steps
PF_0755	0.78	2	3	RC_0454	1	IDX_0000225	mididrumfiles-80/JZZ_0019.ADT	4/4 / 8T / 12 steps
PF_0756	0.78	2	7	RC_0019	4	IDX_0000379	mididrumfiles-80/BLU_0024.ADT	4/4 / 8T / 12 steps
PF_0756	0.78	2	7	RC_0073	3	IDX_0001074	mididrumfiles-80/TBR_0015.ADT	4/4 / 8T / 12 steps
PF_0757	0.78	2	3	RC_0189	2	IDX_0000390	instant-260/BOG_0004.ADT	4/4 / 8T / 12 steps
PF_0757	0.78	2	3	RC_0874	1	IDX_0001002	instant-200/BLU_0006.ADT	4/4 / 8T / 12 steps
PF_0758	0.78	2	3	RC_0214	2	IDX_0000530	instant-260/JZZ_0002.ADT	4/4 / 8T / 12 steps
PF_0758	0.78	2	3	RC_0772	1	IDX_0000817	mididrumfiles-80/BLU_0023.ADT	4/4 / 8T / 12 steps
PF_0759	0.78	2	2	RC_0627	1	IDX_0000539	instant-200/BLU_0009.ADT	4/4 / 8T / 12 steps
PF_0759	0.78	2	2	RC_0685	1	IDX_0000657	instant-260/BLU_0020.ADT	4/4 / 8T / 12 steps
PF_0760	0.78	2	2	RC_0651	1	IDX_0000595	instant-200/REG_0012.ADT	4/4 / 8T / 12 steps
PF_0760	0.78	2	2	RC_1212	1	IDX_0001638	instant-260/REG_0033.ADT	4/4 / 8T / 12 steps
PF_0761	0.78	2	3	RC_0233	2	IDX_0000628	mididrumfiles-80/JZZ_0017.ADT	4/4 / 8T / 12 steps
PF_0761	0.78	2	3	RC_1123	1	IDX_0001464	mididrumfiles-80/JZZ_0018.ADT	4/4 / 8T / 12 steps
PF_0762	0.78	2	2	RC_0783	1	IDX_0000833	mididrumfiles-80/JZZ_0011.ADT	4/4 / 8T / 12 steps
PF_0762	0.78	2	2	RC_0855	1	IDX_0000974	mididrumfiles-80/JZZ_0015.ADT	4/4 / 8T / 12 steps
PF_0763	0.78	2	3	RC_0281	2	IDX_0000946	mididrumfiles-80/CON_0014.ADT	4/4 / 8T / 12 steps
PF_0763	0.78	2	3	RC_1153	1	IDX_0001531	mididrumfiles-80/CON_0017.ADT	4/4 / 8T / 12 steps
PF_0764	0.78	2	2	RC_0896	1	IDX_0001044	mididrumfiles-80/TBR_0008.ADT	4/4 / 8T / 12 steps
PF_0764	0.78	2	2	RC_1062	1	IDX_0001366	mididrumfiles-80/TBR_0006.ADT	4/4 / 8T / 12 steps
PF_0765	0.78	2	2	RC_0933	1	IDX_0001124	instant-260/JZZ_0009.ADT	4/4 / 8T / 12 steps
PF_0765	0.78	2	2	RC_1145	1	IDX_0001513	mididrumfiles-80/TBR_0016.ADT	4/4 / 8T / 12 steps
PF_0766	0.78	2	2	RC_1114	1	IDX_0001450	mididrumfiles-80/TBR_0003.ADT	4/4 / 8T / 12 steps
PF_0766	0.78	2	2	RC_1156	1	IDX_0001534	mididrumfiles-80/TBR_0012.ADT	4/4 / 8T / 12 steps
PF_0767	0.78	1	1	RC_0362	1	IDX_0000055	instant-260/REG_0035.ADT	4/4 / 8T / 12 steps
PF_0768	0.78	1	1	RC_0402	1	IDX_0000122	mididrumfiles-80/CON_0012.ADT	4/4 / 8T / 12 steps
PF_0769	0.78	1	1	RC_0414	1	IDX_0000147	instant-260/BOG_0006.ADT	4/4 / 8T / 12 steps
PF_0770	0.78	1	2	RC_0158	2	IDX_0000236	mididrumfiles-80/CON_0012.ADT	4/4 / 8T / 12 steps
PF_0771	0.78	1	1	RC_0491	1	IDX_0000300	mididrumfiles-80/CON_0013.ADT	4/4 / 8T / 12 steps
PF_0772	0.78	1	1	RC_0548	1	IDX_0000400	instant-200/SWG_0006.ADT	4/4 / 8T / 12 steps
PF_0773	0.78	1	1	RC_0563	1	IDX_0000430	instant-260/SHF_0006.ADT	4/4 / 8T / 12 steps
PF_0774	0.78	1	1	RC_0594	1	IDX_0000481	instant-260/SHF_0009.ADT	4/4 / 8T / 12 steps
PF_0775	0.78	1	1	RC_0598	1	IDX_0000492	instant-260/BLU_0017.ADT	4/4 / 8T / 12 steps
PF_0776	0.78	1	1	RC_0607	1	IDX_0000506	instant-260/SWG_0016.ADT	4/4 / 8T / 12 steps
PF_0777	0.78	1	1	RC_0669	1	IDX_0000633	mididrumfiles-80/CON_0016.ADT	4/4 / 8T / 12 steps
PF_0778	0.78	1	1	RC_0674	1	IDX_0000640	instant-260/BOG_0005.ADT	4/4 / 8T / 12 steps
PF_0779	0.78	1	2	RC_0266	2	IDX_0000846	instant-260/SHF_0008.ADT	4/4 / 8T / 12 steps
PF_0780	0.78	1	1	RC_0798	1	IDX_0000868	instant-200/SWG_0003.ADT	4/4 / 8T / 12 steps
PF_0781	0.78	1	1	RC_0813	1	IDX_0000896	instant-260/SWG_0012.ADT	4/4 / 8T / 12 steps
PF_0782	0.78	1	1	RC_0817	1	IDX_0000901	instant-260/JZZ_0007.ADT	4/4 / 8T / 12 steps
PF_0783	0.78	1	1	RC_0828	1	IDX_0000921	instant-260/JZZ_0006.ADT	4/4 / 8T / 12 steps
PF_0784	0.78	1	1	RC_0838	1	IDX_0000947	mididrumfiles-80/CON_0016.ADT	4/4 / 8T / 12 steps
PF_0785	0.78	1	1	RC_0871	1	IDX_0000999	instant-200/BLU_0003.ADT	4/4 / 8T / 12 steps
PF_0786	0.78	1	1	RC_0932	1	IDX_0001123	instant-200/BLU_0012.ADT	4/4 / 8T / 12 steps
PF_0787	0.78	1	1	RC_0943	1	IDX_0001143	instant-260/JZZ_0008.ADT	4/4 / 8T / 12 steps
PF_0788	0.78	1	1	RC_0971	1	IDX_0001202	instant-260/REG_0021.ADT	4/4 / 8T / 12 steps
PF_0789	0.78	1	1	RC_0997	1	IDX_0001245	instant-260/BLU_0018.ADT	4/4 / 8T / 12 steps
PF_0790	0.78	1	1	RC_1007	1	IDX_0001261	instant-260/SWG_0017.ADT	4/4 / 8T / 12 steps
PF_0791	0.78	1	1	RC_1078	1	IDX_0001394	instant-rap/RAP_0700.ADT	4/4 / 8T / 12 steps
PF_0792	0.78	1	1	RC_1087	1	IDX_0001411	instant-260/BLU_0021.ADT	4/4 / 8T / 12 steps
PF_0793	0.78	1	3	RC_0081	3	IDX_0001419	mididrumfiles-80/CON_0015.ADT	4/4 / 8T / 12 steps
PF_0794	0.78	1	1	RC_1227	1	IDX_0001660	instant-260/REG_0034.ADT	4/4 / 8T / 12 steps
PF_0795	0.78	1	1	RC_1234	1	IDX_0001677	instant-260/SWG_0018.ADT	4/4 / 8T / 12 steps
PF_0796	0.78	1	1	RC_1298	1	IDX_0001778	instant-260/BLU_0019.ADT	4/4 / 8T / 12 steps
PF_0797	0.78	3	5	RC_0139	2	IDX_0000162	mididrumfiles-80/SXE_0013.ADT	6/8 / 16 / 12 steps
PF_0797	0.78	3	5	RC_0147	2	IDX_0000174	mididrumfiles-80/SXE_0005.ADT	6/8 / 16 / 12 steps
PF_0797	0.78	3	5	RC_0496	1	IDX_0000311	mididrumfiles-80/SXE_0008.ADT	6/8 / 16 / 12 steps
PF_0798	0.78	3	5	RC_0204	2	IDX_0000484	mididrumfiles-80/SXE_0018.ADT	6/8 / 16 / 12 steps
PF_0798	0.78	3	5	RC_0309	2	IDX_0001115	mididrumfiles-80/SXE_0016.ADT	6/8 / 16 / 12 steps
PF_0798	0.78	3	5	RC_0865	1	IDX_0000989	mididrumfiles-80/SXE_0017.ADT	6/8 / 16 / 12 steps
PF_0799	0.78	2	5	RC_0044	3	IDX_0000276	mididrumfiles-80/SXE_0006.ADT	6/8 / 16 / 12 steps
PF_0799	0.78	2	5	RC_0207	2	IDX_0000495	mididrumfiles-80/SXE_0010.ADT	6/8 / 16 / 12 steps
PF_0800	0.78	1	2	RC_0148	2	IDX_0000175	mididrumfiles-80/SXE_0003.ADT	6/8 / 16 / 12 steps
PF_0801	0.78	1	1	RC_0433	1	IDX_0000189	mididrumfiles-80/SXE_0009.ADT	6/8 / 16 / 12 steps
PF_0802	0.78	1	1	RC_0580	1	IDX_0000458	mididrumfiles-80/LSE_0003.ADT	6/8 / 16 / 12 steps
PF_0803	0.78	1	1	RC_0727	1	IDX_0000729	mididrumfiles-80/LSE_0002.ADT	6/8 / 16 / 12 steps
PF_0804	0.78	1	2	RC_0295	2	IDX_0001042	mididrumfiles-80/SXE_0001.ADT	6/8 / 16 / 12 steps
PF_0805	0.78	1	1	RC_1190	1	IDX_0001594	mididrumfiles-80/LSE_0001.ADT	6/8 / 16 / 12 steps
