cluster_id	pattern_id	source	is_representative	similarity_to_representative	mean_similarity_to_cluster
RC_0001	IDX_0000119	mididrumfiles-80/CON_0037.ADT	1	1.000000	0.991442
RC_0001	IDX_0000402	instant-rap/RAP_0017.ADT	0	1.000000	0.991442
RC_0001	IDX_0000592	mididrumfiles-80/CON_0035.ADT	0	0.975610	0.969773
RC_0001	IDX_0000627	mididrumfiles-80/CON_0036.ADT	0	1.000000	0.991442
RC_0001	IDX_0001183	mididrumfiles-80/CON_0035.ADT	0	1.000000	0.991442
RC_0001	IDX_0001200	instant-200/DRM_0010.ADT	0	1.000000	0.991442
RC_0001	IDX_0001206	mididrumfiles-80/CON_0036.ADT	0	1.000000	0.991442
RC_0001	IDX_0001220	instant-260/SKA_0002.ADT	0	1.000000	0.991442
RC_0001	IDX_0001562	instant-rap/RAP_0084.ADT	0	0.947368	0.944669
RC_0001	IDX_0001760	mididrumfiles-80/FOL_0029.ADT	0	1.000000	0.991442
RC_0002	IDX_0000091	instant-rap/RAP_0003.ADT	0	1.000000	0.961895
RC_0002	IDX_0000213	instant-rap/RAP_0071.ADT	0	0.923077	0.951538
RC_0002	IDX_0000454	instant-rap/RAP_0072.ADT	0	0.923077	0.951538
RC_0002	IDX_0000522	instant-rap/RAP_0005.ADT	0	1.000000	0.961895
RC_0002	IDX_0000575	instant-rap/RAP_0075.ADT	0	1.000000	0.961895
RC_0002	IDX_0000598	instant-rap/RAP_0068.ADT	0	0.923077	0.951538
RC_0002	IDX_0000744	instant-rap/RAP_0001.ADT	1	1.000000	0.961895
RC_0002	IDX_0000881	instant-rap/RAP_0073.ADT	0	0.962963	0.956866
RC_0002	IDX_0001209	instant-rap/RAP_0074.ADT	0	0.962963	0.956866
RC_0003	IDX_0000253	instant-rap/RAP_0408.ADT	1	1.000000	0.992063
RC_0003	IDX_0000325	instant-rap/RAP_0442.ADT	0	1.000000	0.992063
RC_0003	IDX_0000597	instant-rap/RAP_0444.ADT	0	1.000000	0.992063
RC_0003	IDX_0001225	instant-rap/RAP_0136.ADT	0	1.000000	0.992063
RC_0003	IDX_0001251	instant-rap/RAP_0412.ADT	0	1.000000	0.992063
RC_0003	IDX_0001340	instant-rap/RAP_0274.ADT	0	0.952381	0.952381
RC_0003	IDX_0001644	instant-rap/RAP_0409.ADT	0	1.000000	0.992063
RC_0004	IDX_0000255	mididrumfiles-80/CON_0034.ADT	1	1.000000	0.971429
RC_0004	IDX_0000338	mididrumfiles-80/CON_0030.ADT	0	1.000000	0.971429
RC_0004	IDX_0000364	mididrumfiles-80/CON_0032.ADT	0	0.914286	0.928571
RC_0004	IDX_0001238	mididrumfiles-80/CON_0033.ADT	0	1.000000	0.971429
RC_0004	IDX_0001413	mididrumfiles-80/CON_0031.ADT	0	1.000000	0.971429
RC_0004	IDX_0001487	mididrumfiles-80/CON_0034.ADT	0	1.000000	0.971429
RC_0004	IDX_0001736	mididrumfiles-80/CON_0033.ADT	0	0.914286	0.928571
RC_0005	IDX_0000681	instant-rap/RAP_0028.ADT	0	0.930233	0.930233
RC_0005	IDX_0000767	mididrumfiles-80/CON_0001.ADT	1	1.000000	0.988372
RC_0005	IDX_0000835	mididrumfiles-80/CON_0002.ADT	0	1.000000	0.988372
RC_0005	IDX_0001375	instant-200/RCK_0008.ADT	0	1.000000	0.988372
RC_0005	IDX_0001377	mididrumfiles-80/FOL_0010.ADT	0	1.000000	0.988372
RC_0005	IDX_0001663	mididrumfiles-80/CON_0001.ADT	0	1.000000	0.988372
RC_0005	IDX_0001781	mididrumfiles-80/FOL_0010.ADT	0	1.000000	0.988372
RC_0006	IDX_0000046	mididrumfiles-80/FOL_0022.ADT	1	1.000000	1.000000
RC_0006	IDX_0000331	instant-200/RCK_0010.ADT	0	1.000000	1.000000
RC_0006	IDX_0000772	instant-200/DRM_0011.ADT	0	1.000000	1.000000
RC_0006	IDX_0001151	mididrumfiles-80/FOL_0022.ADT	0	1.000000	1.000000
RC_0006	IDX_0001408	instant-260/DSC_0001.ADT	0	1.000000	1.000000
RC_0006	IDX_0001614	instant-260/SKA_0003.ADT	0	1.000000	1.000000
RC_0007	IDX_0000288	instant-rap/RAP_0811.ADT	1	1.000000	0.980641
RC_0007	IDX_0000420	instant-rap/RAP_0535.ADT	0	1.000000	0.980641
RC_0007	IDX_0000706	instant-rap/RAP_0539.ADT	0	0.967033	0.967441
RC_0007	IDX_0000743	instant-rap/RAP_0807.ADT	0	1.000000	0.980641
RC_0007	IDX_0001486	instant-rap/RAP_0808.ADT	0	1.000000	0.980641
RC_0007	IDX_0001611	instant-rap/RAP_0536.ADT	0	0.936170	0.942751
RC_0008	IDX_0000317	instant-rap/RAP_0459.ADT	1	1.000000	0.986667
RC_0008	IDX_0000675	instant-rap/RAP_0432.ADT	0	1.000000	0.986667
RC_0008	IDX_0000713	instant-rap/RAP_0459.ADT	0	1.000000	0.986667
RC_0008	IDX_0000948	instant-rap/RAP_0364.ADT	0	0.933333	0.933333
RC_0008	IDX_0001629	instant-rap/RAP_0160.ADT	0	1.000000	0.986667
RC_0008	IDX_0001671	instant-rap/RAP_0432.ADT	0	1.000000	0.986667
RC_0009	IDX_0000299	instant-rap/RAP_0573.ADT	0	0.967033	0.967441
RC_0009	IDX_0000370	instant-rap/RAP_0845.ADT	1	1.000000	0.980641
RC_0009	IDX_0000587	instant-rap/RAP_0842.ADT	0	1.000000	0.980641
RC_0009	IDX_0000969	instant-rap/RAP_0570.ADT	0	0.936170	0.942751
RC_0009	IDX_0001050	instant-rap/RAP_0569.ADT	0	1.000000	0.980641
RC_0009	IDX_0001564	instant-rap/RAP_0841.ADT	0	1.000000	0.980641
RC_0010	IDX_0000099	mididrumfiles-80/ETH_0004.ADT	0	0.952381	0.947033
RC_0010	IDX_0000261	mididrumfiles-80/ETH_0002.ADT	0	1.000000	0.965586
RC_0010	IDX_0000577	mididrumfiles-80/ETH_0001.ADT	0	0.974359	0.965109
RC_0010	IDX_0000884	mididrumfiles-80/ETH_0001.ADT	0	0.974359	0.965109
RC_0010	IDX_0001335	mididrumfiles-80/ETH_0003.ADT	0	0.926829	0.946081
RC_0010	IDX_0001575	mididrumfiles-80/ETH_0003.ADT	1	1.000000	0.965586
RC_0011	IDX_0000048	mididrumfiles-80/LAT_0031.ADT	0	0.959569	0.954648
RC_0011	IDX_0000264	mididrumfiles-80/LAT_0030.ADT	1	1.000000	0.960203
RC_0011	IDX_0000943	instant-200/LAT_0013.ADT	0	1.000000	0.960203
RC_0011	IDX_0001296	mididrumfiles-80/LAT_0032.ADT	0	0.950495	0.944731
RC_0011	IDX_0001505	mididrumfiles-80/LAT_0032.ADT	0	0.930748	0.946696
RC_0012	IDX_0000273	mididrumfiles-80/CON_0022.ADT	0	0.935065	0.935065
RC_0012	IDX_0000304	mididrumfiles-80/CON_0024.ADT	1	1.000000	0.983766
RC_0012	IDX_0000518	mididrumfiles-80/CON_0023.ADT	0	1.000000	0.983766
RC_0012	IDX_0001246	mididrumfiles-80/CON_0022.ADT	0	1.000000	0.983766
RC_0012	IDX_0001645	mididrumfiles-80/CON_0024.ADT	0	1.000000	0.983766
RC_0013	IDX_0000356	mididrumfiles-80/CON_0038.ADT	1	1.000000	0.976687
RC_0013	IDX_0000520	mididrumfiles-80/CON_0038.ADT	0	0.950226	0.939942
RC_0013	IDX_0000841	mididrumfiles-80/CON_0042.ADT	0	1.000000	0.976687
RC_0013	IDX_0001332	instant-200/SWG_0004.ADT	0	0.956522	0.944664
RC_0013	IDX_0001373	instant-200/SWG_0002.ADT	0	1.000000	0.976687
RC_0014	IDX_0000494	mididrumfiles-80/FOL_0001.ADT	1	1.000000	0.993590
RC_0014	IDX_0000552	mididrumfiles-80/FOL_0001.ADT	0	1.000000	0.993590
RC_0014	IDX_0001248	mididrumfiles-80/FOL_0002.ADT	0	0.974359	0.974359
RC_0014	IDX_0001586	instant-200/RCK_0001.ADT	0	1.000000	0.993590
RC_0014	IDX_0001754	mididrumfiles-80/FOL_0003.ADT	0	1.000000	0.993590
RC_0015	IDX_0000701	mididrumfiles-80/LAT_0042.ADT	0	0.952381	0.947931
RC_0015	IDX_0000852	mididrumfiles-80/LAT_0041.ADT	1	1.000000	0.983378
RC_0015	IDX_0001112	instant-200/POP_0002.ADT	0	1.000000	0.983378
RC_0015	IDX_0001135	instant-200/AFC_0013.ADT	0	0.981132	0.969494
RC_0015	IDX_0001498	instant-200/LAT_0011.ADT	0	1.000000	0.983378
RC_0016	IDX_0000081	mididrumfiles-80/TBR_0012.ADT	0	0.962025	0.942551
RC_0016	IDX_0000224	mididrumfiles-80/TBR_0009.ADT	0	1.000000	0.970181
RC_0016	IDX_0000924	mididrumfiles-80/BLU_0034.ADT	0	0.959350	0.960444
RC_0016	IDX_0001221	mididrumfiles-80/BLU_0034.ADT	0	0.959350	0.960444
RC_0016	IDX_0001300	mididrumfiles-80/TBR_0011.ADT	1	1.000000	0.970181
RC_0017	IDX_0000129	mididrumfiles-80/RCK_0042.ADT	1	1.000000	0.961686
RC_0017	IDX_0000926	mididrumfiles-80/RCK_0042.ADT	0	1.000000	0.961686
RC_0017	IDX_0001105	mididrumfiles-80/CON_0003.ADT	0	0.942529	0.961686
RC_0017	IDX_0001477	mididrumfiles-80/CON_0003.ADT	0	0.942529	0.961686
RC_0018	IDX_0000218	instant-rap/RAP_0107.ADT	1	1.000000	0.944026
RC_0018	IDX_0000271	instant-rap/RAP_0039.ADT	0	0.918919	0.926288
RC_0018	IDX_0000791	instant-rap/RAP_0277.ADT	0	0.913158	0.922447
RC_0018	IDX_0000795	instant-rap/RAP_0004.ADT	0	1.000000	0.944026
RC_0019	IDX_0000376	mididrumfiles-80/FOL_0019.ADT	1	1.000000	0.946654
RC_0019	IDX_0000567	mididrumfiles-80/FOL_0018.ADT	0	0.918660	0.944819
RC_0019	IDX_0001338	mididrumfiles-80/FOL_0018.ADT	0	0.943925	0.945735
RC_0019	IDX_0001743	mididrumfiles-80/FOL_0019.ADT	0	0.977376	0.945737
RC_0020	IDX_0000433	mididrumfiles-80/CON_0021.ADT	1	1.000000	0.976744
RC_0020	IDX_0001162	mididrumfiles-80/CON_0020.ADT	0	1.000000	0.976744
RC_0020	IDX_0001236	mididrumfiles-80/CON_0019.ADT	0	1.000000	0.976744
RC_0020	IDX_0001442	mididrumfiles-80/CON_0018.ADT	0	0.930233	0.930233
RC_0021	IDX_0000563	mididrumfiles-80/CON_0039.ADT	1	1.000000	0.978723
RC_0021	IDX_0000745	mididrumfiles-80/CON_0043.ADT	0	1.000000	0.978723
RC_0021	IDX_0001018	mididrumfiles-80/CON_0039.ADT	0	1.000000	0.978723
RC_0021	IDX_0001409	mididrumfiles-80/CON_0043.ADT	0	0.936170	0.936170
RC_0022	IDX_0000263	mididrumfiles-80/LAT_0045.ADT	0	0.948571	0.942634
RC_0022	IDX_0000588	mididrumfiles-80/LAT_0046.ADT	1	1.000000	0.965095
RC_0022	IDX_0000918	mididrumfiles-80/LAT_0047.ADT	0	0.982857	0.954062
RC_0022	IDX_0000995	mididrumfiles-80/LAT_0045.ADT	0	0.963855	0.952449
RC_0023	IDX_0000296	mididrumfiles-80/LAT_0049.ADT	0	0.965197	0.960260
RC_0023	IDX_0000462	mididrumfiles-80/LAT_0048.ADT	0	0.948689	0.949254
RC_0023	IDX_0000816	mididrumfiles-80/LAT_0049.ADT	1	1.000000	0.971295
RC_0023	IDX_0001447	mididrumfiles-80/LAT_0048.ADT	0	1.000000	0.971295
RC_0024	IDX_0000850	instant-rap/RAP_0025.ADT	1	1.000000	0.949123
RC_0024	IDX_0000855	instant-rap/RAP_0364.ADT	0	1.000000	0.949123
RC_0024	IDX_0001230	instant-rap/RAP_0126.ADT	0	0.947368	0.947368
RC_0024	IDX_0001574	instant-rap/RAP_0194.ADT	0	0.900000	0.915789
RC_0025	IDX_0000145	instant-200/BLU_0005.ADT	0	0.945833	0.950556
RC_0025	IDX_0000482	instant-200/BLU_0001.ADT	0	0.960000	0.960000
RC_0025	IDX_0000902	instant-200/BLU_0002.ADT	1	1.000000	0.968611
RC_0025	IDX_0001326	instant-260/BLU_0015.ADT	0	1.000000	0.968611
RC_0026	IDX_0000883	mididrumfiles-80/CON_0028.ADT	0	0.969388	0.946416
RC_0026	IDX_0001064	mididrumfiles-80/CON_0026.ADT	1	1.000000	0.965406
RC_0026	IDX_0001687	mididrumfiles-80/CON_0027.ADT	0	1.000000	0.965406
RC_0026	IDX_0001767	mididrumfiles-80/CON_0027.ADT	0	0.926829	0.918044
RC_0027	IDX_0000102	mididrumfiles-80/FOL_0007.ADT	0	0.950820	0.944705
RC_0027	IDX_0000747	mididrumfiles-80/FOL_0007.ADT	0	0.979730	0.963978
RC_0027	IDX_0001229	mididrumfiles-80/FOL_0006.ADT	1	1.000000	0.976850
RC_0027	IDX_0001327	mididrumfiles-80/FOL_0006.ADT	0	1.000000	0.976850
RC_0028	IDX_0000003	mididrumfiles-80/THF_0008.ADT	1	1.000000	0.957627
RC_0028	IDX_0000737	mididrumfiles-80/THF_0009.ADT	0	0.915254	0.915254
RC_0028	IDX_0001439	mididrumfiles-80/THF_0008.ADT	0	1.000000	0.957627
RC_0029	IDX_0000019	instant-rap/RAP_0831.ADT	1	1.000000	1.000000
RC_0029	IDX_0000314	instant-rap/RAP_0831.ADT	0	1.000000	1.000000
RC_0029	IDX_0001083	instant-rap/RAP_0559.ADT	0	1.000000	1.000000
RC_0030	IDX_0000072	instant-rap/RAP_0593.ADT	1	1.000000	1.000000
RC_0030	IDX_0001385	instant-rap/RAP_0865.ADT	0	1.000000	1.000000
RC_0030	IDX_0001403	instant-rap/RAP_0865.ADT	0	1.000000	1.000000
RC_0031	IDX_0000080	mididrumfiles-80/RCK_0051.ADT	1	1.000000	0.975410
RC_0031	IDX_0000134	instant-260/POP_0022.ADT	0	0.950820	0.950820
RC_0031	IDX_0001095	instant-260/RCK_0016.ADT	0	1.000000	0.975410
RC_0032	IDX_0000097	mididrumfiles-80/ETH_0016.ADT	1	1.000000	1.000000
RC_0032	IDX_0000580	mididrumfiles-80/ETH_0014.ADT	0	1.000000	1.000000
RC_0032	IDX_0001053	mididrumfiles-80/ETH_0015.ADT	0	1.000000	1.000000
RC_0033	IDX_0000126	instant-rap/RAP_0445.ADT	1	1.000000	0.971698
RC_0033	IDX_0000156	instant-rap/RAP_0449.ADT	0	0.943396	0.943396
RC_0033	IDX_0001019	instant-rap/RAP_0450.ADT	0	1.000000	0.971698
RC_0034	IDX_0000186	mididrumfiles-80/ETH_0018.ADT	1	1.000000	1.000000
RC_0034	IDX_0000303	mididrumfiles-80/ETH_0019.ADT	0	1.000000	1.000000
RC_0034	IDX_0001108	mididrumfiles-80/ETH_0017.ADT	0	1.000000	1.000000
RC_0035	IDX_0000222	instant-rap/RAP_0102.ADT	1	1.000000	0.970588
RC_0035	IDX_0000475	instant-rap/RAP_0104.ADT	0	1.000000	0.970588
RC_0035	IDX_0001397	instant-rap/RAP_0170.ADT	0	0.941176	0.941176
RC_0036	IDX_0000276	mididrumfiles-80/SXE_0006.ADT	1	1.000000	0.957627
RC_0036	IDX_0000705	mididrumfiles-80/SXE_0006.ADT	0	1.000000	0.957627
RC_0036	IDX_0000789	mididrumfiles-80/SXE_0014.ADT	0	0.915254	0.915254
RC_0037	IDX_0000280	mididrumfiles-80/CON_0004.ADT	1	1.000000	1.000000
RC_0037	IDX_0001667	mididrumfiles-80/CON_0005.ADT	0	1.000000	1.000000
RC_0037	IDX_0001691	mididrumfiles-80/CON_0007.ADT	0	1.000000	1.000000
RC_0038	IDX_0000027	mididrumfiles-80/ETH_0018.ADT	0	0.934783	0.928930
RC_0038	IDX_0000307	mididrumfiles-80/ETH_0017.ADT	1	1.000000	0.961897
RC_0038	IDX_0001635	mididrumfiles-80/ETH_0019.ADT	0	0.989011	0.956044
RC_0039	IDX_0000308	instant-rap/RAP_0140.ADT	1	1.000000	0.969072
RC_0039	IDX_0000486	instant-rap/RAP_0448.ADT	0	0.969072	0.954536
RC_0039	IDX_0000810	instant-rap/RAP_0137.ADT	0	0.969072	0.954536
RC_0040	IDX_0000328	mididrumfiles-80/RCK_0072.ADT	1	1.000000	1.000000
RC_0040	IDX_0000671	instant-260/RCK_0020.ADT	0	1.000000	1.000000
RC_0040	IDX_0001617	mididrumfiles-80/RCK_0044.ADT	0	1.000000	1.000000
RC_0041	IDX_0000336	instant-rap/RAP_0273.ADT	1	1.000000	1.000000
RC_0041	IDX_0000445	instant-rap/RAP_0341.ADT	0	1.000000	1.000000
RC_0041	IDX_0001085	instant-rap/RAP_0105.ADT	0	1.000000	1.000000
RC_0042	IDX_0000355	mididrumfiles-80/CON_0014.ADT	1	1.000000	1.000000
RC_0042	IDX_0001127	mididrumfiles-80/CON_0017.ADT	0	1.000000	1.000000
RC_0042	IDX_0001419	mididrumfiles-80/CON_0015.ADT	0	1.000000	1.000000
RC_0043	IDX_0000179	instant-rap/RAP_0013.ADT	0	0.930233	0.930233
RC_0043	IDX_0000368	instant-rap/RAP_0283.ADT	1	1.000000	0.965116
RC_0043	IDX_0001070	instant-rap/RAP_0281.ADT	0	1.000000	0.965116
RC_0044	IDX_0000379	mididrumfiles-80/BLU_0024.ADT	1	1.000000	0.950980
RC_0044	IDX_0000620	mididrumfiles-80/BLU_0024.ADT	0	1.000000	0.950980
RC_0044	IDX_0001020	instant-260/SHF_0001.ADT	0	0.901961	0.901961
RC_0045	IDX_0000384	mididrumfiles-80/CON_0050.ADT	1	1.000000	0.954545
RC_0045	IDX_0000559	mididrumfiles-80/CON_0048.ADT	0	1.000000	0.954545
RC_0045	IDX_0001317	mididrumfiles-80/CON_0048.ADT	0	0.909091	0.909091
RC_0046	IDX_0000389	instant-rap/RAP_0398.ADT	1	1.000000	0.909091
RC_0046	IDX_0001110	instant-rap/RAP_0126.ADT	0	0.909091	0.904545
RC_0046	IDX_0001315	instant-rap/RAP_0194.ADT	0	0.909091	0.904545
RC_0047	IDX_0000403	mididrumfiles-80/FOL_0014.ADT	1	1.000000	0.926768
RC_0047	IDX_0000466	mididrumfiles-80/FOL_0008.ADT	0	0.909091	0.909091
RC_0047	IDX_0001099	mididrumfiles-80/FOL_0014.ADT	0	0.944444	0.926768
RC_0048	IDX_0000469	mididrumfiles-80/CON_0040.ADT	1	1.000000	0.991803
RC_0048	IDX_0000847	mididrumfiles-80/CON_0041.ADT	0	0.983607	0.983607
RC_0048	IDX_0001133	mididrumfiles-80/CON_0040.ADT	0	1.000000	0.991803
RC_0049	IDX_0000358	instant-rap/RAP_0280.ADT	0	0.941176	0.941176
RC_0049	IDX_0000472	instant-rap/RAP_0314.ADT	1	1.000000	0.951471
RC_0049	IDX_0001348	instant-rap/RAP_0112.ADT	0	0.961765	0.951471
RC_0050	IDX_0000502	instant-rap/RAP_0451.ADT	1	1.000000	0.976923
RC_0050	IDX_0000541	instant-rap/RAP_0424.ADT	0	1.000000	0.976923
RC_0050	IDX_0001707	instant-260/RCK_0026.ADT	0	0.953846	0.953846
RC_0051	IDX_0000548	mididrumfiles-80/RCK_0040.ADT	1	1.000000	0.980000
RC_0051	IDX_0000769	instant-rap/RAP_0088.ADT	0	0.960000	0.960000
RC_0051	IDX_0001514	instant-260/RCK_0015.ADT	0	1.000000	0.980000
RC_0052	IDX_0000556	instant-rap/RAP_0026.ADT	1	1.000000	0.961538
RC_0052	IDX_0000586	instant-rap/RAP_0267.ADT	0	1.000000	0.961538
RC_0052	IDX_0000677	instant-rap/RAP_0460.ADT	0	0.923077	0.923077
RC_0053	IDX_0000516	mididrumfiles-80/LAT_0052.ADT	0	0.938272	0.932753
RC_0053	IDX_0000601	mididrumfiles-80/LAT_0051.ADT	1	1.000000	0.963938
RC_0053	IDX_0001762	mididrumfiles-80/LAT_0051.ADT	0	0.989605	0.958420
RC_0054	IDX_0000123	mididrumfiles-80/LTF_0005.ADT	0	0.970149	0.970149
RC_0054	IDX_0000615	mididrumfiles-80/LTF_0004.ADT	1	1.000000	0.985075
RC_0054	IDX_0001537	mididrumfiles-80/LTF_0004.ADT	0	1.000000	0.985075
RC_0055	IDX_0000480	instant-200/FNK_0040.ADT	0	0.950820	0.928535
RC_0055	IDX_0000623	instant-200/FNK_0002.ADT	1	1.000000	0.950820
RC_0055	IDX_0001473	instant-200/BAL_0005.ADT	0	0.950820	0.928535
RC_0056	IDX_0000630	mididrumfiles-80/CON_0008.ADT	1	1.000000	1.000000
RC_0056	IDX_0001393	mididrumfiles-80/CON_0011.ADT	0	1.000000	1.000000
RC_0056	IDX_0001453	mididrumfiles-80/CON_0010.ADT	0	1.000000	1.000000
RC_0057	IDX_0000678	instant-rap/RAP_0152.ADT	1	1.000000	0.974576
RC_0057	IDX_0001081	instant-rap/RAP_0453.ADT	0	1.000000	0.974576
RC_0057	IDX_0001336	instant-200/RNB_0011.ADT	0	0.949153	0.949153
RC_0058	IDX_0000220	instant-rap/RAP_0032.ADT	0	0.933333	0.918280
RC_0058	IDX_0000711	instant-rap/RAP_0337.ADT	1	1.000000	0.921212
RC_0058	IDX_0000728	instant-rap/RAP_0032.ADT	0	0.909091	0.906158
RC_0059	IDX_0000720	mididrumfiles-80/BLU_0028.ADT	1	1.000000	0.975728
RC_0059	IDX_0001648	mididrumfiles-80/BLU_0028.ADT	0	1.000000	0.975728
RC_0059	IDX_0001698	mididrumfiles-80/BLU_0029.ADT	0	0.951456	0.951456
RC_0060	IDX_0000770	mididrumfiles-80/LAT_0024.ADT	1	1.000000	0.961298
RC_0060	IDX_0001035	mididrumfiles-80/LAT_0023.ADT	0	0.968750	0.944692
RC_0060	IDX_0001668	mididrumfiles-80/LAT_0023.ADT	0	0.953846	0.937241
RC_0061	IDX_0000787	instant-rap/RAP_0322.ADT	1	1.000000	0.958750
RC_0061	IDX_0000996	instant-rap/RAP_0120.ADT	0	0.967500	0.958750
RC_0061	IDX_0001088	instant-rap/RAP_0288.ADT	0	0.950000	0.950000
RC_0062	IDX_0000827	instant-rap/RAP_0220.ADT	1	1.000000	0.911688
RC_0062	IDX_0000857	instant-200/FNK_0031.ADT	0	0.909091	0.907670
RC_0062	IDX_0001036	instant-rap/RAP_0118.ADT	0	0.914286	0.910268
RC_0063	IDX_0000922	mididrumfiles-80/CON_0055.ADT	1	1.000000	1.000000
RC_0063	IDX_0001051	mididrumfiles-80/CON_0054.ADT	0	1.000000	1.000000
RC_0063	IDX_0001330	mididrumfiles-80/CON_0053.ADT	0	1.000000	1.000000
RC_0064	IDX_0000215	instant-260/SMB_0002.ADT	0	0.949387	0.929448
RC_0064	IDX_0000968	instant-260/SMB_0001.ADT	1	1.000000	0.955348
RC_0064	IDX_0001664	instant-260/SMB_0003.ADT	0	0.961310	0.935409
RC_0065	IDX_0001071	mididrumfiles-80/LAT_0029.ADT	1	1.000000	0.990421
RC_0065	IDX_0001376	mididrumfiles-80/LAT_0028.ADT	0	0.980843	0.980843
RC_0065	IDX_0001405	mididrumfiles-80/LAT_0028.ADT	0	1.000000	0.990421
RC_0066	IDX_0001072	mididrumfiles-80/FOL_0011.ADT	1	1.000000	0.972727
RC_0066	IDX_0001157	instant-200/BAL_0010.ADT	0	1.000000	0.972727
RC_0066	IDX_0001196	mididrumfiles-80/FOL_0011.ADT	0	0.945455	0.945455
RC_0067	IDX_0000526	mididrumfiles-80/TBR_0016.ADT	0	0.967509	0.967509
RC_0067	IDX_0001074	mididrumfiles-80/TBR_0015.ADT	1	1.000000	0.983755
RC_0067	IDX_0001632	instant-260/BLU_0016.ADT	0	1.000000	0.983755
RC_0068	IDX_0001130	mididrumfiles-80/CON_0055.ADT	1	1.000000	0.965517
RC_0068	IDX_0001559	mididrumfiles-80/CON_0054.ADT	0	1.000000	0.965517
RC_0068	IDX_0001690	mididrumfiles-80/CON_0053.ADT	0	0.931034	0.931034
RC_0069	IDX_0001191	instant-rap/RAP_0306.ADT	0	0.941176	0.935740
RC_0069	IDX_0001295	instant-rap/RAP_0002.ADT	1	1.000000	0.956303
RC_0069	IDX_0001775	instant-rap/RAP_0376.ADT	0	0.971429	0.950866
RC_0070	IDX_0001010	mididrumfiles-80/TBR_0007.ADT	0	0.952381	0.952381
RC_0070	IDX_0001372	mididrumfiles-80/TBR_0004.ADT	1	1.000000	0.976190
RC_0070	IDX_0001465	mididrumfiles-80/TBR_0005.ADT	0	1.000000	0.976190
RC_0071	IDX_0000405	instant-rap/RAP_0391.ADT	0	0.953571	0.930357
RC_0071	IDX_0000736	instant-rap/RAP_0392.ADT	0	0.953571	0.930357
RC_0071	IDX_0001432	instant-rap/RAP_0395.ADT	1	1.000000	0.953571
RC_0072	IDX_0000809	mididrumfiles-80/LAT_0054.ADT	0	0.983389	0.983389
RC_0072	IDX_0001511	mididrumfiles-80/LAT_0055.ADT	1	1.000000	0.991694
RC_0072	IDX_0001647	mididrumfiles-80/LAT_0054.ADT	0	1.000000	0.991694
RC_0073	IDX_0000440	instant-260/POP_0021.ADT	0	0.928962	0.921624
RC_0073	IDX_0001176	mididrumfiles-80/RCK_0068.ADT	0	0.928962	0.921624
RC_0073	IDX_0001524	mididrumfiles-80/RCK_0070.ADT	1	1.000000	0.928962
RC_0074	IDX_0000407	instant-rap/RAP_0372.ADT	0	0.947368	0.942711
RC_0074	IDX_0001545	instant-rap/RAP_0362.ADT	0	0.990654	0.964354
RC_0074	IDX_0001633	instant-rap/RAP_0367.ADT	1	1.000000	0.969011
RC_0075	IDX_0000014	instant-200/FNK_0035.ADT	0	0.914286	0.910268
RC_0075	IDX_0001131	instant-200/FNK_0019.ADT	0	0.914286	0.910268
RC_0075	IDX_0001769	instant-200/FNK_0034.ADT	1	1.000000	0.914286
RC_0076	IDX_0000002	instant-rap/RAP_0447.ADT	1	1.000000	0.911364
RC_0076	IDX_0001469	instant-rap/RAP_0443.ADT	0	0.911364	0.911364
RC_0077	IDX_0000004	mididrumfiles-80/RCK_0061.ADT	1	1.000000	0.968421
RC_0077	IDX_0001160	mididrumfiles-80/RCK_0060.ADT	0	0.968421	0.968421
RC_0078	IDX_0000008	instant-rap/RAP_0340.ADT	1	1.000000	0.916667
RC_0078	IDX_0000799	instant-rap/RAP_0374.ADT	0	0.916667	0.916667
RC_0079	IDX_0000009	instant-rap/RAP_0208.ADT	1	1.000000	0.933333
RC_0079	IDX_0000285	instant-rap/RAP_0210.ADT	0	0.933333	0.933333
RC_0080	IDX_0000010	instant-260/SLW_0005.ADT	1	1.000000	0.938776
RC_0080	IDX_0000200	instant-200/BAL_0008.ADT	0	0.938776	0.938776
RC_0081	IDX_0000011	instant-rap/RAP_0316.ADT	1	1.000000	0.903226
RC_0081	IDX_0000544	instant-rap/RAP_0324.ADT	0	0.903226	0.903226
RC_0082	IDX_0000013	instant-rap/RAP_0275.ADT	1	1.000000	0.908000
RC_0082	IDX_0000127	instant-rap/RAP_0239.ADT	0	0.908000	0.908000
RC_0083	IDX_0000015	instant-rap/RAP_0050.ADT	1	1.000000	0.943902
RC_0083	IDX_0000216	instant-260/SLW_0004.ADT	0	0.943902	0.943902
RC_0084	IDX_0000016	instant-rap/RAP_0213.ADT	1	1.000000	0.918750
RC_0084	IDX_0000672	instant-rap/RAP_0217.ADT	0	0.918750	0.918750
RC_0085	IDX_0000020	instant-200/DRM_0004.ADT	1	1.000000	0.938776
RC_0085	IDX_0000994	instant-260/TWT_0002.ADT	0	0.938776	0.938776
RC_0086	IDX_0000022	instant-rap/RAP_0757.ADT	1	1.000000	0.903226
RC_0086	IDX_0000880	instant-rap/RAP_0749.ADT	0	0.903226	0.903226
RC_0087	IDX_0000024	instant-rap/RAP_0416.ADT	1	1.000000	0.943396
RC_0087	IDX_0000057	instant-200/FNK_0007.ADT	0	0.943396	0.943396
RC_0088	IDX_0000025	mididrumfiles-80/LAT_0038.ADT	1	1.000000	0.908142
RC_0088	IDX_0001618	mididrumfiles-80/LAT_0040.ADT	0	0.908142	0.908142
RC_0089	IDX_0000031	mididrumfiles-80/RCK_0050.ADT	1	1.000000	0.962199
RC_0089	IDX_0000450	mididrumfiles-80/RCK_0050.ADT	0	0.962199	0.962199
RC_0090	IDX_0000040	instant-260/PSD_0001.ADT	1	1.000000	0.905152
RC_0090	IDX_0001406	instant-260/PSD_0002.ADT	0	0.905152	0.905152
RC_0091	IDX_0000045	instant-rap/RAP_0289.ADT	1	1.000000	1.000000
RC_0091	IDX_0000429	instant-rap/RAP_0021.ADT	0	1.000000	1.000000
RC_0092	IDX_0000050	instant-rap/RAP_0541.ADT	1	1.000000	0.932331
RC_0092	IDX_0001065	instant-rap/RAP_0538.ADT	0	0.932331	0.932331
RC_0093	IDX_0000052	instant-rap/RAP_0507.ADT	1	1.000000	0.941176
RC_0093	IDX_0000473	instant-rap/RAP_0503.ADT	0	0.941176	0.941176
RC_0094	IDX_0000060	instant-rap/RAP_0630.ADT	1	1.000000	0.950000
RC_0094	IDX_0000144	instant-rap/RAP_0623.ADT	0	0.950000	0.950000
RC_0095	IDX_0000064	instant-rap/RAP_0300.ADT	1	1.000000	0.956522
RC_0095	IDX_0001433	instant-rap/RAP_0198.ADT	0	0.956522	0.956522
RC_0096	IDX_0000067	instant-rap/RAP_0063.ADT	1	1.000000	1.000000
RC_0096	IDX_0000448	instant-rap/RAP_0059.ADT	0	1.000000	1.000000
RC_0097	IDX_0000068	instant-rap/RAP_0053.ADT	1	1.000000	0.943396
RC_0097	IDX_0001297	instant-rap/RAP_0061.ADT	0	0.943396	0.943396
RC_0098	IDX_0000069	instant-rap/RAP_0022.ADT	1	1.000000	0.904762
RC_0098	IDX_0000752	instant-rap/RAP_0121.ADT	0	0.904762	0.904762
RC_0099	IDX_0000070	instant-200/BLU_0008.ADT	1	1.000000	0.938776
RC_0099	IDX_0000803	instant-200/BLU_0007.ADT	0	0.938776	0.938776
RC_0100	IDX_0000078	instant-260/FNK_0067.ADT	1	1.000000	0.931677
RC_0100	IDX_0000421	instant-200/POP_0009.ADT	0	0.931677	0.931677
RC_0101	IDX_0000082	instant-rap/RAP_0747.ADT	1	1.000000	0.918919
RC_0101	IDX_0000886	instant-rap/RAP_0755.ADT	0	0.918919	0.918919
RC_0102	IDX_0000089	mididrumfiles-80/FOL_0016.ADT	1	1.000000	0.904762
RC_0102	IDX_0001392	mididrumfiles-80/FOL_0017.ADT	0	0.904762	0.904762
RC_0103	IDX_0000094	instant-200/SWG_0008.ADT	1	1.000000	0.925926
RC_0103	IDX_0000823	instant-200/SWG_0007.ADT	0	0.925926	0.925926
RC_0104	IDX_0000095	instant-rap/RAP_0256.ADT	1	1.000000	0.917500
RC_0104	IDX_0001166	instant-rap/RAP_0356.ADT	0	0.917500	0.917500
RC_0105	IDX_0000103	instant-rap/RAP_0227.ADT	1	1.000000	0.947368
RC_0105	IDX_0001789	instant-rap/RAP_0223.ADT	0	0.947368	0.947368
RC_0106	IDX_0000105	mididrumfiles-80/THF_0011.ADT	1	1.000000	0.909091
RC_0106	IDX_0001240	instant-260/WLZ_0002.ADT	0	0.909091	0.909091
RC_0107	IDX_0000117	instant-rap/RAP_0470.ADT	1	1.000000	0.941176
RC_0107	IDX_0000339	instant-rap/RAP_0475.ADT	0	0.941176	0.941176
RC_0108	IDX_0000120	mididrumfiles-80/LAT_0022.ADT	1	1.000000	0.938776
RC_0108	IDX_0000663	mididrumfiles-80/LAT_0022.ADT	0	0.938776	0.938776
RC_0109	IDX_0000121	instant-rap/RAP_0626.ADT	1	1.000000	0.947368
RC_0109	IDX_0000607	instant-rap/RAP_0622.ADT	0	0.947368	0.947368
RC_0110	IDX_0000124	instant-rap/RAP_0823.ADT	1	1.000000	0.903226
RC_0110	IDX_0000674	instant-rap/RAP_0551.ADT	0	0.903226	0.903226
RC_0111	IDX_0000128	instant-260/SWG_0013.ADT	1	1.000000	0.936709
RC_0111	IDX_0000860	mididrumfiles-80/JZZ_0012.ADT	0	0.936709	0.936709
RC_0112	IDX_0000135	instant-rap/RAP_0525.ADT	1	1.000000	1.000000
RC_0112	IDX_0000249	instant-rap/RAP_0525.ADT	0	1.000000	1.000000
RC_0113	IDX_0000140	instant-rap/RAP_0656.ADT	1	1.000000	0.947368
RC_0113	IDX_0000221	instant-rap/RAP_0660.ADT	0	0.947368	0.947368
RC_0114	IDX_0000146	instant-260/POP_0026.ADT	1	1.000000	0.914286
RC_0114	IDX_0000905	instant-rap/RAP_0254.ADT	0	0.914286	0.914286
RC_0115	IDX_0000150	instant-200/BAL_0004.ADT	1	1.000000	0.920000
RC_0115	IDX_0001287	instant-200/BAL_0002.ADT	0	0.920000	0.920000
RC_0116	IDX_0000159	instant-rap/RAP_0087.ADT	1	1.000000	0.947368
RC_0116	IDX_0000528	instant-rap/RAP_0018.ADT	0	0.947368	0.947368
RC_0117	IDX_0000161	mididrumfiles-80/CON_0051.ADT	1	1.000000	0.969697
RC_0117	IDX_0000802	mididrumfiles-80/CON_0052.ADT	0	0.969697	0.969697
RC_0118	IDX_0000162	mididrumfiles-80/SXE_0013.ADT	1	1.000000	0.967742
RC_0118	IDX_0001592	mididrumfiles-80/SXE_0012.ADT	0	0.967742	0.967742
RC_0119	IDX_0000163	instant-rap/RAP_0730.ADT	1	1.000000	1.000000
RC_0119	IDX_0001262	instant-rap/RAP_0598.ADT	0	1.000000	1.000000
RC_0120	IDX_0000164	instant-rap/RAP_0370.ADT	1	1.000000	0.909091
RC_0120	IDX_0000259	instant-rap/RAP_0370.ADT	0	0.909091	0.909091
RC_0121	IDX_0000165	instant-200/FNK_0023.ADT	1	1.000000	0.943396
RC_0121	IDX_0001507	instant-200/FNK_0022.ADT	0	0.943396	0.943396
RC_0122	IDX_0000166	instant-rap/RAP_0839.ADT	1	1.000000	0.914894
RC_0122	IDX_0001094	instant-rap/RAP_0829.ADT	0	0.914894	0.914894
RC_0123	IDX_0000167	mididrumfiles-80/JZZ_0012.ADT	1	1.000000	0.927536
RC_0123	IDX_0000956	instant-260/JZZ_0003.ADT	0	0.927536	0.927536
RC_0124	IDX_0000168	instant-rap/RAP_0774.ADT	1	1.000000	0.952381
RC_0124	IDX_0000393	instant-rap/RAP_0707.ADT	0	0.952381	0.952381
RC_0125	IDX_0000174	mididrumfiles-80/SXE_0005.ADT	1	1.000000	1.000000
RC_0125	IDX_0000646	mididrumfiles-80/SXE_0005.ADT	0	1.000000	1.000000
RC_0126	IDX_0000175	mididrumfiles-80/SXE_0003.ADT	1	1.000000	0.973262
RC_0126	IDX_0000442	mididrumfiles-80/SXE_0003.ADT	0	0.973262	0.973262
RC_0127	IDX_0000177	instant-260/POP_0017.ADT	1	1.000000	0.936170
RC_0127	IDX_0000641	instant-rap/RAP_0357.ADT	0	0.936170	0.936170
RC_0128	IDX_0000180	instant-200/BAL_0001.ADT	1	1.000000	0.938776
RC_0128	IDX_0001305	instant-260/RCK_0017.ADT	0	0.938776	0.938776
RC_0129	IDX_0000194	instant-rap/RAP_0836.ADT	1	1.000000	1.000000
RC_0129	IDX_0001509	instant-rap/RAP_0832.ADT	0	1.000000	1.000000
RC_0130	IDX_0000196	instant-260/BLU_0013.ADT	1	1.000000	0.969529
RC_0130	IDX_0001126	mididrumfiles-80/TBR_0002.ADT	0	0.969529	0.969529
RC_0131	IDX_0000202	instant-200/DRM_0016.ADT	1	1.000000	1.000000
RC_0131	IDX_0001748	instant-200/DRM_0016.ADT	0	1.000000	1.000000
RC_0132	IDX_0000210	instant-rap/RAP_0139.ADT	1	1.000000	0.932331
RC_0132	IDX_0001700	instant-rap/RAP_0142.ADT	0	0.932331	0.932331
RC_0133	IDX_0000219	instant-rap/RAP_0598.ADT	1	1.000000	1.000000
RC_0133	IDX_0001607	instant-rap/RAP_0662.ADT	0	1.000000	1.000000
RC_0134	IDX_0000227	instant-rap/RAP_0625.ADT	1	1.000000	0.900000
RC_0134	IDX_0000624	instant-rap/RAP_0617.ADT	0	0.900000	0.900000
RC_0135	IDX_0000231	instant-rap/RAP_0816.ADT	1	1.000000	0.923077
RC_0135	IDX_0000632	instant-rap/RAP_0613.ADT	0	0.923077	0.923077
RC_0136	IDX_0000236	mididrumfiles-80/CON_0012.ADT	1	1.000000	1.000000
RC_0136	IDX_0001515	mididrumfiles-80/CON_0013.ADT	0	1.000000	1.000000
RC_0137	IDX_0000238	mididrumfiles-80/ETH_0013.ADT	1	1.000000	0.947368
RC_0137	IDX_0000853	mididrumfiles-80/ETH_0013.ADT	0	0.947368	0.947368
RC_0138	IDX_0000239	instant-rap/RAP_0514.ADT	1	1.000000	0.904762
RC_0138	IDX_0001619	instant-rap/RAP_0512.ADT	0	0.904762	0.904762
RC_0139	IDX_0000240	instant-260/SLW_0006.ADT	1	1.000000	0.938776
RC_0139	IDX_0000764	instant-260/SLW_0009.ADT	0	0.938776	0.938776
RC_0140	IDX_0000243	mididrumfiles-80/RCK_0045.ADT	1	1.000000	0.926829
RC_0140	IDX_0001476	mididrumfiles-80/RCK_0073.ADT	0	0.926829	0.926829
RC_0141	IDX_0000245	instant-200/LAT_0001.ADT	1	1.000000	0.951807
RC_0141	IDX_0001061	mididrumfiles-80/LAT_0033.ADT	0	0.951807	0.951807
RC_0142	IDX_0000257	instant-rap/RAP_0109.ADT	1	1.000000	0.947368
RC_0142	IDX_0000722	instant-rap/RAP_0007.ADT	0	0.947368	0.947368
RC_0143	IDX_0000268	mididrumfiles-80/FOL_0012.ADT	1	1.000000	0.916667
RC_0143	IDX_0001180	mididrumfiles-80/FOL_0012.ADT	0	0.916667	0.916667
RC_0144	IDX_0000269	instant-200/BLU_0011.ADT	1	1.000000	0.945455
RC_0144	IDX_0001210	instant-200/BLU_0010.ADT	0	0.945455	0.945455
RC_0145	IDX_0000275	mididrumfiles-80/FOL_0005.ADT	1	1.000000	0.909091
RC_0145	IDX_0001137	mididrumfiles-80/FOL_0005.ADT	0	0.909091	0.909091
RC_0146	IDX_0000284	instant-rap/RAP_0737.ADT	1	1.000000	0.933333
RC_0146	IDX_0001662	instant-rap/RAP_0727.ADT	0	0.933333	0.933333
RC_0147	IDX_0000287	instant-rap/RAP_0473.ADT	1	1.000000	0.926829
RC_0147	IDX_0000321	instant-rap/RAP_0476.ADT	0	0.926829	0.926829
RC_0148	IDX_0000293	instant-rap/RAP_0529.ADT	1	1.000000	0.956522
RC_0148	IDX_0001148	instant-rap/RAP_0529.ADT	0	0.956522	0.956522
RC_0149	IDX_0000295	instant-rap/RAP_0296.ADT	1	1.000000	0.900000
RC_0149	IDX_0000487	instant-rap/RAP_0296.ADT	0	0.900000	0.900000
RC_0150	IDX_0000297	instant-rap/RAP_0791.ADT	1	1.000000	0.903226
RC_0150	IDX_0000940	instant-rap/RAP_0783.ADT	0	0.903226	0.903226
RC_0151	IDX_0000298	instant-rap/RAP_0380.ADT	1	1.000000	0.902941
RC_0151	IDX_0001241	instant-rap/RAP_0108.ADT	0	0.902941	0.902941
RC_0152	IDX_0000302	instant-rap/RAP_0621.ADT	1	1.000000	0.937500
RC_0152	IDX_0001540	instant-rap/RAP_0824.ADT	0	0.937500	0.937500
RC_0153	IDX_0000333	instant-260/SLW_0001.ADT	1	1.000000	0.914286
RC_0153	IDX_0000542	instant-200/RNB_0014.ADT	0	0.914286	0.914286
RC_0154	IDX_0000337	instant-rap/RAP_0812.ADT	1	1.000000	0.943396
RC_0154	IDX_0000367	instant-rap/RAP_0540.ADT	0	0.943396	0.943396
RC_0155	IDX_0000359	instant-rap/RAP_0076.ADT	1	1.000000	0.923077
RC_0155	IDX_0000721	instant-rap/RAP_0009.ADT	0	0.923077	0.923077
RC_0156	IDX_0000360	instant-rap/RAP_0310.ADT	1	1.000000	0.917500
RC_0156	IDX_0001266	instant-rap/RAP_0379.ADT	0	0.917500	0.917500
RC_0157	IDX_0000361	instant-rap/RAP_0575.ADT	1	1.000000	0.932331
RC_0157	IDX_0000606	instant-rap/RAP_0572.ADT	0	0.932331	0.932331
RC_0158	IDX_0000366	instant-rap/RAP_0062.ADT	1	1.000000	0.956522
RC_0158	IDX_0001184	instant-rap/RAP_0062.ADT	0	0.956522	0.956522
RC_0159	IDX_0000369	mididrumfiles-80/FOL_0028.ADT	1	1.000000	0.914286
RC_0159	IDX_0001292	mididrumfiles-80/FOL_0027.ADT	0	0.914286	0.914286
RC_0160	IDX_0000371	instant-rap/RAP_0095.ADT	1	1.000000	0.976744
RC_0160	IDX_0001725	instant-rap/RAP_0091.ADT	0	0.976744	0.976744
RC_0161	IDX_0000387	instant-260/AFC_0015.ADT	1	1.000000	0.947368
RC_0161	IDX_0001388	instant-200/AFC_0002.ADT	0	0.947368	0.947368
RC_0162	IDX_0000390	instant-260/BOG_0004.ADT	1	1.000000	1.000000
RC_0162	IDX_0001653	instant-200/SWG_0009.ADT	0	1.000000	1.000000
RC_0163	IDX_0000392	instant-rap/RAP_0307.ADT	1	1.000000	0.952381
RC_0163	IDX_0001517	instant-rap/RAP_0240.ADT	0	0.952381	0.952381
RC_0164	IDX_0000394	mididrumfiles-80/CON_0025.ADT	1	1.000000	1.000000
RC_0164	IDX_0001764	mididrumfiles-80/CON_0025.ADT	0	1.000000	1.000000
RC_0165	IDX_0000396	instant-rap/RAP_0496.ADT	1	1.000000	0.956522
RC_0165	IDX_0001599	instant-rap/RAP_0496.ADT	0	0.956522	0.956522
RC_0166	IDX_0000406	mididrumfiles-80/RCK_0054.ADT	1	1.000000	1.000000
RC_0166	IDX_0001542	mididrumfiles-80/RCK_0054.ADT	0	1.000000	1.000000
RC_0167	IDX_0000414	instant-260/RCK_0025.ADT	1	1.000000	0.945455
RC_0167	IDX_0001320	mididrumfiles-80/RCK_0048.ADT	0	0.945455	0.945455
RC_0168	IDX_0000415	mididrumfiles-80/ETH_0016.ADT	1	1.000000	0.983051
RC_0168	IDX_0001482	mididrumfiles-80/ETH_0014.ADT	0	0.983051	0.983051
RC_0169	IDX_0000416	instant-rap/RAP_0657.ADT	1	1.000000	0.950000
RC_0169	IDX_0000562	instant-rap/RAP_0664.ADT	0	0.950000	0.950000
RC_0170	IDX_0000418	mididrumfiles-80/ETH_0008.ADT	1	1.000000	0.957746
RC_0170	IDX_0001107	mididrumfiles-80/ETH_0008.ADT	0	0.957746	0.957746
RC_0171	IDX_0000425	mididrumfiles-80/JZZ_0019.ADT	1	1.000000	0.936709
RC_0171	IDX_0001747	instant-260/JZZ_0004.ADT	0	0.936709	0.936709
RC_0172	IDX_0000431	mididrumfiles-80/RCK_0074.ADT	1	1.000000	1.000000
RC_0172	IDX_0001478	mididrumfiles-80/RCK_0074.ADT	0	1.000000	1.000000
RC_0173	IDX_0000443	instant-260/DSC_0005.ADT	1	1.000000	0.923077
RC_0173	IDX_0000923	instant-260/DSC_0010.ADT	0	0.923077	0.923077
RC_0174	IDX_0000446	instant-260/SMB_0009.ADT	1	1.000000	0.901099
RC_0174	IDX_0001307	instant-260/BNV_0006.ADT	0	0.901099	0.901099
RC_0175	IDX_0000449	mididrumfiles-80/LAT_0026.ADT	1	1.000000	1.000000
RC_0175	IDX_0000957	mididrumfiles-80/LAT_0026.ADT	0	1.000000	1.000000
RC_0176	IDX_0000471	mididrumfiles-80/THF_0015.ADT	1	1.000000	0.947368
RC_0176	IDX_0001281	mididrumfiles-80/THF_0015.ADT	0	0.947368	0.947368
RC_0177	IDX_0000474	instant-rap/RAP_0156.ADT	1	1.000000	0.935252
RC_0177	IDX_0000912	instant-rap/RAP_0457.ADT	0	0.935252	0.935252
RC_0178	IDX_0000484	mididrumfiles-80/SXE_0018.ADT	1	1.000000	0.966767
RC_0178	IDX_0001636	mididrumfiles-80/SXE_0019.ADT	0	0.966767	0.966767
RC_0179	IDX_0000485	instant-rap/RAP_0736.ADT	1	1.000000	0.965517
RC_0179	IDX_0001666	instant-rap/RAP_0736.ADT	0	0.965517	0.965517
RC_0180	IDX_0000489	instant-rap/RAP_0394.ADT	1	1.000000	0.923077
RC_0180	IDX_0000676	instant-rap/RAP_0406.ADT	0	0.923077	0.923077
RC_0181	IDX_0000491	instant-rap/RAP_0011.ADT	1	1.000000	0.900000
RC_0181	IDX_0001585	instant-rap/RAP_0144.ADT	0	0.900000	0.900000
RC_0182	IDX_0000495	mididrumfiles-80/SXE_0010.ADT	1	1.000000	1.000000
RC_0182	IDX_0001756	mididrumfiles-80/SXE_0010.ADT	0	1.000000	1.000000
RC_0183	IDX_0000499	instant-260/RCK_0021.ADT	1	1.000000	0.958904
RC_0183	IDX_0001144	instant-200/RNB_0002.ADT	0	0.958904	0.958904
RC_0184	IDX_0000510	instant-rap/RAP_0645.ADT	1	1.000000	0.909091
RC_0184	IDX_0001740	instant-rap/RAP_0653.ADT	0	0.909091	0.909091
RC_0185	IDX_0000527	instant-260/RCK_0019.ADT	1	1.000000	0.945455
RC_0185	IDX_0000723	instant-200/RNB_0001.ADT	0	0.945455	0.945455
RC_0186	IDX_0000530	instant-260/JZZ_0002.ADT	1	1.000000	0.907143
RC_0186	IDX_0001154	instant-260/REG_0023.ADT	0	0.907143	0.907143
RC_0187	IDX_0000531	instant-260/MCH_0001.ADT	1	1.000000	0.904808
RC_0187	IDX_0000842	instant-260/MCH_0002.ADT	0	0.904808	0.904808
RC_0188	IDX_0000546	instant-rap/RAP_0827.ADT	1	1.000000	0.903226
RC_0188	IDX_0001758	instant-rap/RAP_0819.ADT	0	0.903226	0.903226
RC_0189	IDX_0000547	instant-rap/RAP_0063.ADT	1	1.000000	1.000000
RC_0189	IDX_0001415	instant-rap/RAP_0059.ADT	0	1.000000	1.000000
RC_0190	IDX_0000553	instant-rap/RAP_0138.ADT	1	1.000000	0.949153
RC_0190	IDX_0000790	instant-rap/RAP_0410.ADT	0	0.949153	0.949153
RC_0191	IDX_0000558	instant-rap/RAP_0231.ADT	1	1.000000	0.950000
RC_0191	IDX_0000570	instant-rap/RAP_0224.ADT	0	0.950000	0.950000
RC_0192	IDX_0000560	instant-rap/RAP_0116.ADT	1	1.000000	0.903226
RC_0192	IDX_0001350	instant-rap/RAP_0122.ADT	0	0.903226	0.903226
RC_0193	IDX_0000561	instant-rap/RAP_0185.ADT	1	1.000000	0.912281
RC_0193	IDX_0000944	instant-rap/RAP_0181.ADT	0	0.912281	0.912281
RC_0194	IDX_0000566	instant-rap/RAP_0045.ADT	1	1.000000	0.904762
RC_0194	IDX_0000613	instant-rap/RAP_0047.ADT	0	0.904762	0.904762
RC_0195	IDX_0000568	instant-rap/RAP_0111.ADT	1	1.000000	0.903226
RC_0195	IDX_0001726	instant-rap/RAP_0119.ADT	0	0.903226	0.903226
RC_0196	IDX_0000572	instant-rap/RAP_0026.ADT	1	1.000000	1.000000
RC_0196	IDX_0001466	instant-rap/RAP_0030.ADT	0	1.000000	1.000000
RC_0197	IDX_0000582	instant-rap/RAP_0647.ADT	1	1.000000	0.923077
RC_0197	IDX_0000980	instant-rap/RAP_0850.ADT	0	0.923077	0.923077
RC_0198	IDX_0000583	instant-rap/RAP_0069.ADT	1	1.000000	0.909091
RC_0198	IDX_0000892	instant-rap/RAP_0070.ADT	0	0.909091	0.909091
RC_0199	IDX_0000591	instant-rap/RAP_0737.ADT	1	1.000000	0.931507
RC_0199	IDX_0001496	instant-rap/RAP_0732.ADT	0	0.931507	0.931507
RC_0200	IDX_0000594	instant-rap/RAP_0696.ADT	1	1.000000	1.000000
RC_0200	IDX_0000792	instant-rap/RAP_0564.ADT	0	1.000000	1.000000
RC_0201	IDX_0000604	mididrumfiles-80/RCK_0078.ADT	1	1.000000	0.962199
RC_0201	IDX_0001389	mididrumfiles-80/RCK_0079.ADT	0	0.962199	0.962199
RC_0202	IDX_0000610	instant-rap/RAP_0016.ADT	1	1.000000	1.000000
RC_0202	IDX_0001027	instant-rap/RAP_0043.ADT	0	1.000000	1.000000
RC_0203	IDX_0000619	mididrumfiles-80/LAT_0043.ADT	1	1.000000	1.000000
RC_0203	IDX_0001460	mididrumfiles-80/LAT_0043.ADT	0	1.000000	1.000000
RC_0204	IDX_0000621	mididrumfiles-80/THF_0019.ADT	1	1.000000	1.000000
RC_0204	IDX_0001612	mididrumfiles-80/THF_0020.ADT	0	1.000000	1.000000
RC_0205	IDX_0000626	mididrumfiles-80/LAT_0037.ADT	1	1.000000	1.000000
RC_0205	IDX_0001543	instant-200/LAT_0009.ADT	0	1.000000	1.000000
RC_0206	IDX_0000628	mididrumfiles-80/JZZ_0017.ADT	1	1.000000	0.909091
RC_0206	IDX_0001634	mididrumfiles-80/JZZ_0017.ADT	0	0.909091	0.909091
RC_0207	IDX_0000638	instant-rap/RAP_0222.ADT	1	1.000000	0.937500
RC_0207	IDX_0000834	instant-rap/RAP_0425.ADT	0	0.937500	0.937500
RC_0208	IDX_0000642	mididrumfiles-80/FOL_0021.ADT	1	1.000000	1.000000
RC_0208	IDX_0000875	mididrumfiles-80/FOL_0021.ADT	0	1.000000	1.000000
RC_0209	IDX_0000643	instant-rap/RAP_0693.ADT	1	1.000000	0.933333
RC_0209	IDX_0001463	instant-rap/RAP_0703.ADT	0	0.933333	0.933333
RC_0210	IDX_0000644	mididrumfiles-80/RCK_0058.ADT	1	1.000000	0.957854
RC_0210	IDX_0001199	mididrumfiles-80/RCK_0058.ADT	0	0.957854	0.957854
RC_0211	IDX_0000645	instant-rap/RAP_0127.ADT	1	1.000000	1.000000
RC_0211	IDX_0001268	instant-rap/RAP_0131.ADT	0	1.000000	1.000000
RC_0212	IDX_0000660	mididrumfiles-80/CON_0047.ADT	1	1.000000	1.000000
RC_0212	IDX_0000874	mididrumfiles-80/CON_0044.ADT	0	1.000000	1.000000
RC_0213	IDX_0000685	instant-rap/RAP_0857.ADT	1	1.000000	0.903226
RC_0213	IDX_0001359	instant-rap/RAP_0585.ADT	0	0.903226	0.903226
RC_0214	IDX_0000691	instant-260/DRM_0017.ADT	1	1.000000	1.000000
RC_0214	IDX_0000741	instant-200/DRM_0013.ADT	0	1.000000	1.000000
RC_0215	IDX_0000696	instant-rap/RAP_0628.ADT	1	1.000000	1.000000
RC_0215	IDX_0001243	instant-rap/RAP_0564.ADT	0	1.000000	1.000000
RC_0216	IDX_0000697	mididrumfiles-80/THF_0001.ADT	1	1.000000	1.000000
RC_0216	IDX_0001552	mididrumfiles-80/THF_0011.ADT	0	1.000000	1.000000
RC_0217	IDX_0000699	instant-rap/RAP_0299.ADT	1	1.000000	0.985915
RC_0217	IDX_0001739	instant-rap/RAP_0292.ADT	0	0.985915	0.985915
RC_0218	IDX_0000714	instant-rap/RAP_0209.ADT	1	1.000000	0.933333
RC_0218	IDX_0000913	instant-rap/RAP_0206.ADT	0	0.933333	0.933333
RC_0219	IDX_0000716	instant-rap/RAP_0537.ADT	1	1.000000	0.949153
RC_0219	IDX_0001637	instant-rap/RAP_0809.ADT	0	0.949153	0.949153
RC_0220	IDX_0000725	instant-rap/RAP_0417.ADT	1	1.000000	0.923077
RC_0220	IDX_0000981	instant-rap/RAP_0214.ADT	0	0.923077	0.923077
RC_0221	IDX_0000730	instant-260/POP_0020.ADT	1	1.000000	0.927536
RC_0221	IDX_0001398	instant-260/POP_0018.ADT	0	0.927536	0.927536
RC_0222	IDX_0000748	mididrumfiles-80/ETH_0010.ADT	1	1.000000	0.986301
RC_0222	IDX_0001414	mididrumfiles-80/ETH_0011.ADT	0	0.986301	0.986301
RC_0223	IDX_0000749	instant-rap/RAP_0843.ADT	1	1.000000	0.949153
RC_0223	IDX_0001022	instant-rap/RAP_0571.ADT	0	0.949153	0.949153
RC_0224	IDX_0000765	instant-rap/RAP_0265.ADT	1	1.000000	0.931507
RC_0224	IDX_0001785	instant-rap/RAP_0270.ADT	0	0.931507	0.931507
RC_0225	IDX_0000773	instant-260/SLW_0012.ADT	1	1.000000	0.957746
RC_0225	IDX_0000804	instant-rap/RAP_0428.ADT	0	0.957746	0.957746
RC_0226	IDX_0000774	instant-rap/RAP_0388.ADT	1	1.000000	0.909091
RC_0226	IDX_0000910	instant-rap/RAP_0396.ADT	0	0.909091	0.909091
RC_0227	IDX_0000775	instant-rap/RAP_0218.ADT	1	1.000000	0.900000
RC_0227	IDX_0001304	instant-rap/RAP_0226.ADT	0	0.900000	0.900000
RC_0228	IDX_0000782	instant-rap/RAP_0270.ADT	1	1.000000	0.933333
RC_0228	IDX_0001242	instant-rap/RAP_0260.ADT	0	0.933333	0.933333
RC_0229	IDX_0000805	mididrumfiles-80/RCK_0066.ADT	1	1.000000	0.962199
RC_0229	IDX_0000931	mididrumfiles-80/RCK_0066.ADT	0	0.962199	0.962199
RC_0230	IDX_0000818	instant-rap/RAP_0086.ADT	1	1.000000	0.923077
RC_0230	IDX_0000890	instant-rap/RAP_0090.ADT	0	0.923077	0.923077
RC_0231	IDX_0000826	mididrumfiles-80/THF_0003.ADT	1	1.000000	1.000000
RC_0231	IDX_0001039	mididrumfiles-80/THF_0003.ADT	0	1.000000	1.000000
RC_0232	IDX_0000830	instant-rap/RAP_0369.ADT	1	1.000000	1.000000
RC_0232	IDX_0001275	instant-rap/RAP_0399.ADT	0	1.000000	1.000000
RC_0233	IDX_0000836	instant-260/POP_0019.ADT	1	1.000000	0.921053
RC_0233	IDX_0001314	instant-260/RNB_0018.ADT	0	0.921053	0.921053
RC_0234	IDX_0000838	instant-rap/RAP_0479.ADT	1	1.000000	0.930233
RC_0234	IDX_0001356	instant-rap/RAP_0481.ADT	0	0.930233	0.930233
RC_0235	IDX_0000846	instant-260/SHF_0008.ADT	1	1.000000	0.909091
RC_0235	IDX_0000928	instant-260/SHF_0007.ADT	0	0.909091	0.909091
RC_0236	IDX_0000859	instant-rap/RAP_0041.ADT	1	1.000000	0.941176
RC_0236	IDX_0001032	instant-rap/RAP_0036.ADT	0	0.941176	0.941176
RC_0237	IDX_0000861	instant-rap/RAP_0495.ADT	1	1.000000	0.943396
RC_0237	IDX_0001556	instant-rap/RAP_0487.ADT	0	0.943396	0.943396
RC_0238	IDX_0000862	instant-rap/RAP_0077.ADT	1	1.000000	0.923077
RC_0238	IDX_0001059	instant-rap/RAP_0010.ADT	0	0.923077	0.923077
RC_0239	IDX_0000873	instant-rap/RAP_0638.ADT	1	1.000000	0.933333
RC_0239	IDX_0001551	instant-rap/RAP_0641.ADT	0	0.933333	0.933333
RC_0240	IDX_0000878	instant-rap/RAP_0604.ADT	1	1.000000	0.933333
RC_0240	IDX_0001623	instant-rap/RAP_0607.ADT	0	0.933333	0.933333
RC_0241	IDX_0000879	instant-rap/RAP_0642.ADT	1	1.000000	0.933333
RC_0241	IDX_0000916	instant-rap/RAP_0639.ADT	0	0.933333	0.933333
RC_0242	IDX_0000900	mididrumfiles-80/FOL_0017.ADT	1	1.000000	0.904762
RC_0242	IDX_0001252	mididrumfiles-80/FOL_0016.ADT	0	0.904762	0.904762
RC_0243	IDX_0000909	mididrumfiles-80/CON_0051.ADT	1	1.000000	1.000000
RC_0243	IDX_0000941	mididrumfiles-80/CON_0052.ADT	0	1.000000	1.000000
RC_0244	IDX_0000919	mididrumfiles-80/BLU_0026.ADT	1	1.000000	0.918033
RC_0244	IDX_0001156	mididrumfiles-80/BLU_0027.ADT	0	0.918033	0.918033
RC_0245	IDX_0000934	instant-rap/RAP_0605.ADT	1	1.000000	0.933333
RC_0245	IDX_0001016	instant-rap/RAP_0608.ADT	0	0.933333	0.933333
RC_0246	IDX_0000936	instant-rap/RAP_0058.ADT	1	1.000000	1.000000
RC_0246	IDX_0001045	instant-rap/RAP_0058.ADT	0	1.000000	1.000000
RC_0247	IDX_0000946	mididrumfiles-80/CON_0014.ADT	1	1.000000	1.000000
RC_0247	IDX_0001283	mididrumfiles-80/CON_0015.ADT	0	1.000000	1.000000
RC_0248	IDX_0000950	instant-200/REG_0008.ADT	1	1.000000	0.930233
RC_0248	IDX_0001313	instant-200/REG_0007.ADT	0	0.930233	0.930233
RC_0249	IDX_0000958	instant-rap/RAP_0437.ADT	1	1.000000	1.000000
RC_0249	IDX_0001731	instant-rap/RAP_0433.ADT	0	1.000000	1.000000
RC_0250	IDX_0000962	instant-200/DRM_0005.ADT	1	1.000000	0.928571
RC_0250	IDX_0001483	instant-200/POP_0001.ADT	0	0.928571	0.928571
RC_0251	IDX_0000982	instant-rap/RAP_0269.ADT	1	1.000000	0.965517
RC_0251	IDX_0001452	instant-rap/RAP_0269.ADT	0	0.965517	0.965517
RC_0252	IDX_0000991	instant-rap/RAP_0702.ADT	1	1.000000	0.965517
RC_0252	IDX_0001620	instant-rap/RAP_0702.ADT	0	0.965517	0.965517
RC_0253	IDX_0001014	instant-rap/RAP_0411.ADT	1	1.000000	0.930233
RC_0253	IDX_0001062	instant-rap/RAP_0427.ADT	0	0.930233	0.930233
RC_0254	IDX_0001024	instant-rap/RAP_0870.ADT	1	1.000000	1.000000
RC_0254	IDX_0001263	instant-rap/RAP_0866.ADT	0	1.000000	1.000000
RC_0255	IDX_0001031	instant-200/AFC_0012.ADT	1	1.000000	1.000000
RC_0255	IDX_0001260	instant-200/AFC_0010.ADT	0	1.000000	1.000000
RC_0256	IDX_0001033	mididrumfiles-80/CON_0046.ADT	1	1.000000	1.000000
RC_0256	IDX_0001420	mididrumfiles-80/CON_0045.ADT	0	1.000000	1.000000
RC_0257	IDX_0001040	mididrumfiles-80/THF_0017.ADT	1	1.000000	1.000000
RC_0257	IDX_0001525	mididrumfiles-80/THF_0018.ADT	0	1.000000	1.000000
RC_0258	IDX_0001041	instant-200/AFC_0008.ADT	1	1.000000	0.909091
RC_0258	IDX_0001796	instant-200/AFC_0004.ADT	0	0.909091	0.909091
RC_0259	IDX_0001042	mididrumfiles-80/SXE_0001.ADT	1	1.000000	0.969697
RC_0259	IDX_0001710	mididrumfiles-80/SXE_0002.ADT	0	0.969697	0.969697
RC_0260	IDX_0001046	instant-rap/RAP_0430.ADT	1	1.000000	0.914894
RC_0260	IDX_0001598	instant-rap/RAP_0440.ADT	0	0.914894	0.914894
RC_0261	IDX_0001049	instant-rap/RAP_0698.ADT	1	1.000000	0.931507
RC_0261	IDX_0001269	instant-rap/RAP_0703.ADT	0	0.931507	0.931507
RC_0262	IDX_0001055	instant-rap/RAP_0089.ADT	1	1.000000	0.960000
RC_0262	IDX_0001674	instant-200/BAL_0011.ADT	0	0.960000	0.960000
RC_0263	IDX_0001058	instant-200/FNK_0037.ADT	1	1.000000	0.952381
RC_0263	IDX_0001274	instant-200/FNK_0038.ADT	0	0.952381	0.952381
RC_0264	IDX_0001060	instant-rap/RAP_0183.ADT	1	1.000000	0.938776
RC_0264	IDX_0001792	instant-rap/RAP_0179.ADT	0	0.938776	0.938776
RC_0265	IDX_0001069	mididrumfiles-80/RCK_0077.ADT	1	1.000000	0.933333
RC_0265	IDX_0001349	mididrumfiles-80/RCK_0078.ADT	0	0.933333	0.933333
RC_0266	IDX_0001073	instant-rap/RAP_0740.ADT	1	1.000000	0.952381
RC_0266	IDX_0001319	instant-rap/RAP_0673.ADT	0	0.952381	0.952381
RC_0267	IDX_0001078	instant-rap/RAP_0659.ADT	1	1.000000	0.900000
RC_0267	IDX_0001387	instant-rap/RAP_0651.ADT	0	0.900000	0.900000
RC_0268	IDX_0001082	instant-rap/RAP_0360.ADT	1	1.000000	0.920000
RC_0268	IDX_0001172	instant-rap/RAP_0372.ADT	0	0.920000	0.920000
RC_0269	IDX_0001086	instant-260/LAT_0017.ADT	1	1.000000	0.909091
RC_0269	IDX_0001286	instant-260/LAT_0018.ADT	0	0.909091	0.909091
RC_0270	IDX_0001089	mididrumfiles-80/RCK_0052.ADT	1	1.000000	0.906667
RC_0270	IDX_0001774	mididrumfiles-80/RCK_0053.ADT	0	0.906667	0.906667
RC_0271	IDX_0001093	instant-rap/RAP_0861.ADT	1	1.000000	0.903226
RC_0271	IDX_0001522	instant-rap/RAP_0853.ADT	0	0.903226	0.903226
RC_0272	IDX_0001115	mididrumfiles-80/SXE_0016.ADT	1	1.000000	0.947368
RC_0272	IDX_0001489	mididrumfiles-80/SXE_0018.ADT	0	0.947368	0.947368
RC_0273	IDX_0001121	instant-rap/RAP_0038.ADT	1	1.000000	0.909091
RC_0273	IDX_0001333	instant-rap/RAP_0344.ADT	0	0.909091	0.909091
RC_0274	IDX_0001122	mididrumfiles-80/ETH_0009.ADT	1	1.000000	0.948718
RC_0274	IDX_0001312	mididrumfiles-80/ETH_0009.ADT	0	0.948718	0.948718
RC_0275	IDX_0001128	instant-rap/RAP_0078.ADT	1	1.000000	0.909091
RC_0275	IDX_0001771	instant-rap/RAP_0083.ADT	0	0.909091	0.909091
RC_0276	IDX_0001146	instant-200/RCK_0005.ADT	1	1.000000	0.961039
RC_0276	IDX_0001673	instant-200/RCK_0004.ADT	0	0.961039	0.961039
RC_0277	IDX_0001159	instant-rap/RAP_0141.ADT	1	1.000000	0.943396
RC_0277	IDX_0001234	instant-rap/RAP_0413.ADT	0	0.943396	0.943396
RC_0278	IDX_0001171	instant-200/DRM_0015.ADT	1	1.000000	1.000000
RC_0278	IDX_0001780	instant-200/DRM_0015.ADT	0	1.000000	1.000000
RC_0279	IDX_0001185	instant-rap/RAP_0492.ADT	1	1.000000	1.000000
RC_0279	IDX_0001361	instant-rap/RAP_0492.ADT	0	1.000000	1.000000
RC_0280	IDX_0001193	mididrumfiles-80/RCK_0062.ADT	1	1.000000	1.000000
RC_0280	IDX_0001271	mididrumfiles-80/RCK_0062.ADT	0	1.000000	1.000000
RC_0281	IDX_0001194	instant-rap/RAP_0860.ADT	1	1.000000	0.930233
RC_0281	IDX_0001560	instant-rap/RAP_0844.ADT	0	0.930233	0.930233
RC_0282	IDX_0001217	instant-rap/RAP_0611.ADT	1	1.000000	0.909091
RC_0282	IDX_0001481	instant-rap/RAP_0619.ADT	0	0.909091	0.909091
RC_0283	IDX_0001223	instant-260/AFC_0016.ADT	1	1.000000	0.914286
RC_0283	IDX_0001627	instant-200/AFC_0007.ADT	0	0.914286	0.914286
RC_0284	IDX_0001239	instant-rap/RAP_0255.ADT	1	1.000000	0.937838
RC_0284	IDX_0001416	instant-rap/RAP_0291.ADT	0	0.937838	0.937838
RC_0285	IDX_0001258	mididrumfiles-80/ETH_0012.ADT	1	1.000000	0.941176
RC_0285	IDX_0001570	mididrumfiles-80/ETH_0012.ADT	0	0.941176	0.941176
RC_0286	IDX_0001290	instant-rap/RAP_0574.ADT	1	1.000000	0.943396
RC_0286	IDX_0001732	instant-rap/RAP_0846.ADT	0	0.943396	0.943396
RC_0287	IDX_0001299	instant-260/SWG_0015.ADT	1	1.000000	0.943820
RC_0287	IDX_0001323	instant-260/JZZ_0005.ADT	0	0.943820	0.943820
RC_0288	IDX_0001301	instant-200/RCK_0013.ADT	1	1.000000	0.926829
RC_0288	IDX_0001480	instant-200/POP_0010.ADT	0	0.926829	0.926829
RC_0289	IDX_0001328	mididrumfiles-80/LAT_0035.ADT	1	1.000000	1.000000
RC_0289	IDX_0001777	mididrumfiles-80/LAT_0035.ADT	0	1.000000	1.000000
RC_0290	IDX_0001344	mididrumfiles-80/FOL_0004.ADT	1	1.000000	0.923077
RC_0290	IDX_0001423	mididrumfiles-80/FOL_0009.ADT	0	0.923077	0.923077
RC_0291	IDX_0001346	instant-rap/RAP_0387.ADT	1	1.000000	0.945833
RC_0291	IDX_0001455	instant-rap/RAP_0383.ADT	0	0.945833	0.945833
RC_0292	IDX_0001384	instant-rap/RAP_0300.ADT	1	1.000000	0.947368
RC_0292	IDX_0001768	instant-rap/RAP_0334.ADT	0	0.947368	0.947368
RC_0293	IDX_0001467	instant-rap/RAP_0810.ADT	1	1.000000	0.930233
RC_0293	IDX_0001613	instant-rap/RAP_0826.ADT	0	0.930233	0.930233
RC_0294	IDX_0001485	instant-rap/RAP_0506.ADT	1	1.000000	0.926829
RC_0294	IDX_0001495	instant-rap/RAP_0509.ADT	0	0.926829	0.926829
RC_0295	IDX_0001502	instant-rap/RAP_0789.ADT	1	1.000000	0.918919
RC_0295	IDX_0001567	instant-rap/RAP_0781.ADT	0	0.918919	0.918919
RC_0296	IDX_0001506	instant-rap/RAP_0520.ADT	1	1.000000	0.943396
RC_0296	IDX_0001790	instant-rap/RAP_0528.ADT	0	0.943396	0.943396
RC_0297	IDX_0001538	mididrumfiles-80/RCK_0046.ADT	1	1.000000	0.960854
RC_0297	IDX_0001679	mididrumfiles-80/RCK_0046.ADT	0	0.960854	0.960854
RC_0298	IDX_0001573	mididrumfiles-80/THF_0022.ADT	1	1.000000	0.954357
RC_0298	IDX_0001682	mididrumfiles-80/THF_0021.ADT	0	0.954357	0.954357
RC_0299	IDX_0001576	mididrumfiles-80/CON_0010.ADT	1	1.000000	1.000000
RC_0299	IDX_0001786	mididrumfiles-80/CON_0008.ADT	0	1.000000	1.000000
RC_0300	IDX_0001580	instant-rap/RAP_0165.ADT	1	1.000000	1.000000
RC_0300	IDX_0001749	instant-rap/RAP_0263.ADT	0	1.000000	1.000000
RC_0301	IDX_0001597	instant-260/RCK_0023.ADT	1	1.000000	0.944444
RC_0301	IDX_0001795	instant-200/POP_0008.ADT	0	0.944444	0.944444
RC_0302	IDX_0001610	mididrumfiles-80/THF_0013.ADT	1	1.000000	1.000000
RC_0302	IDX_0001658	mididrumfiles-80/THF_0013.ADT	0	1.000000	1.000000
RC_0303	IDX_0001688	instant-rap/RAP_0873.ADT	1	1.000000	0.914894
RC_0303	IDX_0001727	instant-rap/RAP_0863.ADT	0	0.914894	0.914894
RC_0304	IDX_0000001	instant-rap/RAP_0014.ADT	1	1.000000	1.000000
RC_0305	IDX_0000005	instant-rap/RAP_0225.ADT	1	1.000000	1.000000
RC_0306	IDX_0000006	instant-rap/RAP_0814.ADT	1	1.000000	1.000000
RC_0307	IDX_0000007	instant-260/BNV_0007.ADT	1	1.000000	1.000000
RC_0308	IDX_0000012	instant-rap/RAP_0046.ADT	1	1.000000	1.000000
RC_0309	IDX_0000017	instant-rap/RAP_0606.ADT	1	1.000000	1.000000
RC_0310	IDX_0000018	instant-rap/RAP_0386.ADT	1	1.000000	1.000000
RC_0311	IDX_0000021	instant-260/RNB_0020.ADT	1	1.000000	1.000000
RC_0312	IDX_0000023	mididrumfiles-80/THF_0002.ADT	1	1.000000	1.000000
RC_0313	IDX_0000026	instant-200/BAL_0015.ADT	1	1.000000	1.000000
RC_0314	IDX_0000028	instant-rap/RAP_0594.ADT	1	1.000000	1.000000
RC_0315	IDX_0000029	instant-rap/RAP_0049.ADT	1	1.000000	1.000000
RC_0316	IDX_0000030	instant-rap/RAP_0276.ADT	1	1.000000	1.000000
RC_0317	IDX_0000032	instant-200/SWG_0005.ADT	1	1.000000	1.000000
RC_0318	IDX_0000033	instant-rap/RAP_0799.ADT	1	1.000000	1.000000
RC_0319	IDX_0000034	instant-200/REG_0010.ADT	1	1.000000	1.000000
RC_0320	IDX_0000035	instant-200/REG_0006.ADT	1	1.000000	1.000000
RC_0321	IDX_0000036	instant-rap/RAP_0742.ADT	1	1.000000	1.000000
RC_0322	IDX_0000037	instant-rap/RAP_0753.ADT	1	1.000000	1.000000
RC_0323	IDX_0000038	mididrumfiles-80/LAT_0034.ADT	1	1.000000	1.000000
RC_0324	IDX_0000039	instant-rap/RAP_0134.ADT	1	1.000000	1.000000
RC_0325	IDX_0000041	instant-rap/RAP_0098.ADT	1	1.000000	1.000000
RC_0326	IDX_0000042	instant-rap/RAP_0188.ADT	1	1.000000	1.000000
RC_0327	IDX_0000043	instant-rap/RAP_0042.ADT	1	1.000000	1.000000
RC_0328	IDX_0000044	instant-rap/RAP_0678.ADT	1	1.000000	1.000000
RC_0329	IDX_0000047	instant-260/POP_0031.ADT	1	1.000000	1.000000
RC_0330	IDX_0000049	instant-rap/RAP_0033.ADT	1	1.000000	1.000000
RC_0331	IDX_0000051	instant-200/RNB_0006.ADT	1	1.000000	1.000000
RC_0332	IDX_0000053	instant-200/FNK_0028.ADT	1	1.000000	1.000000
RC_0333	IDX_0000054	instant-rap/RAP_0012.ADT	1	1.000000	1.000000
RC_0334	IDX_0000055	instant-260/REG_0035.ADT	1	1.000000	1.000000
RC_0335	IDX_0000056	instant-rap/RAP_0712.ADT	1	1.000000	1.000000
RC_0336	IDX_0000058	instant-200/FNK_0008.ADT	1	1.000000	1.000000
RC_0337	IDX_0000059	instant-rap/RAP_0145.ADT	1	1.000000	1.000000
RC_0338	IDX_0000061	mididrumfiles-80/CON_0037.ADT	1	1.000000	1.000000
RC_0339	IDX_0000062	instant-rap/RAP_0211.ADT	1	1.000000	1.000000
RC_0340	IDX_0000063	instant-260/SLW_0015.ADT	1	1.000000	1.000000
RC_0341	IDX_0000065	instant-200/DRM_0014.ADT	1	1.000000	1.000000
RC_0342	IDX_0000066	instant-200/AFC_0014.ADT	1	1.000000	1.000000
RC_0343	IDX_0000071	mididrumfiles-80/CON_0002.ADT	1	1.000000	1.000000
RC_0344	IDX_0000073	instant-rap/RAP_0522.ADT	1	1.000000	1.000000
RC_0345	IDX_0000074	instant-rap/RAP_0192.ADT	1	1.000000	1.000000
RC_0346	IDX_0000075	instant-rap/RAP_0308.ADT	1	1.000000	1.000000
RC_0347	IDX_0000076	instant-260/SHF_0005.ADT	1	1.000000	1.000000
RC_0348	IDX_0000077	instant-200/BAL_0007.ADT	1	1.000000	1.000000
RC_0349	IDX_0000079	instant-260/DSC_0018.ADT	1	1.000000	1.000000
RC_0350	IDX_0000083	instant-rap/RAP_0705.ADT	1	1.000000	1.000000
RC_0351	IDX_0000084	instant-rap/RAP_0577.ADT	1	1.000000	1.000000
RC_0352	IDX_0000085	instant-260/RCK_0037.ADT	1	1.000000	1.000000
RC_0353	IDX_0000086	instant-rap/RAP_0421.ADT	1	1.000000	1.000000
RC_0354	IDX_0000087	instant-rap/RAP_0765.ADT	1	1.000000	1.000000
RC_0355	IDX_0000088	instant-rap/RAP_0686.ADT	1	1.000000	1.000000
RC_0356	IDX_0000090	instant-200/POP_0003.ADT	1	1.000000	1.000000
RC_0357	IDX_0000092	instant-rap/RAP_0516.ADT	1	1.000000	1.000000
RC_0358	IDX_0000093	instant-260/FNK_0050.ADT	1	1.000000	1.000000
RC_0359	IDX_0000096	instant-260/RNB_0031.ADT	1	1.000000	1.000000
RC_0360	IDX_0000098	instant-rap/RAP_0128.ADT	1	1.000000	1.000000
RC_0361	IDX_0000100	instant-rap/RAP_0840.ADT	1	1.000000	1.000000
RC_0362	IDX_0000101	instant-260/DSC_0020.ADT	1	1.000000	1.000000
RC_0363	IDX_0000104	instant-rap/RAP_0640.ADT	1	1.000000	1.000000
RC_0364	IDX_0000106	mididrumfiles-80/LAT_0025.ADT	1	1.000000	1.000000
RC_0365	IDX_0000107	instant-rap/RAP_0499.ADT	1	1.000000	1.000000
RC_0366	IDX_0000108	instant-260/SWG_0010.ADT	1	1.000000	1.000000
RC_0367	IDX_0000109	instant-260/REG_0027.ADT	1	1.000000	1.000000
RC_0368	IDX_0000110	instant-200/RNB_0003.ADT	1	1.000000	1.000000
RC_0369	IDX_0000111	instant-rap/RAP_0147.ADT	1	1.000000	1.000000
RC_0370	IDX_0000112	instant-200/POP_0013.ADT	1	1.000000	1.000000
RC_0371	IDX_0000113	instant-rap/RAP_0092.ADT	1	1.000000	1.000000
RC_0372	IDX_0000114	instant-rap/RAP_0534.ADT	1	1.000000	1.000000
RC_0373	IDX_0000115	instant-rap/RAP_0550.ADT	1	1.000000	1.000000
RC_0374	IDX_0000116	instant-260/JZZ_0001.ADT	1	1.000000	1.000000
RC_0375	IDX_0000118	instant-rap/RAP_0724.ADT	1	1.000000	1.000000
RC_0376	IDX_0000122	mididrumfiles-80/CON_0012.ADT	1	1.000000	1.000000
RC_0377	IDX_0000125	instant-rap/RAP_0533.ADT	1	1.000000	1.000000
RC_0378	IDX_0000130	instant-rap/RAP_0330.ADT	1	1.000000	1.000000
RC_0379	IDX_0000131	instant-rap/RAP_0763.ADT	1	1.000000	1.000000
RC_0380	IDX_0000132	instant-260/FNK_0047.ADT	1	1.000000	1.000000
RC_0381	IDX_0000133	instant-200/REG_0004.ADT	1	1.000000	1.000000
RC_0382	IDX_0000136	instant-rap/RAP_0491.ADT	1	1.000000	1.000000
RC_0383	IDX_0000137	instant-rap/RAP_0027.ADT	1	1.000000	1.000000
RC_0384	IDX_0000138	instant-rap/RAP_0532.ADT	1	1.000000	1.000000
RC_0385	IDX_0000139	instant-rap/RAP_0285.ADT	1	1.000000	1.000000
RC_0386	IDX_0000141	instant-rap/RAP_0635.ADT	1	1.000000	1.000000
RC_0387	IDX_0000142	instant-rap/RAP_0780.ADT	1	1.000000	1.000000
RC_0388	IDX_0000143	instant-rap/RAP_0320.ADT	1	1.000000	1.000000
RC_0389	IDX_0000147	instant-260/BOG_0006.ADT	1	1.000000	1.000000
RC_0390	IDX_0000148	instant-rap/RAP_0721.ADT	1	1.000000	1.000000
RC_0391	IDX_0000149	instant-rap/RAP_0610.ADT	1	1.000000	1.000000
RC_0392	IDX_0000151	instant-260/SLW_0017.ADT	1	1.000000	1.000000
RC_0393	IDX_0000152	instant-rap/RAP_0544.ADT	1	1.000000	1.000000
RC_0394	IDX_0000153	instant-260/WLZ_0003.ADT	1	1.000000	1.000000
RC_0395	IDX_0000154	instant-rap/RAP_0359.ADT	1	1.000000	1.000000
RC_0396	IDX_0000155	mididrumfiles-80/RCK_0057.ADT	1	1.000000	1.000000
RC_0397	IDX_0000157	instant-rap/RAP_0867.ADT	1	1.000000	1.000000
RC_0398	IDX_0000158	instant-260/REG_0032.ADT	1	1.000000	1.000000
RC_0399	IDX_0000160	instant-rap/RAP_0440.ADT	1	1.000000	1.000000
RC_0400	IDX_0000169	instant-rap/RAP_0867.ADT	1	1.000000	1.000000
RC_0401	IDX_0000170	mididrumfiles-80/JZZ_0010.ADT	1	1.000000	1.000000
RC_0402	IDX_0000171	instant-200/BAL_0013.ADT	1	1.000000	1.000000
RC_0403	IDX_0000172	instant-rap/RAP_0455.ADT	1	1.000000	1.000000
RC_0404	IDX_0000173	instant-rap/RAP_0439.ADT	1	1.000000	1.000000
RC_0405	IDX_0000176	instant-rap/RAP_0582.ADT	1	1.000000	1.000000
RC_0406	IDX_0000178	instant-rap/RAP_0627.ADT	1	1.000000	1.000000
RC_0407	IDX_0000181	instant-rap/RAP_0202.ADT	1	1.000000	1.000000
RC_0408	IDX_0000182	instant-260/FNK_0061.ADT	1	1.000000	1.000000
RC_0409	IDX_0000183	instant-260/AFC_0019.ADT	1	1.000000	1.000000
RC_0410	IDX_0000184	instant-260/BNV_0004.ADT	1	1.000000	1.000000
RC_0411	IDX_0000185	mididrumfiles-80/ETH_0007.ADT	1	1.000000	1.000000
RC_0412	IDX_0000187	instant-rap/RAP_0552.ADT	1	1.000000	1.000000
RC_0413	IDX_0000188	mididrumfiles-80/LTF_0001.ADT	1	1.000000	1.000000
RC_0414	IDX_0000189	mididrumfiles-80/SXE_0009.ADT	1	1.000000	1.000000
RC_0415	IDX_0000190	instant-200/RNB_0004.ADT	1	1.000000	1.000000
RC_0416	IDX_0000191	instant-260/DSC_0012.ADT	1	1.000000	1.000000
RC_0417	IDX_0000192	instant-rap/RAP_0591.ADT	1	1.000000	1.000000
RC_0418	IDX_0000193	instant-rap/RAP_0230.ADT	1	1.000000	1.000000
RC_0419	IDX_0000195	instant-rap/RAP_0663.ADT	1	1.000000	1.000000
RC_0420	IDX_0000197	instant-rap/RAP_0067.ADT	1	1.000000	1.000000
RC_0421	IDX_0000198	mididrumfiles-80/THF_0006.ADT	1	1.000000	1.000000
RC_0422	IDX_0000199	instant-rap/RAP_0499.ADT	1	1.000000	1.000000
RC_0423	IDX_0000201	instant-rap/RAP_0259.ADT	1	1.000000	1.000000
RC_0424	IDX_0000203	instant-260/SLW_0007.ADT	1	1.000000	1.000000
RC_0425	IDX_0000204	instant-rap/RAP_0777.ADT	1	1.000000	1.000000
RC_0426	IDX_0000205	instant-rap/RAP_0633.ADT	1	1.000000	1.000000
RC_0427	IDX_0000206	instant-rap/RAP_0330.ADT	1	1.000000	1.000000
RC_0428	IDX_0000207	instant-260/FNK_0054.ADT	1	1.000000	1.000000
RC_0429	IDX_0000208	instant-rap/RAP_0232.ADT	1	1.000000	1.000000
RC_0430	IDX_0000209	mididrumfiles-80/LTF_0002.ADT	1	1.000000	1.000000
RC_0431	IDX_0000211	instant-rap/RAP_0839.ADT	1	1.000000	1.000000
RC_0432	IDX_0000212	instant-rap/RAP_0590.ADT	1	1.000000	1.000000
RC_0433	IDX_0000214	instant-rap/RAP_0568.ADT	1	1.000000	1.000000
RC_0434	IDX_0000217	instant-260/LAT_0021.ADT	1	1.000000	1.000000
RC_0435	IDX_0000223	instant-rap/RAP_0054.ADT	1	1.000000	1.000000
RC_0436	IDX_0000225	mididrumfiles-80/JZZ_0019.ADT	1	1.000000	1.000000
RC_0437	IDX_0000226	instant-rap/RAP_0351.ADT	1	1.000000	1.000000
RC_0438	IDX_0000228	instant-rap/RAP_0272.ADT	1	1.000000	1.000000
RC_0439	IDX_0000229	instant-rap/RAP_0711.ADT	1	1.000000	1.000000
RC_0440	IDX_0000230	instant-200/AFC_0003.ADT	1	1.000000	1.000000
RC_0441	IDX_0000232	instant-rap/RAP_0461.ADT	1	1.000000	1.000000
RC_0442	IDX_0000233	instant-rap/RAP_0675.ADT	1	1.000000	1.000000
RC_0443	IDX_0000234	instant-rap/RAP_0228.ADT	1	1.000000	1.000000
RC_0444	IDX_0000235	instant-rap/RAP_0244.ADT	1	1.000000	1.000000
RC_0445	IDX_0000237	instant-rap/RAP_0650.ADT	1	1.000000	1.000000
RC_0446	IDX_0000241	instant-260/FNK_0064.ADT	1	1.000000	1.000000
RC_0447	IDX_0000242	instant-rap/RAP_0385.ADT	1	1.000000	1.000000
RC_0448	IDX_0000244	instant-260/SHF_0004.ADT	1	1.000000	1.000000
RC_0449	IDX_0000246	mididrumfiles-80/THF_0007.ADT	1	1.000000	1.000000
RC_0450	IDX_0000247	instant-260/REG_0028.ADT	1	1.000000	1.000000
RC_0451	IDX_0000248	instant-rap/RAP_0198.ADT	1	1.000000	1.000000
RC_0452	IDX_0000250	instant-rap/RAP_0603.ADT	1	1.000000	1.000000
RC_0453	IDX_0000251	instant-200/FNK_0039.ADT	1	1.000000	1.000000
RC_0454	IDX_0000252	instant-rap/RAP_0040.ADT	1	1.000000	1.000000
RC_0455	IDX_0000254	instant-200/FNK_0027.ADT	1	1.000000	1.000000
RC_0456	IDX_0000256	instant-rap/RAP_0241.ADT	1	1.000000	1.000000
RC_0457	IDX_0000258	instant-rap/RAP_0205.ADT	1	1.000000	1.000000
RC_0458	IDX_0000260	mididrumfiles-80/RCK_0043.ADT	1	1.000000	1.000000
RC_0459	IDX_0000262	instant-rap/RAP_0765.ADT	1	1.000000	1.000000
RC_0460	IDX_0000265	instant-rap/RAP_0204.ADT	1	1.000000	1.000000
RC_0461	IDX_0000266	instant-260/DSC_0004.ADT	1	1.000000	1.000000
RC_0462	IDX_0000267	instant-260/REG_0016.ADT	1	1.000000	1.000000
RC_0463	IDX_0000270	instant-200/POP_0006.ADT	1	1.000000	1.000000
RC_0464	IDX_0000272	instant-rap/RAP_0207.ADT	1	1.000000	1.000000
RC_0465	IDX_0000274	instant-rap/RAP_0235.ADT	1	1.000000	1.000000
RC_0466	IDX_0000277	instant-rap/RAP_0115.ADT	1	1.000000	1.000000
RC_0467	IDX_0000278	instant-rap/RAP_0464.ADT	1	1.000000	1.000000
RC_0468	IDX_0000279	instant-260/REG_0024.ADT	1	1.000000	1.000000
RC_0469	IDX_0000281	mididrumfiles-80/TBR_0010.ADT	1	1.000000	1.000000
RC_0470	IDX_0000282	instant-rap/RAP_0467.ADT	1	1.000000	1.000000
RC_0471	IDX_0000283	instant-rap/RAP_0336.ADT	1	1.000000	1.000000
RC_0472	IDX_0000286	instant-200/FNK_0029.ADT	1	1.000000	1.000000
RC_0473	IDX_0000289	instant-rap/RAP_0668.ADT	1	1.000000	1.000000
RC_0474	IDX_0000290	instant-rap/RAP_0365.ADT	1	1.000000	1.000000
RC_0475	IDX_0000291	instant-rap/RAP_0332.ADT	1	1.000000	1.000000
RC_0476	IDX_0000292	instant-rap/RAP_0431.ADT	1	1.000000	1.000000
RC_0477	IDX_0000294	instant-rap/RAP_0060.ADT	1	1.000000	1.000000
RC_0478	IDX_0000300	mididrumfiles-80/CON_0013.ADT	1	1.000000	1.000000
RC_0479	IDX_0000301	instant-rap/RAP_0064.ADT	1	1.000000	1.000000
RC_0480	IDX_0000305	instant-rap/RAP_0124.ADT	1	1.000000	1.000000
RC_0481	IDX_0000306	instant-rap/RAP_0355.ADT	1	1.000000	1.000000
RC_0482	IDX_0000309	instant-rap/RAP_0235.ADT	1	1.000000	1.000000
RC_0483	IDX_0000310	instant-rap/RAP_0848.ADT	1	1.000000	1.000000
RC_0484	IDX_0000311	mididrumfiles-80/SXE_0008.ADT	1	1.000000	1.000000
RC_0485	IDX_0000312	instant-200/RCK_0003.ADT	1	1.000000	1.000000
RC_0486	IDX_0000313	instant-rap/RAP_0460.ADT	1	1.000000	1.000000
RC_0487	IDX_0000315	instant-rap/RAP_0158.ADT	1	1.000000	1.000000
RC_0488	IDX_0000316	instant-rap/RAP_0528.ADT	1	1.000000	1.000000
RC_0489	IDX_0000318	instant-rap/RAP_0031.ADT	1	1.000000	1.000000
RC_0490	IDX_0000319	instant-rap/RAP_0612.ADT	1	1.000000	1.000000
RC_0491	IDX_0000320	mididrumfiles-80/CON_0047.ADT	1	1.000000	1.000000
RC_0492	IDX_0000322	instant-260/RNB_0026.ADT	1	1.000000	1.000000
RC_0493	IDX_0000323	instant-rap/RAP_0833.ADT	1	1.000000	1.000000
RC_0494	IDX_0000324	instant-260/REG_0017.ADT	1	1.000000	1.000000
RC_0495	IDX_0000326	instant-rap/RAP_0100.ADT	1	1.000000	1.000000
RC_0496	IDX_0000327	instant-rap/RAP_0182.ADT	1	1.000000	1.000000
RC_0497	IDX_0000329	instant-rap/RAP_0346.ADT	1	1.000000	1.000000
RC_0498	IDX_0000330	instant-rap/RAP_0869.ADT	1	1.000000	1.000000
RC_0499	IDX_0000332	instant-rap/RAP_0015.ADT	1	1.000000	1.000000
RC_0500	IDX_0000334	instant-rap/RAP_0465.ADT	1	1.000000	1.000000
RC_0501	IDX_0000335	instant-rap/RAP_0060.ADT	1	1.000000	1.000000
RC_0502	IDX_0000340	instant-rap/RAP_0092.ADT	1	1.000000	1.000000
RC_0503	IDX_0000341	instant-260/FNK_0056.ADT	1	1.000000	1.000000
RC_0504	IDX_0000342	instant-rap/RAP_0237.ADT	1	1.000000	1.000000
RC_0505	IDX_0000343	instant-rap/RAP_0315.ADT	1	1.000000	1.000000
RC_0506	IDX_0000344	instant-200/POP_0007.ADT	1	1.000000	1.000000
RC_0507	IDX_0000345	instant-200/FNK_0024.ADT	1	1.000000	1.000000
RC_0508	IDX_0000346	instant-rap/RAP_0407.ADT	1	1.000000	1.000000
RC_0509	IDX_0000347	instant-260/FNK_0070.ADT	1	1.000000	1.000000
RC_0510	IDX_0000348	instant-260/RNB_0032.ADT	1	1.000000	1.000000
RC_0511	IDX_0000349	instant-rap/RAP_0466.ADT	1	1.000000	1.000000
RC_0512	IDX_0000350	instant-rap/RAP_0245.ADT	1	1.000000	1.000000
RC_0513	IDX_0000351	instant-rap/RAP_0008.ADT	1	1.000000	1.000000
RC_0514	IDX_0000352	mididrumfiles-80/CON_0007.ADT	1	1.000000	1.000000
RC_0515	IDX_0000353	instant-rap/RAP_0366.ADT	1	1.000000	1.000000
RC_0516	IDX_0000354	instant-200/DRM_0009.ADT	1	1.000000	1.000000
RC_0517	IDX_0000357	instant-rap/RAP_0875.ADT	1	1.000000	1.000000
RC_0518	IDX_0000362	mididrumfiles-80/THF_0001.ADT	1	1.000000	1.000000
RC_0519	IDX_0000363	instant-rap/RAP_0051.ADT	1	1.000000	1.000000
RC_0520	IDX_0000365	instant-rap/RAP_0554.ADT	1	1.000000	1.000000
RC_0521	IDX_0000372	instant-rap/RAP_0422.ADT	1	1.000000	1.000000
RC_0522	IDX_0000373	instant-rap/RAP_0869.ADT	1	1.000000	1.000000
RC_0523	IDX_0000374	instant-rap/RAP_0579.ADT	1	1.000000	1.000000
RC_0524	IDX_0000375	instant-rap/RAP_0301.ADT	1	1.000000	1.000000
RC_0525	IDX_0000377	instant-rap/RAP_0872.ADT	1	1.000000	1.000000
RC_0526	IDX_0000378	instant-rap/RAP_0033.ADT	1	1.000000	1.000000
RC_0527	IDX_0000380	instant-260/BNV_0001.ADT	1	1.000000	1.000000
RC_0528	IDX_0000381	mididrumfiles-80/LAT_0053.ADT	1	1.000000	1.000000
RC_0529	IDX_0000382	instant-200/POP_0012.ADT	1	1.000000	1.000000
RC_0530	IDX_0000383	instant-rap/RAP_0221.ADT	1	1.000000	1.000000
RC_0531	IDX_0000385	instant-260/RNB_0022.ADT	1	1.000000	1.000000
RC_0532	IDX_0000386	instant-rap/RAP_0691.ADT	1	1.000000	1.000000
RC_0533	IDX_0000388	instant-rap/RAP_0825.ADT	1	1.000000	1.000000
RC_0534	IDX_0000391	instant-260/FNK_0051.ADT	1	1.000000	1.000000
RC_0535	IDX_0000395	mididrumfiles-80/FOL_0030.ADT	1	1.000000	1.000000
RC_0536	IDX_0000397	instant-260/SMB_0007.ADT	1	1.000000	1.000000
RC_0537	IDX_0000398	instant-rap/RAP_0695.ADT	1	1.000000	1.000000
RC_0538	IDX_0000399	instant-200/LAT_0007.ADT	1	1.000000	1.000000
RC_0539	IDX_0000400	instant-200/SWG_0006.ADT	1	1.000000	1.000000
RC_0540	IDX_0000401	instant-rap/RAP_0855.ADT	1	1.000000	1.000000
RC_0541	IDX_0000404	instant-rap/RAP_0332.ADT	1	1.000000	1.000000
RC_0542	IDX_0000408	instant-200/DRM_0008.ADT	1	1.000000	1.000000
RC_0543	IDX_0000409	instant-260/FNK_0048.ADT	1	1.000000	1.000000
RC_0544	IDX_0000410	instant-rap/RAP_0028.ADT	1	1.000000	1.000000
RC_0545	IDX_0000411	instant-rap/RAP_0343.ADT	1	1.000000	1.000000
RC_0546	IDX_0000412	mididrumfiles-80/RCK_0049.ADT	1	1.000000	1.000000
RC_0547	IDX_0000413	instant-200/LAT_0002.ADT	1	1.000000	1.000000
RC_0548	IDX_0000417	instant-260/FNK_0043.ADT	1	1.000000	1.000000
RC_0549	IDX_0000419	instant-200/RCK_0012.ADT	1	1.000000	1.000000
RC_0550	IDX_0000422	instant-rap/RAP_0799.ADT	1	1.000000	1.000000
RC_0551	IDX_0000423	instant-260/RNB_0021.ADT	1	1.000000	1.000000
RC_0552	IDX_0000424	instant-rap/RAP_0548.ADT	1	1.000000	1.000000
RC_0553	IDX_0000426	instant-rap/RAP_0600.ADT	1	1.000000	1.000000
RC_0554	IDX_0000427	instant-rap/RAP_0690.ADT	1	1.000000	1.000000
RC_0555	IDX_0000428	instant-rap/RAP_0246.ADT	1	1.000000	1.000000
RC_0556	IDX_0000430	instant-260/SHF_0006.ADT	1	1.000000	1.000000
RC_0557	IDX_0000432	instant-rap/RAP_0744.ADT	1	1.000000	1.000000
RC_0558	IDX_0000434	instant-rap/RAP_0287.ADT	1	1.000000	1.000000
RC_0559	IDX_0000435	instant-rap/RAP_0594.ADT	1	1.000000	1.000000
RC_0560	IDX_0000436	mididrumfiles-80/CON_0006.ADT	1	1.000000	1.000000
RC_0561	IDX_0000437	instant-rap/RAP_0565.ADT	1	1.000000	1.000000
RC_0562	IDX_0000438	instant-rap/RAP_0482.ADT	1	1.000000	1.000000
RC_0563	IDX_0000439	instant-rap/RAP_0833.ADT	1	1.000000	1.000000
RC_0564	IDX_0000441	instant-rap/RAP_0278.ADT	1	1.000000	1.000000
RC_0565	IDX_0000444	instant-rap/RAP_0637.ADT	1	1.000000	1.000000
RC_0566	IDX_0000447	instant-rap/RAP_0601.ADT	1	1.000000	1.000000
RC_0567	IDX_0000451	instant-260/SLW_0003.ADT	1	1.000000	1.000000
RC_0568	IDX_0000452	instant-rap/RAP_0305.ADT	1	1.000000	1.000000
RC_0569	IDX_0000453	instant-260/AFC_0029.ADT	1	1.000000	1.000000
RC_0570	IDX_0000455	instant-260/FNK_0066.ADT	1	1.000000	1.000000
RC_0571	IDX_0000456	instant-200/FNK_0021.ADT	1	1.000000	1.000000
RC_0572	IDX_0000457	instant-260/LAT_0019.ADT	1	1.000000	1.000000
RC_0573	IDX_0000458	mididrumfiles-80/LSE_0003.ADT	1	1.000000	1.000000
RC_0574	IDX_0000459	instant-rap/RAP_0044.ADT	1	1.000000	1.000000
RC_0575	IDX_0000460	instant-rap/RAP_0684.ADT	1	1.000000	1.000000
RC_0576	IDX_0000461	instant-rap/RAP_0801.ADT	1	1.000000	1.000000
RC_0577	IDX_0000463	instant-260/POP_0028.ADT	1	1.000000	1.000000
RC_0578	IDX_0000464	instant-rap/RAP_0293.ADT	1	1.000000	1.000000
RC_0579	IDX_0000465	instant-rap/RAP_0452.ADT	1	1.000000	1.000000
RC_0580	IDX_0000467	instant-200/RNB_0008.ADT	1	1.000000	1.000000
RC_0581	IDX_0000468	instant-260/RCK_0035.ADT	1	1.000000	1.000000
RC_0582	IDX_0000470	instant-260/DSC_0007.ADT	1	1.000000	1.000000
RC_0583	IDX_0000476	instant-200/REG_0003.ADT	1	1.000000	1.000000
RC_0584	IDX_0000477	mididrumfiles-80/THF_0006.ADT	1	1.000000	1.000000
RC_0585	IDX_0000478	instant-rap/RAP_0587.ADT	1	1.000000	1.000000
RC_0586	IDX_0000479	instant-rap/RAP_0549.ADT	1	1.000000	1.000000
RC_0587	IDX_0000481	instant-260/SHF_0009.ADT	1	1.000000	1.000000
RC_0588	IDX_0000483	instant-200/REG_0015.ADT	1	1.000000	1.000000
RC_0589	IDX_0000488	instant-rap/RAP_0352.ADT	1	1.000000	1.000000
RC_0590	IDX_0000490	instant-260/DSC_0003.ADT	1	1.000000	1.000000
RC_0591	IDX_0000492	instant-260/BLU_0017.ADT	1	1.000000	1.000000
RC_0592	IDX_0000493	instant-rap/RAP_0180.ADT	1	1.000000	1.000000
RC_0593	IDX_0000496	instant-rap/RAP_0674.ADT	1	1.000000	1.000000
RC_0594	IDX_0000497	instant-rap/RAP_0545.ADT	1	1.000000	1.000000
RC_0595	IDX_0000498	mididrumfiles-80/CON_0044.ADT	1	1.000000	1.000000
RC_0596	IDX_0000500	instant-rap/RAP_0523.ADT	1	1.000000	1.000000
RC_0597	IDX_0000501	instant-rap/RAP_0381.ADT	1	1.000000	1.000000
RC_0598	IDX_0000503	instant-200/REG_0013.ADT	1	1.000000	1.000000
RC_0599	IDX_0000504	instant-260/POP_0029.ADT	1	1.000000	1.000000
RC_0600	IDX_0000505	instant-rap/RAP_0683.ADT	1	1.000000	1.000000
RC_0601	IDX_0000506	instant-260/SWG_0016.ADT	1	1.000000	1.000000
RC_0602	IDX_0000507	instant-rap/RAP_0763.ADT	1	1.000000	1.000000
RC_0603	IDX_0000508	instant-rap/RAP_0176.ADT	1	1.000000	1.000000
RC_0604	IDX_0000509	instant-rap/RAP_0304.ADT	1	1.000000	1.000000
RC_0605	IDX_0000511	instant-rap/RAP_0175.ADT	1	1.000000	1.000000
RC_0606	IDX_0000512	instant-260/FNK_0060.ADT	1	1.000000	1.000000
RC_0607	IDX_0000513	instant-rap/RAP_0317.ADT	1	1.000000	1.000000
RC_0608	IDX_0000514	instant-200/AFC_0009.ADT	1	1.000000	1.000000
RC_0609	IDX_0000515	instant-rap/RAP_0490.ADT	1	1.000000	1.000000
RC_0610	IDX_0000517	instant-260/DSC_0021.ADT	1	1.000000	1.000000
RC_0611	IDX_0000519	instant-rap/RAP_0365.ADT	1	1.000000	1.000000
RC_0612	IDX_0000521	instant-200/BAL_0014.ADT	1	1.000000	1.000000
RC_0613	IDX_0000523	instant-rap/RAP_0790.ADT	1	1.000000	1.000000
RC_0614	IDX_0000524	instant-rap/RAP_0110.ADT	1	1.000000	1.000000
RC_0615	IDX_0000525	instant-rap/RAP_0363.ADT	1	1.000000	1.000000
RC_0616	IDX_0000529	instant-rap/RAP_0162.ADT	1	1.000000	1.000000
RC_0617	IDX_0000532	instant-rap/RAP_0438.ADT	1	1.000000	1.000000
RC_0618	IDX_0000533	instant-rap/RAP_0187.ADT	1	1.000000	1.000000
RC_0619	IDX_0000534	instant-260/RCK_0027.ADT	1	1.000000	1.000000
RC_0620	IDX_0000535	instant-200/RCK_0002.ADT	1	1.000000	1.000000
RC_0621	IDX_0000536	instant-200/REG_0009.ADT	1	1.000000	1.000000
RC_0622	IDX_0000537	instant-260/RNB_0027.ADT	1	1.000000	1.000000
RC_0623	IDX_0000538	instant-rap/RAP_0648.ADT	1	1.000000	1.000000
RC_0624	IDX_0000539	instant-200/BLU_0009.ADT	1	1.000000	1.000000
RC_0625	IDX_0000540	instant-260/DSC_0002.ADT	1	1.000000	1.000000
RC_0626	IDX_0000543	instant-260/RCK_0039.ADT	1	1.000000	1.000000
RC_0627	IDX_0000545	instant-rap/RAP_0682.ADT	1	1.000000	1.000000
RC_0628	IDX_0000549	instant-rap/RAP_0694.ADT	1	1.000000	1.000000
RC_0629	IDX_0000550	instant-rap/RAP_0298.ADT	1	1.000000	1.000000
RC_0630	IDX_0000551	instant-200/FNK_0004.ADT	1	1.000000	1.000000
RC_0631	IDX_0000554	instant-rap/RAP_0250.ADT	1	1.000000	1.000000
RC_0632	IDX_0000555	instant-rap/RAP_0731.ADT	1	1.000000	1.000000
RC_0633	IDX_0000557	instant-rap/RAP_0670.ADT	1	1.000000	1.000000
RC_0634	IDX_0000564	instant-rap/RAP_0872.ADT	1	1.000000	1.000000
RC_0635	IDX_0000565	instant-260/BNV_0008.ADT	1	1.000000	1.000000
RC_0636	IDX_0000569	instant-rap/RAP_0248.ADT	1	1.000000	1.000000
RC_0637	IDX_0000571	instant-rap/RAP_0148.ADT	1	1.000000	1.000000
RC_0638	IDX_0000573	instant-200/AFC_0001.ADT	1	1.000000	1.000000
RC_0639	IDX_0000574	instant-260/SWG_0014.ADT	1	1.000000	1.000000
RC_0640	IDX_0000576	instant-rap/RAP_0168.ADT	1	1.000000	1.000000
RC_0641	IDX_0000578	instant-260/RCK_0018.ADT	1	1.000000	1.000000
RC_0642	IDX_0000579	instant-260/DSC_0019.ADT	1	1.000000	1.000000
RC_0643	IDX_0000581	instant-260/DSC_0014.ADT	1	1.000000	1.000000
RC_0644	IDX_0000584	instant-260/FNK_0049.ADT	1	1.000000	1.000000
RC_0645	IDX_0000585	instant-rap/RAP_0369.ADT	1	1.000000	1.000000
RC_0646	IDX_0000589	instant-rap/RAP_0094.ADT	1	1.000000	1.000000
RC_0647	IDX_0000590	instant-200/FNK_0018.ADT	1	1.000000	1.000000
RC_0648	IDX_0000593	instant-260/BNV_0003.ADT	1	1.000000	1.000000
RC_0649	IDX_0000595	instant-200/REG_0012.ADT	1	1.000000	1.000000
RC_0650	IDX_0000596	instant-200/DRM_0001.ADT	1	1.000000	1.000000
RC_0651	IDX_0000599	instant-rap/RAP_0153.ADT	1	1.000000	1.000000
RC_0652	IDX_0000600	instant-260/BNV_0002.ADT	1	1.000000	1.000000
RC_0653	IDX_0000602	mididrumfiles-80/CON_0021.ADT	1	1.000000	1.000000
RC_0654	IDX_0000603	instant-260/FNK_0062.ADT	1	1.000000	1.000000
RC_0655	IDX_0000605	mididrumfiles-80/CON_0045.ADT	1	1.000000	1.000000
RC_0656	IDX_0000608	instant-rap/RAP_0601.ADT	1	1.000000	1.000000
RC_0657	IDX_0000609	instant-rap/RAP_0710.ADT	1	1.000000	1.000000
RC_0658	IDX_0000611	instant-rap/RAP_0342.ADT	1	1.000000	1.000000
RC_0659	IDX_0000612	instant-200/FNK_0017.ADT	1	1.000000	1.000000
RC_0660	IDX_0000614	instant-260/SHF_0003.ADT	1	1.000000	1.000000
RC_0661	IDX_0000616	instant-rap/RAP_0505.ADT	1	1.000000	1.000000
RC_0662	IDX_0000617	instant-260/AFC_0023.ADT	1	1.000000	1.000000
RC_0663	IDX_0000618	instant-200/LAT_0005.ADT	1	1.000000	1.000000
RC_0664	IDX_0000622	mididrumfiles-80/CON_0049.ADT	1	1.000000	1.000000
RC_0665	IDX_0000625	mididrumfiles-80/FOL_0025.ADT	1	1.000000	1.000000
RC_0666	IDX_0000629	instant-rap/RAP_0251.ADT	1	1.000000	1.000000
RC_0667	IDX_0000631	instant-rap/RAP_0284.ADT	1	1.000000	1.000000
RC_0668	IDX_0000633	mididrumfiles-80/CON_0016.ADT	1	1.000000	1.000000
RC_0669	IDX_0000634	instant-260/RNB_0030.ADT	1	1.000000	1.000000
RC_0670	IDX_0000635	instant-rap/RAP_0132.ADT	1	1.000000	1.000000
RC_0671	IDX_0000636	instant-rap/RAP_0615.ADT	1	1.000000	1.000000
RC_0672	IDX_0000637	instant-rap/RAP_0835.ADT	1	1.000000	1.000000
RC_0673	IDX_0000639	instant-rap/RAP_0560.ADT	1	1.000000	1.000000
RC_0674	IDX_0000640	instant-260/BOG_0005.ADT	1	1.000000	1.000000
RC_0675	IDX_0000647	instant-260/LAT_0020.ADT	1	1.000000	1.000000
RC_0676	IDX_0000648	instant-rap/RAP_0798.ADT	1	1.000000	1.000000
RC_0677	IDX_0000649	instant-rap/RAP_0219.ADT	1	1.000000	1.000000
RC_0678	IDX_0000650	instant-rap/RAP_0189.ADT	1	1.000000	1.000000
RC_0679	IDX_0000651	instant-rap/RAP_0233.ADT	1	1.000000	1.000000
RC_0680	IDX_0000652	instant-rap/RAP_0134.ADT	1	1.000000	1.000000
RC_0681	IDX_0000653	instant-rap/RAP_0085.ADT	1	1.000000	1.000000
RC_0682	IDX_0000654	instant-rap/RAP_0689.ADT	1	1.000000	1.000000
RC_0683	IDX_0000655	mididrumfiles-80/LAT_0039.ADT	1	1.000000	1.000000
RC_0684	IDX_0000656	instant-rap/RAP_0420.ADT	1	1.000000	1.000000
RC_0685	IDX_0000657	instant-260/BLU_0020.ADT	1	1.000000	1.000000
RC_0686	IDX_0000658	instant-260/AFC_0018.ADT	1	1.000000	1.000000
RC_0687	IDX_0000659	instant-200/FNK_0006.ADT	1	1.000000	1.000000
RC_0688	IDX_0000661	instant-rap/RAP_0302.ADT	1	1.000000	1.000000
RC_0689	IDX_0000662	mididrumfiles-80/LTF_0001.ADT	1	1.000000	1.000000
RC_0690	IDX_0000664	mididrumfiles-80/TBR_0014.ADT	1	1.000000	1.000000
RC_0691	IDX_0000665	instant-200/FNK_0025.ADT	1	1.000000	1.000000
RC_0692	IDX_0000666	instant-rap/RAP_0064.ADT	1	1.000000	1.000000
RC_0693	IDX_0000667	instant-260/RNB_0019.ADT	1	1.000000	1.000000
RC_0694	IDX_0000668	instant-rap/RAP_0565.ADT	1	1.000000	1.000000
RC_0695	IDX_0000669	instant-rap/RAP_0290.ADT	1	1.000000	1.000000
RC_0696	IDX_0000670	instant-rap/RAP_0405.ADT	1	1.000000	1.000000
RC_0697	IDX_0000673	instant-260/PSD_0003.ADT	1	1.000000	1.000000
RC_0698	IDX_0000679	instant-260/POP_0023.ADT	1	1.000000	1.000000
RC_0699	IDX_0000680	instant-rap/RAP_0680.ADT	1	1.000000	1.000000
RC_0700	IDX_0000682	instant-rap/RAP_0667.ADT	1	1.000000	1.000000
RC_0701	IDX_0000683	instant-rap/RAP_0517.ADT	1	1.000000	1.000000
RC_0702	IDX_0000684	instant-260/AFC_0025.ADT	1	1.000000	1.000000
RC_0703	IDX_0000686	mididrumfiles-80/FOL_0015.ADT	1	1.000000	1.000000
RC_0704	IDX_0000687	instant-rap/RAP_0313.ADT	1	1.000000	1.000000
RC_0705	IDX_0000688	instant-rap/RAP_0406.ADT	1	1.000000	1.000000
RC_0706	IDX_0000689	instant-rap/RAP_0166.ADT	1	1.000000	1.000000
RC_0707	IDX_0000690	instant-rap/RAP_0685.ADT	1	1.000000	1.000000
RC_0708	IDX_0000692	instant-260/PSD_0004.ADT	1	1.000000	1.000000
RC_0709	IDX_0000693	instant-rap/RAP_0864.ADT	1	1.000000	1.000000
RC_0710	IDX_0000694	instant-rap/RAP_0354.ADT	1	1.000000	1.000000
RC_0711	IDX_0000695	instant-260/FNK_0059.ADT	1	1.000000	1.000000
RC_0712	IDX_0000698	instant-rap/RAP_0319.ADT	1	1.000000	1.000000
RC_0713	IDX_0000700	instant-200/REG_0002.ADT	1	1.000000	1.000000
RC_0714	IDX_0000702	instant-rap/RAP_0835.ADT	1	1.000000	1.000000
RC_0715	IDX_0000703	instant-rap/RAP_0100.ADT	1	1.000000	1.000000
RC_0716	IDX_0000704	instant-rap/RAP_0767.ADT	1	1.000000	1.000000
RC_0717	IDX_0000707	instant-rap/RAP_0196.ADT	1	1.000000	1.000000
RC_0718	IDX_0000708	instant-rap/RAP_0709.ADT	1	1.000000	1.000000
RC_0719	IDX_0000709	mididrumfiles-80/LTF_0002.ADT	1	1.000000	1.000000
RC_0720	IDX_0000710	instant-rap/RAP_0752.ADT	1	1.000000	1.000000
RC_0721	IDX_0000712	instant-rap/RAP_0849.ADT	1	1.000000	1.000000
RC_0722	IDX_0000715	instant-rap/RAP_0629.ADT	1	1.000000	1.000000
RC_0723	IDX_0000717	instant-rap/RAP_0423.ADT	1	1.000000	1.000000
RC_0724	IDX_0000718	instant-rap/RAP_0770.ADT	1	1.000000	1.000000
RC_0725	IDX_0000719	instant-rap/RAP_0215.ADT	1	1.000000	1.000000
RC_0726	IDX_0000724	instant-260/WLZ_0005.ADT	1	1.000000	1.000000
RC_0727	IDX_0000726	instant-rap/RAP_0252.ADT	1	1.000000	1.000000
RC_0728	IDX_0000727	instant-260/BOG_0003.ADT	1	1.000000	1.000000
RC_0729	IDX_0000729	mididrumfiles-80/LSE_0002.ADT	1	1.000000	1.000000
RC_0730	IDX_0000731	instant-rap/RAP_0037.ADT	1	1.000000	1.000000
RC_0731	IDX_0000732	instant-rap/RAP_0616.ADT	1	1.000000	1.000000
RC_0732	IDX_0000733	instant-rap/RAP_0101.ADT	1	1.000000	1.000000
RC_0733	IDX_0000734	instant-rap/RAP_0542.ADT	1	1.000000	1.000000
RC_0734	IDX_0000735	instant-260/SLW_0010.ADT	1	1.000000	1.000000
RC_0735	IDX_0000738	instant-200/REG_0014.ADT	1	1.000000	1.000000
RC_0736	IDX_0000739	mididrumfiles-80/FOL_0026.ADT	1	1.000000	1.000000
RC_0737	IDX_0000740	instant-200/FNK_0041.ADT	1	1.000000	1.000000
RC_0738	IDX_0000742	instant-rap/RAP_0486.ADT	1	1.000000	1.000000
RC_0739	IDX_0000746	instant-rap/RAP_0697.ADT	1	1.000000	1.000000
RC_0740	IDX_0000750	instant-260/SLW_0014.ADT	1	1.000000	1.000000
RC_0741	IDX_0000751	instant-rap/RAP_0130.ADT	1	1.000000	1.000000
RC_0742	IDX_0000753	instant-260/SMB_0005.ADT	1	1.000000	1.000000
RC_0743	IDX_0000754	instant-rap/RAP_0397.ADT	1	1.000000	1.000000
RC_0744	IDX_0000755	instant-rap/RAP_0384.ADT	1	1.000000	1.000000
RC_0745	IDX_0000756	instant-rap/RAP_0065.ADT	1	1.000000	1.000000
RC_0746	IDX_0000757	instant-260/DSC_0006.ADT	1	1.000000	1.000000
RC_0747	IDX_0000758	instant-rap/RAP_0873.ADT	1	1.000000	1.000000
RC_0748	IDX_0000759	instant-rap/RAP_0234.ADT	1	1.000000	1.000000
RC_0749	IDX_0000760	instant-rap/RAP_0263.ADT	1	1.000000	1.000000
RC_0750	IDX_0000761	instant-rap/RAP_0377.ADT	1	1.000000	1.000000
RC_0751	IDX_0000762	instant-200/BAL_0009.ADT	1	1.000000	1.000000
RC_0752	IDX_0000763	instant-rap/RAP_0793.ADT	1	1.000000	1.000000
RC_0753	IDX_0000766	instant-rap/RAP_0066.ADT	1	1.000000	1.000000
RC_0754	IDX_0000768	instant-rap/RAP_0628.ADT	1	1.000000	1.000000
RC_0755	IDX_0000771	instant-rap/RAP_0488.ADT	1	1.000000	1.000000
RC_0756	IDX_0000776	instant-rap/RAP_0151.ADT	1	1.000000	1.000000
RC_0757	IDX_0000777	instant-260/AFC_0020.ADT	1	1.000000	1.000000
RC_0758	IDX_0000778	instant-rap/RAP_0797.ADT	1	1.000000	1.000000
RC_0759	IDX_0000779	instant-200/AFC_0006.ADT	1	1.000000	1.000000
RC_0760	IDX_0000780	instant-rap/RAP_0546.ADT	1	1.000000	1.000000
RC_0761	IDX_0000781	instant-rap/RAP_0243.ADT	1	1.000000	1.000000
RC_0762	IDX_0000783	instant-200/LAT_0010.ADT	1	1.000000	1.000000
RC_0763	IDX_0000784	instant-rap/RAP_0633.ADT	1	1.000000	1.000000
RC_0764	IDX_0000785	mididrumfiles-80/CON_0009.ADT	1	1.000000	1.000000
RC_0765	IDX_0000786	instant-rap/RAP_0162.ADT	1	1.000000	1.000000
RC_0766	IDX_0000788	instant-rap/RAP_0580.ADT	1	1.000000	1.000000
RC_0767	IDX_0000793	instant-rap/RAP_0236.ADT	1	1.000000	1.000000
RC_0768	IDX_0000794	instant-rap/RAP_0804.ADT	1	1.000000	1.000000
RC_0769	IDX_0000796	instant-rap/RAP_0782.ADT	1	1.000000	1.000000
RC_0770	IDX_0000797	instant-rap/RAP_0599.ADT	1	1.000000	1.000000
RC_0771	IDX_0000798	instant-200/FNK_0030.ADT	1	1.000000	1.000000
RC_0772	IDX_0000800	instant-rap/RAP_0655.ADT	1	1.000000	1.000000
RC_0773	IDX_0000801	instant-rap/RAP_0279.ADT	1	1.000000	1.000000
RC_0774	IDX_0000806	instant-rap/RAP_0553.ADT	1	1.000000	1.000000
RC_0775	IDX_0000807	instant-260/DSC_0009.ADT	1	1.000000	1.000000
RC_0776	IDX_0000808	instant-rap/RAP_0080.ADT	1	1.000000	1.000000
RC_0777	IDX_0000811	instant-rap/RAP_0669.ADT	1	1.000000	1.000000
RC_0778	IDX_0000812	instant-rap/RAP_0133.ADT	1	1.000000	1.000000
RC_0779	IDX_0000813	instant-rap/RAP_0079.ADT	1	1.000000	1.000000
RC_0780	IDX_0000814	instant-rap/RAP_0056.ADT	1	1.000000	1.000000
RC_0781	IDX_0000815	mididrumfiles-80/THF_0005.ADT	1	1.000000	1.000000
RC_0782	IDX_0000817	mididrumfiles-80/BLU_0023.ADT	1	1.000000	1.000000
RC_0783	IDX_0000819	instant-rap/RAP_0429.ADT	1	1.000000	1.000000
RC_0784	IDX_0000820	instant-260/REG_0026.ADT	1	1.000000	1.000000
RC_0785	IDX_0000821	instant-rap/RAP_0708.ADT	1	1.000000	1.000000
RC_0786	IDX_0000822	instant-rap/RAP_0837.ADT	1	1.000000	1.000000
RC_0787	IDX_0000824	instant-200/FNK_0016.ADT	1	1.000000	1.000000
RC_0788	IDX_0000825	instant-260/TWT_0003.ADT	1	1.000000	1.000000
RC_0789	IDX_0000828	mididrumfiles-80/RCK_0041.ADT	1	1.000000	1.000000
RC_0790	IDX_0000829	instant-rap/RAP_0511.ADT	1	1.000000	1.000000
RC_0791	IDX_0000831	instant-rap/RAP_0065.ADT	1	1.000000	1.000000
RC_0792	IDX_0000832	instant-rap/RAP_0202.ADT	1	1.000000	1.000000
RC_0793	IDX_0000833	mididrumfiles-80/JZZ_0011.ADT	1	1.000000	1.000000
RC_0794	IDX_0000837	instant-rap/RAP_0746.ADT	1	1.000000	1.000000
RC_0795	IDX_0000839	instant-rap/RAP_0776.ADT	1	1.000000	1.000000
RC_0796	IDX_0000840	instant-rap/RAP_0161.ADT	1	1.000000	1.000000
RC_0797	IDX_0000843	instant-rap/RAP_0438.ADT	1	1.000000	1.000000
RC_0798	IDX_0000844	instant-260/SMB_0004.ADT	1	1.000000	1.000000
RC_0799	IDX_0000845	instant-rap/RAP_0713.ADT	1	1.000000	1.000000
RC_0800	IDX_0000848	instant-rap/RAP_0066.ADT	1	1.000000	1.000000
RC_0801	IDX_0000849	instant-rap/RAP_0282.ADT	1	1.000000	1.000000
RC_0802	IDX_0000851	instant-rap/RAP_0436.ADT	1	1.000000	1.000000
RC_0803	IDX_0000854	mididrumfiles-80/ETH_0005.ADT	1	1.000000	1.000000
RC_0804	IDX_0000856	instant-260/SLW_0013.ADT	1	1.000000	1.000000
RC_0805	IDX_0000858	instant-rap/RAP_0199.ADT	1	1.000000	1.000000
RC_0806	IDX_0000863	instant-260/DRM_0018.ADT	1	1.000000	1.000000
RC_0807	IDX_0000864	instant-rap/RAP_0489.ADT	1	1.000000	1.000000
RC_0808	IDX_0000865	instant-rap/RAP_0532.ADT	1	1.000000	1.000000
RC_0809	IDX_0000866	instant-rap/RAP_0764.ADT	1	1.000000	1.000000
RC_0810	IDX_0000867	instant-rap/RAP_0167.ADT	1	1.000000	1.000000
RC_0811	IDX_0000868	instant-200/SWG_0003.ADT	1	1.000000	1.000000
RC_0812	IDX_0000869	instant-rap/RAP_0704.ADT	1	1.000000	1.000000
RC_0813	IDX_0000870	instant-rap/RAP_0560.ADT	1	1.000000	1.000000
RC_0814	IDX_0000871	instant-rap/RAP_0099.ADT	1	1.000000	1.000000
RC_0815	IDX_0000872	instant-200/LAT_0014.ADT	1	1.000000	1.000000
RC_0816	IDX_0000876	instant-260/AFC_0024.ADT	1	1.000000	1.000000
RC_0817	IDX_0000877	mididrumfiles-80/CON_0009.ADT	1	1.000000	1.000000
RC_0818	IDX_0000882	mididrumfiles-80/ETH_0006.ADT	1	1.000000	1.000000
RC_0819	IDX_0000885	instant-260/AFC_0017.ADT	1	1.000000	1.000000
RC_0820	IDX_0000887	instant-260/FNK_0071.ADT	1	1.000000	1.000000
RC_0821	IDX_0000888	instant-rap/RAP_0172.ADT	1	1.000000	1.000000
RC_0822	IDX_0000889	instant-260/LAT_0016.ADT	1	1.000000	1.000000
RC_0823	IDX_0000891	mididrumfiles-80/RCK_0065.ADT	1	1.000000	1.000000
RC_0824	IDX_0000893	instant-260/SKA_0001.ADT	1	1.000000	1.000000
RC_0825	IDX_0000894	instant-rap/RAP_0155.ADT	1	1.000000	1.000000
RC_0826	IDX_0000895	instant-200/RNB_0013.ADT	1	1.000000	1.000000
RC_0827	IDX_0000896	instant-260/SWG_0012.ADT	1	1.000000	1.000000
RC_0828	IDX_0000897	instant-200/BAL_0012.ADT	1	1.000000	1.000000
RC_0829	IDX_0000898	instant-rap/RAP_0692.ADT	1	1.000000	1.000000
RC_0830	IDX_0000899	instant-200/FNK_0026.ADT	1	1.000000	1.000000
RC_0831	IDX_0000901	instant-260/JZZ_0007.ADT	1	1.000000	1.000000
RC_0832	IDX_0000903	instant-260/TWT_0006.ADT	1	1.000000	1.000000
RC_0833	IDX_0000904	mididrumfiles-80/CON_0046.ADT	1	1.000000	1.000000
RC_0834	IDX_0000906	instant-rap/RAP_0247.ADT	1	1.000000	1.000000
RC_0835	IDX_0000907	instant-rap/RAP_0216.ADT	1	1.000000	1.000000
RC_0836	IDX_0000908	instant-rap/RAP_0729.ADT	1	1.000000	1.000000
RC_0837	IDX_0000911	instant-200/DRM_0012.ADT	1	1.000000	1.000000
RC_0838	IDX_0000914	instant-rap/RAP_0331.ADT	1	1.000000	1.000000
RC_0839	IDX_0000915	instant-rap/RAP_0561.ADT	1	1.000000	1.000000
RC_0840	IDX_0000917	instant-rap/RAP_0023.ADT	1	1.000000	1.000000
RC_0841	IDX_0000920	instant-rap/RAP_0667.ADT	1	1.000000	1.000000
RC_0842	IDX_0000921	instant-260/JZZ_0006.ADT	1	1.000000	1.000000
RC_0843	IDX_0000925	instant-rap/RAP_0652.ADT	1	1.000000	1.000000
RC_0844	IDX_0000927	instant-rap/RAP_0298.ADT	1	1.000000	1.000000
RC_0845	IDX_0000929	instant-rap/RAP_0419.ADT	1	1.000000	1.000000
RC_0846	IDX_0000930	instant-rap/RAP_0634.ADT	1	1.000000	1.000000
RC_0847	IDX_0000932	instant-rap/RAP_0662.ADT	1	1.000000	1.000000
RC_0848	IDX_0000933	instant-rap/RAP_0312.ADT	1	1.000000	1.000000
RC_0849	IDX_0000935	instant-260/TNG_0001.ADT	1	1.000000	1.000000
RC_0850	IDX_0000937	instant-rap/RAP_0020.ADT	1	1.000000	1.000000
RC_0851	IDX_0000938	instant-rap/RAP_0334.ADT	1	1.000000	1.000000
RC_0852	IDX_0000939	instant-200/RNB_0010.ADT	1	1.000000	1.000000
RC_0853	IDX_0000942	instant-rap/RAP_0103.ADT	1	1.000000	1.000000
RC_0854	IDX_0000945	instant-rap/RAP_0815.ADT	1	1.000000	1.000000
RC_0855	IDX_0000947	mididrumfiles-80/CON_0016.ADT	1	1.000000	1.000000
RC_0856	IDX_0000949	instant-260/BLU_0014.ADT	1	1.000000	1.000000
RC_0857	IDX_0000951	instant-260/TWT_0004.ADT	1	1.000000	1.000000
RC_0858	IDX_0000952	instant-rap/RAP_0513.ADT	1	1.000000	1.000000
RC_0859	IDX_0000953	instant-260/DRM_0020.ADT	1	1.000000	1.000000
RC_0860	IDX_0000954	mididrumfiles-80/BLU_0022.ADT	1	1.000000	1.000000
RC_0861	IDX_0000955	instant-rap/RAP_0336.ADT	1	1.000000	1.000000
RC_0862	IDX_0000959	instant-200/SWG_0001.ADT	1	1.000000	1.000000
RC_0863	IDX_0000960	instant-rap/RAP_0716.ADT	1	1.000000	1.000000
RC_0864	IDX_0000961	instant-rap/RAP_0195.ADT	1	1.000000	1.000000
RC_0865	IDX_0000963	mididrumfiles-80/FOL_0020.ADT	1	1.000000	1.000000
RC_0866	IDX_0000964	instant-260/AFC_0026.ADT	1	1.000000	1.000000
RC_0867	IDX_0000965	instant-rap/RAP_0193.ADT	1	1.000000	1.000000
RC_0868	IDX_0000966	instant-200/FNK_0003.ADT	1	1.000000	1.000000
RC_0869	IDX_0000967	instant-rap/RAP_0589.ADT	1	1.000000	1.000000
RC_0870	IDX_0000970	instant-200/FNK_0014.ADT	1	1.000000	1.000000
RC_0871	IDX_0000971	instant-260/FNK_0063.ADT	1	1.000000	1.000000
RC_0872	IDX_0000972	instant-rap/RAP_0805.ADT	1	1.000000	1.000000
RC_0873	IDX_0000973	instant-260/FNK_0055.ADT	1	1.000000	1.000000
RC_0874	IDX_0000974	mididrumfiles-80/JZZ_0015.ADT	1	1.000000	1.000000
RC_0875	IDX_0000975	instant-260/POP_0032.ADT	1	1.000000	1.000000
RC_0876	IDX_0000976	instant-rap/RAP_0636.ADT	1	1.000000	1.000000
RC_0877	IDX_0000977	instant-rap/RAP_0166.ADT	1	1.000000	1.000000
RC_0878	IDX_0000978	instant-200/FNK_0032.ADT	1	1.000000	1.000000
RC_0879	IDX_0000979	instant-rap/RAP_0508.ADT	1	1.000000	1.000000
RC_0880	IDX_0000983	instant-rap/RAP_0847.ADT	1	1.000000	1.000000
RC_0881	IDX_0000984	instant-260/TWT_0001.ADT	1	1.000000	1.000000
RC_0882	IDX_0000985	instant-rap/RAP_0199.ADT	1	1.000000	1.000000
RC_0883	IDX_0000986	instant-rap/RAP_0687.ADT	1	1.000000	1.000000
RC_0884	IDX_0000987	instant-rap/RAP_0146.ADT	1	1.000000	1.000000
RC_0885	IDX_0000988	instant-rap/RAP_0852.ADT	1	1.000000	1.000000
RC_0886	IDX_0000989	mididrumfiles-80/SXE_0017.ADT	1	1.000000	1.000000
RC_0887	IDX_0000990	instant-260/DSC_0017.ADT	1	1.000000	1.000000
RC_0888	IDX_0000992	instant-200/AFC_0005.ADT	1	1.000000	1.000000
RC_0889	IDX_0000993	instant-rap/RAP_0677.ADT	1	1.000000	1.000000
RC_0890	IDX_0000997	instant-rap/RAP_0581.ADT	1	1.000000	1.000000
RC_0891	IDX_0000998	instant-260/WLZ_0004.ADT	1	1.000000	1.000000
RC_0892	IDX_0000999	instant-200/BLU_0003.ADT	1	1.000000	1.000000
RC_0893	IDX_0001000	instant-200/LAT_0012.ADT	1	1.000000	1.000000
RC_0894	IDX_0001001	instant-rap/RAP_0838.ADT	1	1.000000	1.000000
RC_0895	IDX_0001002	instant-200/BLU_0006.ADT	1	1.000000	1.000000
RC_0896	IDX_0001003	instant-200/LAT_0015.ADT	1	1.000000	1.000000
RC_0897	IDX_0001004	instant-rap/RAP_0837.ADT	1	1.000000	1.000000
RC_0898	IDX_0001005	instant-260/SLW_0016.ADT	1	1.000000	1.000000
RC_0899	IDX_0001006	instant-rap/RAP_0286.ADT	1	1.000000	1.000000
RC_0900	IDX_0001007	instant-rap/RAP_0236.ADT	1	1.000000	1.000000
RC_0901	IDX_0001008	instant-rap/RAP_0797.ADT	1	1.000000	1.000000
RC_0902	IDX_0001009	instant-rap/RAP_0719.ADT	1	1.000000	1.000000
RC_0903	IDX_0001011	instant-rap/RAP_0195.ADT	1	1.000000	1.000000
RC_0904	IDX_0001012	instant-rap/RAP_0439.ADT	1	1.000000	1.000000
RC_0905	IDX_0001013	instant-rap/RAP_0663.ADT	1	1.000000	1.000000
RC_0906	IDX_0001015	instant-rap/RAP_0714.ADT	1	1.000000	1.000000
RC_0907	IDX_0001017	instant-rap/RAP_0201.ADT	1	1.000000	1.000000
RC_0908	IDX_0001021	instant-rap/RAP_0720.ADT	1	1.000000	1.000000
RC_0909	IDX_0001023	instant-rap/RAP_0133.ADT	1	1.000000	1.000000
RC_0910	IDX_0001025	instant-rap/RAP_0495.ADT	1	1.000000	1.000000
RC_0911	IDX_0001026	instant-rap/RAP_0754.ADT	1	1.000000	1.000000
RC_0912	IDX_0001028	instant-rap/RAP_0309.ADT	1	1.000000	1.000000
RC_0913	IDX_0001029	instant-rap/RAP_0760.ADT	1	1.000000	1.000000
RC_0914	IDX_0001030	mididrumfiles-80/ETH_0010.ADT	1	1.000000	1.000000
RC_0915	IDX_0001034	instant-rap/RAP_0426.ADT	1	1.000000	1.000000
RC_0916	IDX_0001037	instant-rap/RAP_0759.ADT	1	1.000000	1.000000
RC_0917	IDX_0001038	instant-rap/RAP_0159.ADT	1	1.000000	1.000000
RC_0918	IDX_0001043	instant-rap/RAP_0061.ADT	1	1.000000	1.000000
RC_0919	IDX_0001044	mididrumfiles-80/TBR_0008.ADT	1	1.000000	1.000000
RC_0920	IDX_0001047	instant-rap/RAP_0238.ADT	1	1.000000	1.000000
RC_0921	IDX_0001048	instant-260/FNK_0068.ADT	1	1.000000	1.000000
RC_0922	IDX_0001052	instant-rap/RAP_0098.ADT	1	1.000000	1.000000
RC_0923	IDX_0001054	instant-rap/RAP_0795.ADT	1	1.000000	1.000000
RC_0924	IDX_0001056	instant-rap/RAP_0117.ADT	1	1.000000	1.000000
RC_0925	IDX_0001057	instant-rap/RAP_0157.ADT	1	1.000000	1.000000
RC_0926	IDX_0001063	instant-rap/RAP_0751.ADT	1	1.000000	1.000000
RC_0927	IDX_0001066	instant-rap/RAP_0854.ADT	1	1.000000	1.000000
RC_0928	IDX_0001067	instant-rap/RAP_0434.ADT	1	1.000000	1.000000
RC_0929	IDX_0001068	instant-rap/RAP_0434.ADT	1	1.000000	1.000000
RC_0930	IDX_0001075	instant-rap/RAP_0173.ADT	1	1.000000	1.000000
RC_0931	IDX_0001076	instant-rap/RAP_0302.ADT	1	1.000000	1.000000
RC_0932	IDX_0001077	instant-rap/RAP_0197.ADT	1	1.000000	1.000000
RC_0933	IDX_0001079	instant-rap/RAP_0389.ADT	1	1.000000	1.000000
RC_0934	IDX_0001080	instant-rap/RAP_0161.ADT	1	1.000000	1.000000
RC_0935	IDX_0001084	instant-rap/RAP_0775.ADT	1	1.000000	1.000000
RC_0936	IDX_0001087	mididrumfiles-80/CON_0031.ADT	1	1.000000	1.000000
RC_0937	IDX_0001090	instant-200/AFC_0011.ADT	1	1.000000	1.000000
RC_0938	IDX_0001091	instant-rap/RAP_0722.ADT	1	1.000000	1.000000
RC_0939	IDX_0001092	instant-200/POP_0014.ADT	1	1.000000	1.000000
RC_0940	IDX_0001096	instant-rap/RAP_0764.ADT	1	1.000000	1.000000
RC_0941	IDX_0001097	instant-rap/RAP_0813.ADT	1	1.000000	1.000000
RC_0942	IDX_0001098	instant-260/FNK_0065.ADT	1	1.000000	1.000000
RC_0943	IDX_0001100	instant-rap/RAP_0756.ADT	1	1.000000	1.000000
RC_0944	IDX_0001101	instant-200/FNK_0015.ADT	1	1.000000	1.000000
RC_0945	IDX_0001102	instant-rap/RAP_0566.ADT	1	1.000000	1.000000
RC_0946	IDX_0001103	instant-rap/RAP_0264.ADT	1	1.000000	1.000000
RC_0947	IDX_0001104	instant-260/REG_0029.ADT	1	1.000000	1.000000
RC_0948	IDX_0001106	instant-rap/RAP_0150.ADT	1	1.000000	1.000000
RC_0949	IDX_0001109	instant-260/RCK_0038.ADT	1	1.000000	1.000000
RC_0950	IDX_0001111	instant-rap/RAP_0234.ADT	1	1.000000	1.000000
RC_0951	IDX_0001113	instant-260/RCK_0031.ADT	1	1.000000	1.000000
RC_0952	IDX_0001114	instant-200/DRM_0002.ADT	1	1.000000	1.000000
RC_0953	IDX_0001116	instant-rap/RAP_0164.ADT	1	1.000000	1.000000
RC_0954	IDX_0001117	instant-rap/RAP_0798.ADT	1	1.000000	1.000000
RC_0955	IDX_0001118	instant-rap/RAP_0558.ADT	1	1.000000	1.000000
RC_0956	IDX_0001119	instant-200/FNK_0009.ADT	1	1.000000	1.000000
RC_0957	IDX_0001120	mididrumfiles-80/CON_0004.ADT	1	1.000000	1.000000
RC_0958	IDX_0001123	instant-200/BLU_0012.ADT	1	1.000000	1.000000
RC_0959	IDX_0001124	instant-260/JZZ_0009.ADT	1	1.000000	1.000000
RC_0960	IDX_0001125	instant-rap/RAP_0862.ADT	1	1.000000	1.000000
RC_0961	IDX_0001129	instant-rap/RAP_0266.ADT	1	1.000000	1.000000
RC_0962	IDX_0001132	instant-rap/RAP_0871.ADT	1	1.000000	1.000000
RC_0963	IDX_0001134	instant-260/RCK_0034.ADT	1	1.000000	1.000000
RC_0964	IDX_0001136	mididrumfiles-80/RCK_0064.ADT	1	1.000000	1.000000
RC_0965	IDX_0001138	mididrumfiles-80/FOL_0013.ADT	1	1.000000	1.000000
RC_0966	IDX_0001139	instant-rap/RAP_0745.ADT	1	1.000000	1.000000
RC_0967	IDX_0001140	instant-260/SLW_0008.ADT	1	1.000000	1.000000
RC_0968	IDX_0001141	instant-rap/RAP_0024.ADT	1	1.000000	1.000000
RC_0969	IDX_0001142	instant-rap/RAP_0368.ADT	1	1.000000	1.000000
RC_0970	IDX_0001143	instant-260/JZZ_0008.ADT	1	1.000000	1.000000
RC_0971	IDX_0001145	instant-200/BAL_0006.ADT	1	1.000000	1.000000
RC_0972	IDX_0001147	instant-rap/RAP_0671.ADT	1	1.000000	1.000000
RC_0973	IDX_0001149	instant-rap/RAP_0338.ADT	1	1.000000	1.000000
RC_0974	IDX_0001150	instant-200/FNK_0033.ADT	1	1.000000	1.000000
RC_0975	IDX_0001152	instant-rap/RAP_0468.ADT	1	1.000000	1.000000
RC_0976	IDX_0001153	instant-rap/RAP_0600.ADT	1	1.000000	1.000000
RC_0977	IDX_0001155	instant-260/RNB_0024.ADT	1	1.000000	1.000000
RC_0978	IDX_0001158	instant-260/REG_0031.ADT	1	1.000000	1.000000
RC_0979	IDX_0001161	instant-260/CHS_0002.ADT	1	1.000000	1.000000
RC_0980	IDX_0001163	instant-rap/RAP_0304.ADT	1	1.000000	1.000000
RC_0981	IDX_0001164	instant-rap/RAP_0474.ADT	1	1.000000	1.000000
RC_0982	IDX_0001165	instant-rap/RAP_0081.ADT	1	1.000000	1.000000
RC_0983	IDX_0001167	instant-200/DRM_0007.ADT	1	1.000000	1.000000
RC_0984	IDX_0001168	instant-rap/RAP_0500.ADT	1	1.000000	1.000000
RC_0985	IDX_0001169	instant-rap/RAP_0734.ADT	1	1.000000	1.000000
RC_0986	IDX_0001170	instant-rap/RAP_0382.ADT	1	1.000000	1.000000
RC_0987	IDX_0001173	mididrumfiles-80/LAT_0053.ADT	1	1.000000	1.000000
RC_0988	IDX_0001174	instant-260/FNK_0053.ADT	1	1.000000	1.000000
RC_0989	IDX_0001175	instant-rap/RAP_0294.ADT	1	1.000000	1.000000
RC_0990	IDX_0001177	instant-rap/RAP_0518.ADT	1	1.000000	1.000000
RC_0991	IDX_0001178	instant-rap/RAP_0454.ADT	1	1.000000	1.000000
RC_0992	IDX_0001179	instant-rap/RAP_0418.ADT	1	1.000000	1.000000
RC_0993	IDX_0001181	instant-rap/RAP_0597.ADT	1	1.000000	1.000000
RC_0994	IDX_0001182	instant-260/REG_0019.ADT	1	1.000000	1.000000
RC_0995	IDX_0001186	instant-rap/RAP_0338.ADT	1	1.000000	1.000000
RC_0996	IDX_0001187	instant-rap/RAP_0378.ADT	1	1.000000	1.000000
RC_0997	IDX_0001188	instant-rap/RAP_0326.ADT	1	1.000000	1.000000
RC_0998	IDX_0001189	instant-rap/RAP_0212.ADT	1	1.000000	1.000000
RC_0999	IDX_0001190	instant-rap/RAP_0019.ADT	1	1.000000	1.000000
RC_1000	IDX_0001192	instant-rap/RAP_0472.ADT	1	1.000000	1.000000
RC_1001	IDX_0001195	mididrumfiles-80/THF_0021.ADT	1	1.000000	1.000000
RC_1002	IDX_0001197	instant-rap/RAP_0168.ADT	1	1.000000	1.000000
RC_1003	IDX_0001198	instant-rap/RAP_0654.ADT	1	1.000000	1.000000
RC_1004	IDX_0001201	instant-rap/RAP_0458.ADT	1	1.000000	1.000000
RC_1005	IDX_0001202	instant-260/REG_0021.ADT	1	1.000000	1.000000
RC_1006	IDX_0001203	instant-rap/RAP_0164.ADT	1	1.000000	1.000000
RC_1007	IDX_0001204	instant-rap/RAP_0006.ADT	1	1.000000	1.000000
RC_1008	IDX_0001205	instant-rap/RAP_0731.ADT	1	1.000000	1.000000
RC_1009	IDX_0001207	instant-rap/RAP_0402.ADT	1	1.000000	1.000000
RC_1010	IDX_0001208	instant-rap/RAP_0788.ADT	1	1.000000	1.000000
RC_1011	IDX_0001211	instant-260/REG_0018.ADT	1	1.000000	1.000000
RC_1012	IDX_0001212	mididrumfiles-80/CON_0005.ADT	1	1.000000	1.000000
RC_1013	IDX_0001213	instant-rap/RAP_0128.ADT	1	1.000000	1.000000
RC_1014	IDX_0001214	instant-rap/RAP_0820.ADT	1	1.000000	1.000000
RC_1015	IDX_0001215	mididrumfiles-80/CON_0030.ADT	1	1.000000	1.000000
RC_1016	IDX_0001216	instant-rap/RAP_0567.ADT	1	1.000000	1.000000
RC_1017	IDX_0001218	instant-rap/RAP_0371.ADT	1	1.000000	1.000000
RC_1018	IDX_0001219	instant-rap/RAP_0149.ADT	1	1.000000	1.000000
RC_1019	IDX_0001222	instant-260/REG_0030.ADT	1	1.000000	1.000000
RC_1020	IDX_0001224	instant-rap/RAP_0592.ADT	1	1.000000	1.000000
RC_1021	IDX_0001226	instant-rap/RAP_0821.ADT	1	1.000000	1.000000
RC_1022	IDX_0001227	mididrumfiles-80/FOL_0023.ADT	1	1.000000	1.000000
RC_1023	IDX_0001228	instant-rap/RAP_0177.ADT	1	1.000000	1.000000
RC_1024	IDX_0001231	mididrumfiles-80/TBR_0014.ADT	1	1.000000	1.000000
RC_1025	IDX_0001232	instant-rap/RAP_0871.ADT	1	1.000000	1.000000
RC_1026	IDX_0001233	instant-rap/RAP_0543.ADT	1	1.000000	1.000000
RC_1027	IDX_0001235	instant-200/RCK_0014.ADT	1	1.000000	1.000000
RC_1028	IDX_0001237	instant-rap/RAP_0859.ADT	1	1.000000	1.000000
RC_1029	IDX_0001244	instant-260/CHS_0001.ADT	1	1.000000	1.000000
RC_1030	IDX_0001245	instant-260/BLU_0018.ADT	1	1.000000	1.000000
RC_1031	IDX_0001247	instant-rap/RAP_0484.ADT	1	1.000000	1.000000
RC_1032	IDX_0001249	instant-rap/RAP_0787.ADT	1	1.000000	1.000000
RC_1033	IDX_0001250	instant-rap/RAP_0618.ADT	1	1.000000	1.000000
RC_1034	IDX_0001253	instant-rap/RAP_0167.ADT	1	1.000000	1.000000
RC_1035	IDX_0001254	instant-rap/RAP_0851.ADT	1	1.000000	1.000000
RC_1036	IDX_0001255	instant-rap/RAP_0501.ADT	1	1.000000	1.000000
RC_1037	IDX_0001256	instant-rap/RAP_0723.ADT	1	1.000000	1.000000
RC_1038	IDX_0001257	instant-rap/RAP_0404.ADT	1	1.000000	1.000000
RC_1039	IDX_0001259	instant-260/DSC_0016.ADT	1	1.000000	1.000000
RC_1040	IDX_0001261	instant-260/SWG_0017.ADT	1	1.000000	1.000000
RC_1041	IDX_0001264	instant-260/FNK_0045.ADT	1	1.000000	1.000000
RC_1042	IDX_0001265	instant-260/SKA_0004.ADT	1	1.000000	1.000000
RC_1043	IDX_0001267	instant-rap/RAP_0485.ADT	1	1.000000	1.000000
RC_1044	IDX_0001270	instant-260/POP_0025.ADT	1	1.000000	1.000000
RC_1045	IDX_0001272	instant-200/LAT_0003.ADT	1	1.000000	1.000000
RC_1046	IDX_0001273	instant-rap/RAP_0135.ADT	1	1.000000	1.000000
RC_1047	IDX_0001276	mididrumfiles-80/CON_0011.ADT	1	1.000000	1.000000
RC_1048	IDX_0001277	instant-rap/RAP_0697.ADT	1	1.000000	1.000000
RC_1049	IDX_0001278	instant-200/LAT_0008.ADT	1	1.000000	1.000000
RC_1050	IDX_0001279	instant-rap/RAP_0578.ADT	1	1.000000	1.000000
RC_1051	IDX_0001280	instant-rap/RAP_0203.ADT	1	1.000000	1.000000
RC_1052	IDX_0001282	mididrumfiles-80/FOL_0024.ADT	1	1.000000	1.000000
RC_1053	IDX_0001284	instant-260/FNK_0044.ADT	1	1.000000	1.000000
RC_1054	IDX_0001285	instant-260/RCK_0028.ADT	1	1.000000	1.000000
RC_1055	IDX_0001288	instant-200/POP_0004.ADT	1	1.000000	1.000000
RC_1056	IDX_0001289	instant-200/RCK_0007.ADT	1	1.000000	1.000000
RC_1057	IDX_0001291	instant-rap/RAP_0125.ADT	1	1.000000	1.000000
RC_1058	IDX_0001293	instant-rap/RAP_0466.ADT	1	1.000000	1.000000
RC_1059	IDX_0001294	instant-rap/RAP_0595.ADT	1	1.000000	1.000000
RC_1060	IDX_0001298	instant-rap/RAP_0649.ADT	1	1.000000	1.000000
RC_1061	IDX_0001302	instant-rap/RAP_0561.ADT	1	1.000000	1.000000
RC_1062	IDX_0001303	instant-260/SLW_0018.ADT	1	1.000000	1.000000
RC_1063	IDX_0001306	instant-rap/RAP_0794.ADT	1	1.000000	1.000000
RC_1064	IDX_0001308	instant-rap/RAP_0874.ADT	1	1.000000	1.000000
RC_1065	IDX_0001309	instant-rap/RAP_0609.ADT	1	1.000000	1.000000
RC_1066	IDX_0001310	instant-rap/RAP_0201.ADT	1	1.000000	1.000000
RC_1067	IDX_0001311	instant-200/BAL_0003.ADT	1	1.000000	1.000000
RC_1068	IDX_0001316	instant-260/SLW_0011.ADT	1	1.000000	1.000000
RC_1069	IDX_0001318	instant-rap/RAP_0113.ADT	1	1.000000	1.000000
RC_1070	IDX_0001321	instant-rap/RAP_0154.ADT	1	1.000000	1.000000
RC_1071	IDX_0001322	mididrumfiles-80/RCK_0076.ADT	1	1.000000	1.000000
RC_1072	IDX_0001324	instant-rap/RAP_0583.ADT	1	1.000000	1.000000
RC_1073	IDX_0001325	instant-rap/RAP_0784.ADT	1	1.000000	1.000000
RC_1074	IDX_0001329	instant-rap/RAP_0025.ADT	1	1.000000	1.000000
RC_1075	IDX_0001331	instant-rap/RAP_0321.ADT	1	1.000000	1.000000
RC_1076	IDX_0001334	instant-200/FNK_0013.ADT	1	1.000000	1.000000
RC_1077	IDX_0001337	instant-rap/RAP_0818.ADT	1	1.000000	1.000000
RC_1078	IDX_0001339	instant-rap/RAP_0804.ADT	1	1.000000	1.000000
RC_1079	IDX_0001341	instant-rap/RAP_0688.ADT	1	1.000000	1.000000
RC_1080	IDX_0001342	instant-rap/RAP_0729.ADT	1	1.000000	1.000000
RC_1081	IDX_0001343	instant-260/DSC_0008.ADT	1	1.000000	1.000000
RC_1082	IDX_0001345	instant-rap/RAP_0563.ADT	1	1.000000	1.000000
RC_1083	IDX_0001347	instant-rap/RAP_0646.ADT	1	1.000000	1.000000
RC_1084	IDX_0001351	mididrumfiles-80/CON_0026.ADT	1	1.000000	1.000000
RC_1085	IDX_0001352	instant-260/SHF_0002.ADT	1	1.000000	1.000000
RC_1086	IDX_0001353	instant-rap/RAP_0311.ADT	1	1.000000	1.000000
RC_1087	IDX_0001354	instant-260/WLZ_0001.ADT	1	1.000000	1.000000
RC_1088	IDX_0001355	mididrumfiles-80/FOL_0032.ADT	1	1.000000	1.000000
RC_1089	IDX_0001357	instant-260/RCK_0036.ADT	1	1.000000	1.000000
RC_1090	IDX_0001358	instant-rap/RAP_0082.ADT	1	1.000000	1.000000
RC_1091	IDX_0001360	instant-rap/RAP_0858.ADT	1	1.000000	1.000000
RC_1092	IDX_0001362	instant-rap/RAP_0725.ADT	1	1.000000	1.000000
RC_1093	IDX_0001363	instant-rap/RAP_0515.ADT	1	1.000000	1.000000
RC_1094	IDX_0001364	instant-rap/RAP_0629.ADT	1	1.000000	1.000000
RC_1095	IDX_0001365	instant-rap/RAP_0027.ADT	1	1.000000	1.000000
RC_1096	IDX_0001366	mididrumfiles-80/TBR_0006.ADT	1	1.000000	1.000000
RC_1097	IDX_0001367	instant-200/DRM_0006.ADT	1	1.000000	1.000000
RC_1098	IDX_0001368	instant-rap/RAP_0830.ADT	1	1.000000	1.000000
RC_1099	IDX_0001369	instant-rap/RAP_0773.ADT	1	1.000000	1.000000
RC_1100	IDX_0001370	instant-260/SKA_0006.ADT	1	1.000000	1.000000
RC_1101	IDX_0001371	instant-rap/RAP_0034.ADT	1	1.000000	1.000000
RC_1102	IDX_0001374	instant-rap/RAP_0262.ADT	1	1.000000	1.000000
RC_1103	IDX_0001378	instant-rap/RAP_0743.ADT	1	1.000000	1.000000
RC_1104	IDX_0001379	instant-rap/RAP_0097.ADT	1	1.000000	1.000000
RC_1105	IDX_0001380	instant-rap/RAP_0547.ADT	1	1.000000	1.000000
RC_1106	IDX_0001381	instant-rap/RAP_0106.ADT	1	1.000000	1.000000
RC_1107	IDX_0001382	instant-200/FNK_0012.ADT	1	1.000000	1.000000
RC_1108	IDX_0001383	instant-260/MCH_0003.ADT	1	1.000000	1.000000
RC_1109	IDX_0001386	instant-rap/RAP_0261.ADT	1	1.000000	1.000000
RC_1110	IDX_0001390	instant-rap/RAP_0770.ADT	1	1.000000	1.000000
RC_1111	IDX_0001391	instant-rap/RAP_0436.ADT	1	1.000000	1.000000
RC_1112	IDX_0001394	instant-rap/RAP_0700.ADT	1	1.000000	1.000000
RC_1113	IDX_0001395	instant-rap/RAP_0441.ADT	1	1.000000	1.000000
RC_1114	IDX_0001396	instant-rap/RAP_0029.ADT	1	1.000000	1.000000
RC_1115	IDX_0001399	mididrumfiles-80/FOL_0031.ADT	1	1.000000	1.000000
RC_1116	IDX_0001400	instant-260/SWG_0011.ADT	1	1.000000	1.000000
RC_1117	IDX_0001401	instant-rap/RAP_0200.ADT	1	1.000000	1.000000
RC_1118	IDX_0001402	instant-rap/RAP_0318.ADT	1	1.000000	1.000000
RC_1119	IDX_0001404	instant-260/AFC_0027.ADT	1	1.000000	1.000000
RC_1120	IDX_0001407	mididrumfiles-80/ETH_0007.ADT	1	1.000000	1.000000
RC_1121	IDX_0001410	instant-rap/RAP_0242.ADT	1	1.000000	1.000000
RC_1122	IDX_0001411	instant-260/BLU_0021.ADT	1	1.000000	1.000000
RC_1123	IDX_0001412	instant-rap/RAP_0599.ADT	1	1.000000	1.000000
RC_1124	IDX_0001417	instant-rap/RAP_0096.ADT	1	1.000000	1.000000
RC_1125	IDX_0001418	instant-rap/RAP_0635.ADT	1	1.000000	1.000000
RC_1126	IDX_0001421	instant-rap/RAP_0257.ADT	1	1.000000	1.000000
RC_1127	IDX_0001422	instant-rap/RAP_0669.ADT	1	1.000000	1.000000
RC_1128	IDX_0001424	instant-260/DSC_0015.ADT	1	1.000000	1.000000
RC_1129	IDX_0001425	instant-rap/RAP_0750.ADT	1	1.000000	1.000000
RC_1130	IDX_0001426	instant-260/SMB_0006.ADT	1	1.000000	1.000000
RC_1131	IDX_0001427	instant-rap/RAP_0464.ADT	1	1.000000	1.000000
RC_1132	IDX_0001428	instant-rap/RAP_0563.ADT	1	1.000000	1.000000
RC_1133	IDX_0001429	instant-rap/RAP_0094.ADT	1	1.000000	1.000000
RC_1134	IDX_0001430	instant-rap/RAP_0339.ADT	1	1.000000	1.000000
RC_1135	IDX_0001431	instant-200/POP_0015.ADT	1	1.000000	1.000000
RC_1136	IDX_0001434	instant-rap/RAP_0801.ADT	1	1.000000	1.000000
RC_1137	IDX_0001435	instant-rap/RAP_0533.ADT	1	1.000000	1.000000
RC_1138	IDX_0001436	instant-rap/RAP_0718.ADT	1	1.000000	1.000000
RC_1139	IDX_0001437	instant-260/FNK_0069.ADT	1	1.000000	1.000000
RC_1140	IDX_0001438	instant-rap/RAP_0620.ADT	1	1.000000	1.000000
RC_1141	IDX_0001440	instant-rap/RAP_0403.ADT	1	1.000000	1.000000
RC_1142	IDX_0001441	instant-200/FNK_0036.ADT	1	1.000000	1.000000
RC_1143	IDX_0001443	instant-200/FNK_0010.ADT	1	1.000000	1.000000
RC_1144	IDX_0001444	instant-rap/RAP_0557.ADT	1	1.000000	1.000000
RC_1145	IDX_0001445	instant-rap/RAP_0796.ADT	1	1.000000	1.000000
RC_1146	IDX_0001446	instant-rap/RAP_0271.ADT	1	1.000000	1.000000
RC_1147	IDX_0001448	instant-200/RCK_0006.ADT	1	1.000000	1.000000
RC_1148	IDX_0001449	instant-260/TNG_0002.ADT	1	1.000000	1.000000
RC_1149	IDX_0001450	mididrumfiles-80/TBR_0003.ADT	1	1.000000	1.000000
RC_1150	IDX_0001451	instant-rap/RAP_0856.ADT	1	1.000000	1.000000
RC_1151	IDX_0001454	instant-260/AFC_0021.ADT	1	1.000000	1.000000
RC_1152	IDX_0001456	instant-rap/RAP_0726.ADT	1	1.000000	1.000000
RC_1153	IDX_0001457	instant-rap/RAP_0405.ADT	1	1.000000	1.000000
RC_1154	IDX_0001458	instant-rap/RAP_0169.ADT	1	1.000000	1.000000
RC_1155	IDX_0001459	instant-rap/RAP_0335.ADT	1	1.000000	1.000000
RC_1156	IDX_0001461	instant-rap/RAP_0778.ADT	1	1.000000	1.000000
RC_1157	IDX_0001462	instant-rap/RAP_0566.ADT	1	1.000000	1.000000
RC_1158	IDX_0001464	mididrumfiles-80/JZZ_0018.ADT	1	1.000000	1.000000
RC_1159	IDX_0001468	instant-rap/RAP_0052.ADT	1	1.000000	1.000000
RC_1160	IDX_0001470	instant-rap/RAP_0057.ADT	1	1.000000	1.000000
RC_1161	IDX_0001471	instant-rap/RAP_0555.ADT	1	1.000000	1.000000
RC_1162	IDX_0001472	instant-rap/RAP_0771.ADT	1	1.000000	1.000000
RC_1163	IDX_0001474	instant-200/RNB_0009.ADT	1	1.000000	1.000000
RC_1164	IDX_0001475	instant-rap/RAP_0483.ADT	1	1.000000	1.000000
RC_1165	IDX_0001479	instant-rap/RAP_0741.ADT	1	1.000000	1.000000
RC_1166	IDX_0001484	instant-rap/RAP_0624.ADT	1	1.000000	1.000000
RC_1167	IDX_0001488	instant-rap/RAP_0348.ADT	1	1.000000	1.000000
RC_1168	IDX_0001490	mididrumfiles-80/RCK_0069.ADT	1	1.000000	1.000000
RC_1169	IDX_0001491	instant-rap/RAP_0400.ADT	1	1.000000	1.000000
RC_1170	IDX_0001492	instant-260/DRM_0019.ADT	1	1.000000	1.000000
RC_1171	IDX_0001493	instant-rap/RAP_0681.ADT	1	1.000000	1.000000
RC_1172	IDX_0001494	instant-rap/RAP_0576.ADT	1	1.000000	1.000000
RC_1173	IDX_0001497	instant-rap/RAP_0478.ADT	1	1.000000	1.000000
RC_1174	IDX_0001499	instant-rap/RAP_0190.ADT	1	1.000000	1.000000
RC_1175	IDX_0001500	instant-rap/RAP_0303.ADT	1	1.000000	1.000000
RC_1176	IDX_0001501	instant-rap/RAP_0838.ADT	1	1.000000	1.000000
RC_1177	IDX_0001503	instant-rap/RAP_0345.ADT	1	1.000000	1.000000
RC_1178	IDX_0001504	instant-rap/RAP_0347.ADT	1	1.000000	1.000000
RC_1179	IDX_0001508	instant-rap/RAP_0758.ADT	1	1.000000	1.000000
RC_1180	IDX_0001510	instant-260/RNB_0016.ADT	1	1.000000	1.000000
RC_1181	IDX_0001512	instant-rap/RAP_0521.ADT	1	1.000000	1.000000
RC_1182	IDX_0001513	mididrumfiles-80/TBR_0016.ADT	1	1.000000	1.000000
RC_1183	IDX_0001516	instant-200/POP_0011.ADT	1	1.000000	1.000000
RC_1184	IDX_0001518	instant-rap/RAP_0676.ADT	1	1.000000	1.000000
RC_1185	IDX_0001519	instant-260/POP_0016.ADT	1	1.000000	1.000000
RC_1186	IDX_0001520	instant-rap/RAP_0131.ADT	1	1.000000	1.000000
RC_1187	IDX_0001521	instant-rap/RAP_0264.ADT	1	1.000000	1.000000
RC_1188	IDX_0001523	instant-rap/RAP_0373.ADT	1	1.000000	1.000000
RC_1189	IDX_0001526	instant-rap/RAP_0350.ADT	1	1.000000	1.000000
RC_1190	IDX_0001527	mididrumfiles-80/THF_0016.ADT	1	1.000000	1.000000
RC_1191	IDX_0001528	instant-rap/RAP_0268.ADT	1	1.000000	1.000000
RC_1192	IDX_0001529	mididrumfiles-80/RCK_0056.ADT	1	1.000000	1.000000
RC_1193	IDX_0001530	instant-rap/RAP_0643.ADT	1	1.000000	1.000000
RC_1194	IDX_0001531	mididrumfiles-80/CON_0017.ADT	1	1.000000	1.000000
RC_1195	IDX_0001532	instant-260/RCK_0030.ADT	1	1.000000	1.000000
RC_1196	IDX_0001533	instant-rap/RAP_0748.ADT	1	1.000000	1.000000
RC_1197	IDX_0001534	mididrumfiles-80/TBR_0012.ADT	1	1.000000	1.000000
RC_1198	IDX_0001535	instant-rap/RAP_0767.ADT	1	1.000000	1.000000
RC_1199	IDX_0001536	instant-200/RNB_0015.ADT	1	1.000000	1.000000
RC_1200	IDX_0001539	instant-260/RCK_0029.ADT	1	1.000000	1.000000
RC_1201	IDX_0001541	instant-rap/RAP_0398.ADT	1	1.000000	1.000000
RC_1202	IDX_0001544	instant-rap/RAP_0143.ADT	1	1.000000	1.000000
RC_1203	IDX_0001546	instant-rap/RAP_0366.ADT	1	1.000000	1.000000
RC_1204	IDX_0001547	instant-rap/RAP_0414.ADT	1	1.000000	1.000000
RC_1205	IDX_0001548	instant-rap/RAP_0233.ADT	1	1.000000	1.000000
RC_1206	IDX_0001549	instant-200/REG_0005.ADT	1	1.000000	1.000000
RC_1207	IDX_0001550	instant-260/RNB_0023.ADT	1	1.000000	1.000000
RC_1208	IDX_0001553	instant-260/RNB_0017.ADT	1	1.000000	1.000000
RC_1209	IDX_0001554	instant-260/DSC_0011.ADT	1	1.000000	1.000000
RC_1210	IDX_0001555	instant-260/RNB_0029.ADT	1	1.000000	1.000000
RC_1211	IDX_0001557	instant-rap/RAP_0644.ADT	1	1.000000	1.000000
RC_1212	IDX_0001558	instant-rap/RAP_0303.ADT	1	1.000000	1.000000
RC_1213	IDX_0001561	instant-260/FNK_0046.ADT	1	1.000000	1.000000
RC_1214	IDX_0001563	instant-rap/RAP_0597.ADT	1	1.000000	1.000000
RC_1215	IDX_0001565	instant-rap/RAP_0178.ADT	1	1.000000	1.000000
RC_1216	IDX_0001566	instant-rap/RAP_0739.ADT	1	1.000000	1.000000
RC_1217	IDX_0001568	instant-260/DSC_0013.ADT	1	1.000000	1.000000
RC_1218	IDX_0001569	instant-rap/RAP_0771.ADT	1	1.000000	1.000000
RC_1219	IDX_0001571	instant-200/FNK_0042.ADT	1	1.000000	1.000000
RC_1220	IDX_0001572	instant-rap/RAP_0785.ADT	1	1.000000	1.000000
RC_1221	IDX_0001577	instant-rap/RAP_0196.ADT	1	1.000000	1.000000
RC_1222	IDX_0001578	instant-rap/RAP_0504.ADT	1	1.000000	1.000000
RC_1223	IDX_0001579	instant-rap/RAP_0828.ADT	1	1.000000	1.000000
RC_1224	IDX_0001581	instant-260/FNK_0052.ADT	1	1.000000	1.000000
RC_1225	IDX_0001582	instant-200/FNK_0005.ADT	1	1.000000	1.000000
RC_1226	IDX_0001583	instant-260/TWT_0005.ADT	1	1.000000	1.000000
RC_1227	IDX_0001584	mididrumfiles-80/FOL_0009.ADT	1	1.000000	1.000000
RC_1228	IDX_0001587	mididrumfiles-80/ETH_0015.ADT	1	1.000000	1.000000
RC_1229	IDX_0001588	mididrumfiles-80/THF_0017.ADT	1	1.000000	1.000000
RC_1230	IDX_0001589	instant-rap/RAP_0661.ADT	1	1.000000	1.000000
RC_1231	IDX_0001590	instant-rap/RAP_0779.ADT	1	1.000000	1.000000
RC_1232	IDX_0001591	instant-rap/RAP_0295.ADT	1	1.000000	1.000000
RC_1233	IDX_0001593	instant-rap/RAP_0786.ADT	1	1.000000	1.000000
RC_1234	IDX_0001594	mididrumfiles-80/LSE_0001.ADT	1	1.000000	1.000000
RC_1235	IDX_0001595	instant-rap/RAP_0130.ADT	1	1.000000	1.000000
RC_1236	IDX_0001596	instant-rap/RAP_0524.ADT	1	1.000000	1.000000
RC_1237	IDX_0001600	instant-200/DRM_0003.ADT	1	1.000000	1.000000
RC_1238	IDX_0001601	instant-rap/RAP_0658.ADT	1	1.000000	1.000000
RC_1239	IDX_0001602	instant-200/FNK_0020.ADT	1	1.000000	1.000000
RC_1240	IDX_0001603	instant-rap/RAP_0171.ADT	1	1.000000	1.000000
RC_1241	IDX_0001604	instant-200/BLU_0004.ADT	1	1.000000	1.000000
RC_1242	IDX_0001605	instant-rap/RAP_0186.ADT	1	1.000000	1.000000
RC_1243	IDX_0001606	instant-rap/RAP_0500.ADT	1	1.000000	1.000000
RC_1244	IDX_0001608	instant-rap/RAP_0184.ADT	1	1.000000	1.000000
RC_1245	IDX_0001609	instant-rap/RAP_0634.ADT	1	1.000000	1.000000
RC_1246	IDX_0001615	instant-260/RNB_0025.ADT	1	1.000000	1.000000
RC_1247	IDX_0001616	instant-rap/RAP_0031.ADT	1	1.000000	1.000000
RC_1248	IDX_0001621	instant-rap/RAP_0329.ADT	1	1.000000	1.000000
RC_1249	IDX_0001622	instant-rap/RAP_0415.ADT	1	1.000000	1.000000
RC_1250	IDX_0001624	instant-260/REG_0020.ADT	1	1.000000	1.000000
RC_1251	IDX_0001625	instant-rap/RAP_0353.ADT	1	1.000000	1.000000
RC_1252	IDX_0001626	instant-rap/RAP_0715.ADT	1	1.000000	1.000000
RC_1253	IDX_0001628	instant-rap/RAP_0323.ADT	1	1.000000	1.000000
RC_1254	IDX_0001630	instant-rap/RAP_0390.ADT	1	1.000000	1.000000
RC_1255	IDX_0001631	instant-260/RCK_0024.ADT	1	1.000000	1.000000
RC_1256	IDX_0001638	instant-260/REG_0033.ADT	1	1.000000	1.000000
RC_1257	IDX_0001639	mididrumfiles-80/LTF_0003.ADT	1	1.000000	1.000000
RC_1258	IDX_0001640	instant-rap/RAP_0404.ADT	1	1.000000	1.000000
RC_1259	IDX_0001641	instant-rap/RAP_0567.ADT	1	1.000000	1.000000
RC_1260	IDX_0001642	instant-rap/RAP_0480.ADT	1	1.000000	1.000000
RC_1261	IDX_0001643	instant-rap/RAP_0253.ADT	1	1.000000	1.000000
RC_1262	IDX_0001646	instant-rap/RAP_0327.ADT	1	1.000000	1.000000
RC_1263	IDX_0001649	instant-200/RNB_0005.ADT	1	1.000000	1.000000
RC_1264	IDX_0001650	instant-rap/RAP_0368.ADT	1	1.000000	1.000000
RC_1265	IDX_0001651	instant-rap/RAP_0695.ADT	1	1.000000	1.000000
RC_1266	IDX_0001652	instant-rap/RAP_0132.ADT	1	1.000000	1.000000
RC_1267	IDX_0001654	instant-rap/RAP_0461.ADT	1	1.000000	1.000000
RC_1268	IDX_0001655	instant-260/REG_0025.ADT	1	1.000000	1.000000
RC_1269	IDX_0001656	instant-200/LAT_0004.ADT	1	1.000000	1.000000
RC_1270	IDX_0001657	instant-rap/RAP_0588.ADT	1	1.000000	1.000000
RC_1271	IDX_0001659	instant-260/BOG_0002.ADT	1	1.000000	1.000000
RC_1272	IDX_0001660	instant-260/REG_0034.ADT	1	1.000000	1.000000
RC_1273	IDX_0001661	instant-rap/RAP_0706.ADT	1	1.000000	1.000000
RC_1274	IDX_0001665	instant-rap/RAP_0337.ADT	1	1.000000	1.000000
RC_1275	IDX_0001669	instant-rap/RAP_0584.ADT	1	1.000000	1.000000
RC_1276	IDX_0001670	instant-rap/RAP_0761.ADT	1	1.000000	1.000000
RC_1277	IDX_0001672	instant-rap/RAP_0055.ADT	1	1.000000	1.000000
RC_1278	IDX_0001675	instant-260/RNB_0028.ADT	1	1.000000	1.000000
RC_1279	IDX_0001676	instant-rap/RAP_0519.ADT	1	1.000000	1.000000
RC_1280	IDX_0001677	instant-260/SWG_0018.ADT	1	1.000000	1.000000
RC_1281	IDX_0001678	instant-rap/RAP_0456.ADT	1	1.000000	1.000000
RC_1282	IDX_0001680	instant-rap/RAP_0349.ADT	1	1.000000	1.000000
RC_1283	IDX_0001681	instant-200/REG_0001.ADT	1	1.000000	1.000000
RC_1284	IDX_0001683	instant-260/AFC_0022.ADT	1	1.000000	1.000000
RC_1285	IDX_0001684	instant-260/RCK_0032.ADT	1	1.000000	1.000000
RC_1286	IDX_0001685	mididrumfiles-80/CON_0032.ADT	1	1.000000	1.000000
RC_1287	IDX_0001686	instant-rap/RAP_0668.ADT	1	1.000000	1.000000
RC_1288	IDX_0001689	instant-rap/RAP_0328.ADT	1	1.000000	1.000000
RC_1289	IDX_0001692	instant-260/POP_0024.ADT	1	1.000000	1.000000
RC_1290	IDX_0001693	instant-rap/RAP_0191.ADT	1	1.000000	1.000000
RC_1291	IDX_0001694	instant-rap/RAP_0048.ADT	1	1.000000	1.000000
RC_1292	IDX_0001695	instant-200/RNB_0012.ADT	1	1.000000	1.000000
RC_1293	IDX_0001696	instant-rap/RAP_0393.ADT	1	1.000000	1.000000
RC_1294	IDX_0001697	instant-rap/RAP_0361.ADT	1	1.000000	1.000000
RC_1295	IDX_0001699	instant-rap/RAP_0586.ADT	1	1.000000	1.000000
RC_1296	IDX_0001701	instant-rap/RAP_0114.ADT	1	1.000000	1.000000
RC_1297	IDX_0001702	instant-rap/RAP_0817.ADT	1	1.000000	1.000000
RC_1298	IDX_0001703	instant-rap/RAP_0249.ADT	1	1.000000	1.000000
RC_1299	IDX_0001704	instant-rap/RAP_0301.ADT	1	1.000000	1.000000
RC_1300	IDX_0001705	instant-rap/RAP_0792.ADT	1	1.000000	1.000000
RC_1301	IDX_0001706	instant-rap/RAP_0096.ADT	1	1.000000	1.000000
RC_1302	IDX_0001708	instant-260/FNK_0058.ADT	1	1.000000	1.000000
RC_1303	IDX_0001709	mididrumfiles-80/RCK_0070.ADT	1	1.000000	1.000000
RC_1304	IDX_0001711	instant-200/FNK_0001.ADT	1	1.000000	1.000000
RC_1305	IDX_0001712	instant-rap/RAP_0730.ADT	1	1.000000	1.000000
RC_1306	IDX_0001713	instant-rap/RAP_0467.ADT	1	1.000000	1.000000
RC_1307	IDX_0001714	instant-rap/RAP_0099.ADT	1	1.000000	1.000000
RC_1308	IDX_0001715	instant-rap/RAP_0446.ADT	1	1.000000	1.000000
RC_1309	IDX_0001716	instant-260/MCH_0004.ADT	1	1.000000	1.000000
RC_1310	IDX_0001717	instant-rap/RAP_0679.ADT	1	1.000000	1.000000
RC_1311	IDX_0001718	instant-rap/RAP_0258.ADT	1	1.000000	1.000000
RC_1312	IDX_0001719	mididrumfiles-80/RCK_0076.ADT	1	1.000000	1.000000
RC_1313	IDX_0001720	instant-200/RCK_0009.ADT	1	1.000000	1.000000
RC_1314	IDX_0001721	instant-260/BOG_0001.ADT	1	1.000000	1.000000
RC_1315	IDX_0001722	instant-rap/RAP_0465.ADT	1	1.000000	1.000000
RC_1316	IDX_0001723	instant-rap/RAP_0614.ADT	1	1.000000	1.000000
RC_1317	IDX_0001724	instant-rap/RAP_0672.ADT	1	1.000000	1.000000
RC_1318	IDX_0001728	instant-rap/RAP_0400.ADT	1	1.000000	1.000000
RC_1319	IDX_0001729	instant-200/LAT_0006.ADT	1	1.000000	1.000000
RC_1320	IDX_0001730	instant-rap/RAP_0728.ADT	1	1.000000	1.000000
RC_1321	IDX_0001733	instant-260/POP_0027.ADT	1	1.000000	1.000000
RC_1322	IDX_0001734	instant-rap/RAP_0371.ADT	1	1.000000	1.000000
RC_1323	IDX_0001735	instant-rap/RAP_0822.ADT	1	1.000000	1.000000
RC_1324	IDX_0001737	instant-rap/RAP_0262.ADT	1	1.000000	1.000000
RC_1325	IDX_0001738	instant-260/AFC_0028.ADT	1	1.000000	1.000000
RC_1326	IDX_0001741	instant-260/RCK_0033.ADT	1	1.000000	1.000000
RC_1327	IDX_0001742	mididrumfiles-80/LAT_0056.ADT	1	1.000000	1.000000
RC_1328	IDX_0001744	instant-rap/RAP_0095.ADT	1	1.000000	1.000000
RC_1329	IDX_0001745	instant-200/FNK_0011.ADT	1	1.000000	1.000000
RC_1330	IDX_0001746	instant-260/RCK_0022.ADT	1	1.000000	1.000000
RC_1331	IDX_0001750	instant-200/REG_0011.ADT	1	1.000000	1.000000
RC_1332	IDX_0001751	instant-rap/RAP_0806.ADT	1	1.000000	1.000000
RC_1333	IDX_0001752	instant-rap/RAP_0358.ADT	1	1.000000	1.000000
RC_1334	IDX_0001753	instant-200/POP_0005.ADT	1	1.000000	1.000000
RC_1335	IDX_0001755	instant-rap/RAP_0762.ADT	1	1.000000	1.000000
RC_1336	IDX_0001757	instant-rap/RAP_0696.ADT	1	1.000000	1.000000
RC_1337	IDX_0001759	instant-rap/RAP_0174.ADT	1	1.000000	1.000000
RC_1338	IDX_0001761	instant-rap/RAP_0805.ADT	1	1.000000	1.000000
RC_1339	IDX_0001763	instant-rap/RAP_0772.ADT	1	1.000000	1.000000
RC_1340	IDX_0001765	instant-rap/RAP_0717.ADT	1	1.000000	1.000000
RC_1341	IDX_0001766	instant-rap/RAP_0556.ADT	1	1.000000	1.000000
RC_1342	IDX_0001770	instant-260/SMB_0008.ADT	1	1.000000	1.000000
RC_1343	IDX_0001772	instant-260/SKA_0005.ADT	1	1.000000	1.000000
RC_1344	IDX_0001773	instant-rap/RAP_0325.ADT	1	1.000000	1.000000
RC_1345	IDX_0001776	instant-260/BNV_0005.ADT	1	1.000000	1.000000
RC_1346	IDX_0001778	instant-260/BLU_0019.ADT	1	1.000000	1.000000
RC_1347	IDX_0001779	instant-260/FNK_0072.ADT	1	1.000000	1.000000
RC_1348	IDX_0001782	instant-200/RNB_0007.ADT	1	1.000000	1.000000
RC_1349	IDX_0001783	instant-rap/RAP_0268.ADT	1	1.000000	1.000000
RC_1350	IDX_0001784	instant-rap/RAP_0230.ADT	1	1.000000	1.000000
RC_1351	IDX_0001787	instant-260/FNK_0057.ADT	1	1.000000	1.000000
RC_1352	IDX_0001788	instant-rap/RAP_0595.ADT	1	1.000000	1.000000
RC_1353	IDX_0001791	instant-rap/RAP_0123.ADT	1	1.000000	1.000000
RC_1354	IDX_0001793	instant-rap/RAP_0471.ADT	1	1.000000	1.000000
RC_1355	IDX_0001794	instant-200/RCK_0011.ADT	1	1.000000	1.000000
