sound_map,pc_1based,midi_program_0based,drum_set_name,midi_note,manual_region,gm_core_35_81,raw_label,resolved_name,inherited_from_pc1,no_sound,exc_group,two_voice,rnd,left_marker,source_manual_page,source_status
SC-8820,1,0,STANDARD 1,0,extended_0_21_95_127,False,Standard 1 Kick 1,Standard 1 Kick 1,False,False,,False,False,False,73,VERIFIED_FROM_OFFICIAL_MANUAL_TEXT_AND_USER_COLUMN_IMAGES
SC-8820,1,0,STANDARD 1,1,extended_0_21_95_127,False,Standard 1 Kick 2,Standard 1 Kick 2,False,False,,False,False,False,73,VERIFIED_FROM_OFFICIAL_MANUAL_TEXT_AND_USER_COLUMN_IMAGES
SC-8820,1,0,STANDARD 1,2,extended_0_21_95_127,False,Standard 2 Kick 1,Standard 2 Kick 1,False,False,,False,False,False,73,VERIFIED_FROM_OFFICIAL_MANUAL_TEXT_AND_USER_COLUMN_IMAGES
SC-8820,1,0,STANDARD 1,3,extended_0_21_95_127,False,Standard 2 Kick 2,Standard 2 Kick 2,False,False,,False,False,False,73,VERIFIED_FROM_OFFICIAL_MANUAL_TEXT_AND_USER_COLUMN_IMAGES
SC-8820,1,0,STANDARD 1,4,extended_0_21_95_127,False,Kick Drum 1,Kick Drum 1,False,False,,False,False,False,73,VERIFIED_FROM_OFFICIAL_MANUAL_TEXT_AND_USER_COLUMN_IMAGES
SC-8820,1,0,STANDARD 1,5,extended_0_21_95_127,False,Kick Drum 2,Kick Drum 2,False,False,,False,False,False,73,VERIFIED_FROM_OFFICIAL_MANUAL_TEXT_AND_USER_COLUMN_IMAGES
SC-8820,1,0,STANDARD 1,6,extended_0_21_95_127,False,Jazz Kick 1,Jazz Kick 1,False,False,,False,False,False,73,VERIFIED_FROM_OFFICIAL_MANUAL_TEXT_AND_USER_COLUMN_IMAGES
SC-8820,1,0,STANDARD 1,7,extended_0_21_95_127,False,Jazz Kick 2,Jazz Kick 2,False,False,,False,False,False,73,VERIFIED_FROM_OFFICIAL_MANUAL_TEXT_AND_USER_COLUMN_IMAGES
SC-8820,1,0,STANDARD 1,8,extended_0_21_95_127,False,Room Kick 1,Room Kick 1,False,False,,False,False,False,73,VERIFIED_FROM_OFFICIAL_MANUAL_TEXT_AND_USER_COLUMN_IMAGES
SC-8820,1,0,STANDARD 1,9,extended_0_21_95_127,False,Room Kick 2,Room Kick 2,False,False,,False,False,False,73,VERIFIED_FROM_OFFICIAL_MANUAL_TEXT_AND_USER_COLUMN_IMAGES
SC-8820,1,0,STANDARD 1,10,extended_0_21_95_127,False,Power Kick 1,Power Kick 1,False,False,,False,False,False,73,VERIFIED_FROM_OFFICIAL_MANUAL_TEXT_AND_USER_COLUMN_IMAGES
SC-8820,1,0,STANDARD 1,11,extended_0_21_95_127,False,Power Kick 2,Power Kick 2,False,False,,False,False,False,73,VERIFIED_FROM_OFFICIAL_MANUAL_TEXT_AND_USER_COLUMN_IMAGES
SC-8820,1,0,STANDARD 1,12,extended_0_21_95_127,False,Electric Kick 2,Electric Kick 2,False,False,,False,False,False,73,VERIFIED_FROM_OFFICIAL_MANUAL_TEXT_AND_USER_COLUMN_IMAGES
SC-8820,1,0,STANDARD 1,13,extended_0_21_95_127,False,Electric Kick 1 *,Electric Kick 1,False,False,,True,False,False,73,VERIFIED_FROM_OFFICIAL_MANUAL_TEXT_AND_USER_COLUMN_IMAGES
SC-8820,1,0,STANDARD 1,14,extended_0_21_95_127,False,TR-808 Kick,TR-808 Kick,False,False,,False,False,False,73,VERIFIED_FROM_OFFICIAL_MANUAL_TEXT_AND_USER_COLUMN_IMAGES
SC-8820,1,0,STANDARD 1,15,extended_0_21_95_127,False,TR-909 Kick,TR-909 Kick,False,False,,False,False,False,73,VERIFIED_FROM_OFFICIAL_MANUAL_TEXT_AND_USER_COLUMN_IMAGES
SC-8820,1,0,STANDARD 1,16,extended_0_21_95_127,False,Dance Kick,Dance Kick,False,False,,False,False,False,73,VERIFIED_FROM_OFFICIAL_MANUAL_TEXT_AND_USER_COLUMN_IMAGES
SC-8820,1,0,STANDARD 1,17,extended_0_21_95_127,False,Voice One,Voice One,False,False,,False,False,False,73,VERIFIED_FROM_OFFICIAL_MANUAL_TEXT_AND_USER_COLUMN_IMAGES
SC-8820,1,0,STANDARD 1,18,extended_0_21_95_127,False,Voice Two,Voice Two,False,False,,False,False,False,73,VERIFIED_FROM_OFFICIAL_MANUAL_TEXT_AND_USER_COLUMN_IMAGES
SC-8820,1,0,STANDARD 1,19,extended_0_21_95_127,False,Voice Three,Voice Three,False,False,,False,False,False,73,VERIFIED_FROM_OFFICIAL_MANUAL_TEXT_AND_USER_COLUMN_IMAGES
SC-8820,1,0,STANDARD 1,20,extended_0_21_95_127,False,Room Kick 2,Room Kick 2,False,False,,False,False,False,73,VERIFIED_FROM_OFFICIAL_MANUAL_TEXT_AND_USER_COLUMN_IMAGES
SC-8820,1,0,STANDARD 1,21,extended_0_21_95_127,False,Room Kick 1 *,Room Kick 1,False,False,,True,False,False,73,VERIFIED_FROM_OFFICIAL_MANUAL_TEXT_AND_USER_COLUMN_IMAGES
SC-8820,1,0,STANDARD 1,22,main_22_94,False,MC-500 Beep 1,MC-500 Beep 1,False,False,,False,False,False,65,VERIFIED_FROM_OFFICIAL_MANUAL_TEXT_AND_USER_COLUMN_IMAGES
SC-8820,1,0,STANDARD 1,23,main_22_94,False,MC-500 Beep 2,MC-500 Beep 2,False,False,,False,False,False,65,VERIFIED_FROM_OFFICIAL_MANUAL_TEXT_AND_USER_COLUMN_IMAGES
SC-8820,1,0,STANDARD 1,24,main_22_94,False,Concert SD,Concert SD,False,False,,False,False,False,65,VERIFIED_FROM_OFFICIAL_MANUAL_TEXT_AND_USER_COLUMN_IMAGES
SC-8820,1,0,STANDARD 1,25,main_22_94,False,Snare Roll,Snare Roll,False,False,,False,False,False,65,VERIFIED_FROM_OFFICIAL_MANUAL_TEXT_AND_USER_COLUMN_IMAGES
SC-8820,1,0,STANDARD 1,26,main_22_94,False,Finger Snap 2,Finger Snap 2,False,False,,False,False,False,65,VERIFIED_FROM_OFFICIAL_MANUAL_TEXT_AND_USER_COLUMN_IMAGES
SC-8820,1,0,STANDARD 1,27,main_22_94,False,High Q,High Q,False,False,,False,False,False,65,VERIFIED_FROM_OFFICIAL_MANUAL_TEXT_AND_USER_COLUMN_IMAGES
SC-8820,1,0,STANDARD 1,28,main_22_94,False,Slap,Slap,False,False,,False,False,False,65,VERIFIED_FROM_OFFICIAL_MANUAL_TEXT_AND_USER_COLUMN_IMAGES
SC-8820,1,0,STANDARD 1,29,main_22_94,False,Scratch Push [EXC7],Scratch Push,False,False,7,False,False,False,65,VERIFIED_FROM_OFFICIAL_MANUAL_TEXT_AND_USER_COLUMN_IMAGES
SC-8820,1,0,STANDARD 1,30,main_22_94,False,Scratch Pull [EXC7],Scratch Pull,False,False,7,False,False,False,65,VERIFIED_FROM_OFFICIAL_MANUAL_TEXT_AND_USER_COLUMN_IMAGES
SC-8820,1,0,STANDARD 1,31,main_22_94,False,Sticks,Sticks,False,False,,False,False,False,65,VERIFIED_FROM_OFFICIAL_MANUAL_TEXT_AND_USER_COLUMN_IMAGES
SC-8820,1,0,STANDARD 1,32,main_22_94,False,Square Click,Square Click,False,False,,False,False,False,65,VERIFIED_FROM_OFFICIAL_MANUAL_TEXT_AND_USER_COLUMN_IMAGES
SC-8820,1,0,STANDARD 1,33,main_22_94,False,Metronome Click,Metronome Click,False,False,,False,False,False,65,VERIFIED_FROM_OFFICIAL_MANUAL_TEXT_AND_USER_COLUMN_IMAGES
SC-8820,1,0,STANDARD 1,34,main_22_94,False,Metronome Bell,Metronome Bell,False,False,,False,False,False,65,VERIFIED_FROM_OFFICIAL_MANUAL_TEXT_AND_USER_COLUMN_IMAGES
SC-8820,1,0,STANDARD 1,35,main_22_94,True,Standard 1 Kick 2 *,Standard 1 Kick 2,False,False,,True,False,False,65,VERIFIED_FROM_OFFICIAL_MANUAL_TEXT_AND_USER_COLUMN_IMAGES
SC-8820,1,0,STANDARD 1,36,main_22_94,True,Standard 1 Kick 1 *,Standard 1 Kick 1,False,False,,True,False,False,65,VERIFIED_FROM_OFFICIAL_MANUAL_TEXT_AND_USER_COLUMN_IMAGES
SC-8820,1,0,STANDARD 1,37,main_22_94,True,Side Stick,Side Stick,False,False,,False,False,False,65,VERIFIED_FROM_OFFICIAL_MANUAL_TEXT_AND_USER_COLUMN_IMAGES
SC-8820,1,0,STANDARD 1,38,main_22_94,True,Standard 1 Snare 1 *,Standard 1 Snare 1,False,False,,True,False,False,65,VERIFIED_FROM_OFFICIAL_MANUAL_TEXT_AND_USER_COLUMN_IMAGES
SC-8820,1,0,STANDARD 1,39,main_22_94,True,TR-909 Hand Clap,TR-909 Hand Clap,False,False,,False,False,False,65,VERIFIED_FROM_OFFICIAL_MANUAL_TEXT_AND_USER_COLUMN_IMAGES
SC-8820,1,0,STANDARD 1,40,main_22_94,True,Standard 1 Snare 2,Standard 1 Snare 2,False,False,,False,False,False,65,VERIFIED_FROM_OFFICIAL_MANUAL_TEXT_AND_USER_COLUMN_IMAGES
SC-8820,1,0,STANDARD 1,41,main_22_94,True,Low Tom 2,Low Tom 2,False,False,,False,False,False,65,VERIFIED_FROM_OFFICIAL_MANUAL_TEXT_AND_USER_COLUMN_IMAGES
SC-8820,1,0,STANDARD 1,42,main_22_94,True,Closed Hi-Hat 1 [EXC1],Closed Hi-Hat 1,False,False,1,False,False,False,65,VERIFIED_FROM_OFFICIAL_MANUAL_TEXT_AND_USER_COLUMN_IMAGES
SC-8820,1,0,STANDARD 1,43,main_22_94,True,Low Tom 1,Low Tom 1,False,False,,False,False,False,65,VERIFIED_FROM_OFFICIAL_MANUAL_TEXT_AND_USER_COLUMN_IMAGES
SC-8820,1,0,STANDARD 1,44,main_22_94,True,Pedal Hi-Hat [EXC1],Pedal Hi-Hat,False,False,1,False,False,False,65,VERIFIED_FROM_OFFICIAL_MANUAL_TEXT_AND_USER_COLUMN_IMAGES
SC-8820,1,0,STANDARD 1,45,main_22_94,True,Mid Tom 2,Mid Tom 2,False,False,,False,False,False,65,VERIFIED_FROM_OFFICIAL_MANUAL_TEXT_AND_USER_COLUMN_IMAGES
SC-8820,1,0,STANDARD 1,46,main_22_94,True,Open Hi-Hat 1 [EXC1],Open Hi-Hat 1,False,False,1,False,False,False,65,VERIFIED_FROM_OFFICIAL_MANUAL_TEXT_AND_USER_COLUMN_IMAGES
SC-8820,1,0,STANDARD 1,47,main_22_94,True,Mid Tom 1,Mid Tom 1,False,False,,False,False,False,65,VERIFIED_FROM_OFFICIAL_MANUAL_TEXT_AND_USER_COLUMN_IMAGES
SC-8820,1,0,STANDARD 1,48,main_22_94,True,High Tom 2,High Tom 2,False,False,,False,False,False,65,VERIFIED_FROM_OFFICIAL_MANUAL_TEXT_AND_USER_COLUMN_IMAGES
SC-8820,1,0,STANDARD 1,49,main_22_94,True,Crash Cymbal 1 *,Crash Cymbal 1,False,False,,True,False,False,65,VERIFIED_FROM_OFFICIAL_MANUAL_TEXT_AND_USER_COLUMN_IMAGES
SC-8820,1,0,STANDARD 1,50,main_22_94,True,High Tom 1,High Tom 1,False,False,,False,False,False,65,VERIFIED_FROM_OFFICIAL_MANUAL_TEXT_AND_USER_COLUMN_IMAGES
SC-8820,1,0,STANDARD 1,51,main_22_94,True,Ride Cymbal 1,Ride Cymbal 1,False,False,,False,False,False,65,VERIFIED_FROM_OFFICIAL_MANUAL_TEXT_AND_USER_COLUMN_IMAGES
SC-8820,1,0,STANDARD 1,52,main_22_94,True,Chinese Cymbal,Chinese Cymbal,False,False,,False,False,False,65,VERIFIED_FROM_OFFICIAL_MANUAL_TEXT_AND_USER_COLUMN_IMAGES
SC-8820,1,0,STANDARD 1,53,main_22_94,True,Ride Bell,Ride Bell,False,False,,False,False,False,65,VERIFIED_FROM_OFFICIAL_MANUAL_TEXT_AND_USER_COLUMN_IMAGES
SC-8820,1,0,STANDARD 1,54,main_22_94,True,Tambourine,Tambourine,False,False,,False,False,False,65,VERIFIED_FROM_OFFICIAL_MANUAL_TEXT_AND_USER_COLUMN_IMAGES
SC-8820,1,0,STANDARD 1,55,main_22_94,True,Splash Cymbal,Splash Cymbal,False,False,,False,False,False,65,VERIFIED_FROM_OFFICIAL_MANUAL_TEXT_AND_USER_COLUMN_IMAGES
SC-8820,1,0,STANDARD 1,56,main_22_94,True,Cowbell,Cowbell,False,False,,False,False,False,65,VERIFIED_FROM_OFFICIAL_MANUAL_TEXT_AND_USER_COLUMN_IMAGES
SC-8820,1,0,STANDARD 1,57,main_22_94,True,Crash Cymbal 2,Crash Cymbal 2,False,False,,False,False,False,65,VERIFIED_FROM_OFFICIAL_MANUAL_TEXT_AND_USER_COLUMN_IMAGES
SC-8820,1,0,STANDARD 1,58,main_22_94,True,Vibra-slap,Vibra-slap,False,False,,False,False,False,65,VERIFIED_FROM_OFFICIAL_MANUAL_TEXT_AND_USER_COLUMN_IMAGES
SC-8820,1,0,STANDARD 1,59,main_22_94,True,Ride Cymbal 2,Ride Cymbal 2,False,False,,False,False,False,65,VERIFIED_FROM_OFFICIAL_MANUAL_TEXT_AND_USER_COLUMN_IMAGES
SC-8820,1,0,STANDARD 1,60,main_22_94,True,High Bongo,High Bongo,False,False,,False,False,False,65,VERIFIED_FROM_OFFICIAL_MANUAL_TEXT_AND_USER_COLUMN_IMAGES
SC-8820,1,0,STANDARD 1,61,main_22_94,True,Low Bongo,Low Bongo,False,False,,False,False,False,65,VERIFIED_FROM_OFFICIAL_MANUAL_TEXT_AND_USER_COLUMN_IMAGES
SC-8820,1,0,STANDARD 1,62,main_22_94,True,Mute High Conga,Mute High Conga,False,False,,False,False,False,65,VERIFIED_FROM_OFFICIAL_MANUAL_TEXT_AND_USER_COLUMN_IMAGES
SC-8820,1,0,STANDARD 1,63,main_22_94,True,Open High Conga,Open High Conga,False,False,,False,False,False,65,VERIFIED_FROM_OFFICIAL_MANUAL_TEXT_AND_USER_COLUMN_IMAGES
SC-8820,1,0,STANDARD 1,64,main_22_94,True,Low Conga,Low Conga,False,False,,False,False,False,65,VERIFIED_FROM_OFFICIAL_MANUAL_TEXT_AND_USER_COLUMN_IMAGES
SC-8820,1,0,STANDARD 1,65,main_22_94,True,High Timbale,High Timbale,False,False,,False,False,False,65,VERIFIED_FROM_OFFICIAL_MANUAL_TEXT_AND_USER_COLUMN_IMAGES
SC-8820,1,0,STANDARD 1,66,main_22_94,True,Low Timbale,Low Timbale,False,False,,False,False,False,65,VERIFIED_FROM_OFFICIAL_MANUAL_TEXT_AND_USER_COLUMN_IMAGES
SC-8820,1,0,STANDARD 1,67,main_22_94,True,High Agogo,High Agogo,False,False,,False,False,False,65,VERIFIED_FROM_OFFICIAL_MANUAL_TEXT_AND_USER_COLUMN_IMAGES
SC-8820,1,0,STANDARD 1,68,main_22_94,True,Low Agogo,Low Agogo,False,False,,False,False,False,65,VERIFIED_FROM_OFFICIAL_MANUAL_TEXT_AND_USER_COLUMN_IMAGES
SC-8820,1,0,STANDARD 1,69,main_22_94,True,Cabasa,Cabasa,False,False,,False,False,False,65,VERIFIED_FROM_OFFICIAL_MANUAL_TEXT_AND_USER_COLUMN_IMAGES
SC-8820,1,0,STANDARD 1,70,main_22_94,True,Maracas,Maracas,False,False,,False,False,False,65,VERIFIED_FROM_OFFICIAL_MANUAL_TEXT_AND_USER_COLUMN_IMAGES
SC-8820,1,0,STANDARD 1,71,main_22_94,True,Short High Whistle [EXC2],Short High Whistle,False,False,2,False,False,False,65,VERIFIED_FROM_OFFICIAL_MANUAL_TEXT_AND_USER_COLUMN_IMAGES
SC-8820,1,0,STANDARD 1,72,main_22_94,True,Long Low Whistle [EXC2],Long Low Whistle,False,False,2,False,False,False,65,VERIFIED_FROM_OFFICIAL_MANUAL_TEXT_AND_USER_COLUMN_IMAGES
SC-8820,1,0,STANDARD 1,73,main_22_94,True,Short Guiro [EXC3],Short Guiro,False,False,3,False,False,False,65,VERIFIED_FROM_OFFICIAL_MANUAL_TEXT_AND_USER_COLUMN_IMAGES
SC-8820,1,0,STANDARD 1,74,main_22_94,True,Long Guiro [EXC3],Long Guiro,False,False,3,False,False,False,65,VERIFIED_FROM_OFFICIAL_MANUAL_TEXT_AND_USER_COLUMN_IMAGES
SC-8820,1,0,STANDARD 1,75,main_22_94,True,Claves,Claves,False,False,,False,False,False,65,VERIFIED_FROM_OFFICIAL_MANUAL_TEXT_AND_USER_COLUMN_IMAGES
SC-8820,1,0,STANDARD 1,76,main_22_94,True,High Wood Block,High Wood Block,False,False,,False,False,False,65,VERIFIED_FROM_OFFICIAL_MANUAL_TEXT_AND_USER_COLUMN_IMAGES
SC-8820,1,0,STANDARD 1,77,main_22_94,True,Low Wood Block,Low Wood Block,False,False,,False,False,False,65,VERIFIED_FROM_OFFICIAL_MANUAL_TEXT_AND_USER_COLUMN_IMAGES
SC-8820,1,0,STANDARD 1,78,main_22_94,True,Mute Cuica [EXC4],Mute Cuica,False,False,4,False,False,False,65,VERIFIED_FROM_OFFICIAL_MANUAL_TEXT_AND_USER_COLUMN_IMAGES
SC-8820,1,0,STANDARD 1,79,main_22_94,True,Open Cuica [EXC4],Open Cuica,False,False,4,False,False,False,65,VERIFIED_FROM_OFFICIAL_MANUAL_TEXT_AND_USER_COLUMN_IMAGES
SC-8820,1,0,STANDARD 1,80,main_22_94,True,Mute Triangle [EXC5],Mute Triangle,False,False,5,False,False,False,65,VERIFIED_FROM_OFFICIAL_MANUAL_TEXT_AND_USER_COLUMN_IMAGES
SC-8820,1,0,STANDARD 1,81,main_22_94,True,Open Triangle [EXC5],Open Triangle,False,False,5,False,False,False,65,VERIFIED_FROM_OFFICIAL_MANUAL_TEXT_AND_USER_COLUMN_IMAGES
SC-8820,1,0,STANDARD 1,82,main_22_94,False,Shaker,Shaker,False,False,,False,False,False,65,VERIFIED_FROM_OFFICIAL_MANUAL_TEXT_AND_USER_COLUMN_IMAGES
SC-8820,1,0,STANDARD 1,83,main_22_94,False,Jingle Bell,Jingle Bell,False,False,,False,False,False,65,VERIFIED_FROM_OFFICIAL_MANUAL_TEXT_AND_USER_COLUMN_IMAGES
SC-8820,1,0,STANDARD 1,84,main_22_94,False,Bell Tree,Bell Tree,False,False,,False,False,False,65,VERIFIED_FROM_OFFICIAL_MANUAL_TEXT_AND_USER_COLUMN_IMAGES
SC-8820,1,0,STANDARD 1,85,main_22_94,False,Castanets,Castanets,False,False,,False,False,False,65,VERIFIED_FROM_OFFICIAL_MANUAL_TEXT_AND_USER_COLUMN_IMAGES
SC-8820,1,0,STANDARD 1,86,main_22_94,False,Mute Surdo [EXC6],Mute Surdo,False,False,6,False,False,False,65,VERIFIED_FROM_OFFICIAL_MANUAL_TEXT_AND_USER_COLUMN_IMAGES
SC-8820,1,0,STANDARD 1,87,main_22_94,False,Open Surdo [EXC6],Open Surdo,False,False,6,False,False,False,65,VERIFIED_FROM_OFFICIAL_MANUAL_TEXT_AND_USER_COLUMN_IMAGES
SC-8820,1,0,STANDARD 1,88,main_22_94,False,Applause 2 *,Applause 2,False,False,,True,False,False,65,VERIFIED_FROM_OFFICIAL_MANUAL_TEXT_AND_USER_COLUMN_IMAGES
SC-8820,1,0,STANDARD 1,89,main_22_94,False,---,,False,True,,False,False,False,65,VERIFIED_FROM_OFFICIAL_MANUAL_TEXT_AND_USER_COLUMN_IMAGES
SC-8820,1,0,STANDARD 1,90,main_22_94,False,---,,False,True,,False,False,False,65,VERIFIED_FROM_OFFICIAL_MANUAL_TEXT_AND_USER_COLUMN_IMAGES
SC-8820,1,0,STANDARD 1,91,main_22_94,False,---,,False,True,,False,False,False,65,VERIFIED_FROM_OFFICIAL_MANUAL_TEXT_AND_USER_COLUMN_IMAGES
SC-8820,1,0,STANDARD 1,92,main_22_94,False,---,,False,True,,False,False,False,65,VERIFIED_FROM_OFFICIAL_MANUAL_TEXT_AND_USER_COLUMN_IMAGES
SC-8820,1,0,STANDARD 1,93,main_22_94,False,---,,False,True,,False,False,False,65,VERIFIED_FROM_OFFICIAL_MANUAL_TEXT_AND_USER_COLUMN_IMAGES
SC-8820,1,0,STANDARD 1,94,main_22_94,False,---,,False,True,,False,False,False,65,VERIFIED_FROM_OFFICIAL_MANUAL_TEXT_AND_USER_COLUMN_IMAGES
SC-8820,1,0,STANDARD 1,95,extended_0_21_95_127,False,Room Snare 1,Room Snare 1,False,False,,False,False,False,73,VERIFIED_FROM_OFFICIAL_MANUAL_TEXT_AND_USER_COLUMN_IMAGES
SC-8820,1,0,STANDARD 1,96,extended_0_21_95_127,False,Room Snare 2,Room Snare 2,False,False,,False,False,False,73,VERIFIED_FROM_OFFICIAL_MANUAL_TEXT_AND_USER_COLUMN_IMAGES
SC-8820,1,0,STANDARD 1,97,extended_0_21_95_127,False,Standard 1 Snare1,Standard 1 Snare1,False,False,,False,False,False,73,VERIFIED_FROM_OFFICIAL_MANUAL_TEXT_AND_USER_COLUMN_IMAGES
SC-8820,1,0,STANDARD 1,98,extended_0_21_95_127,False,Standard 1 Snare 2,Standard 1 Snare 2,False,False,,False,False,False,73,VERIFIED_FROM_OFFICIAL_MANUAL_TEXT_AND_USER_COLUMN_IMAGES
SC-8820,1,0,STANDARD 1,99,extended_0_21_95_127,False,Standard 2 Snare 1,Standard 2 Snare 1,False,False,,False,False,False,73,VERIFIED_FROM_OFFICIAL_MANUAL_TEXT_AND_USER_COLUMN_IMAGES
SC-8820,1,0,STANDARD 1,100,extended_0_21_95_127,False,Standard 2 Snare 2,Standard 2 Snare 2,False,False,,False,False,False,73,VERIFIED_FROM_OFFICIAL_MANUAL_TEXT_AND_USER_COLUMN_IMAGES
SC-8820,1,0,STANDARD 1,101,extended_0_21_95_127,False,Snare Drum 2,Snare Drum 2,False,False,,False,False,False,73,VERIFIED_FROM_OFFICIAL_MANUAL_TEXT_AND_USER_COLUMN_IMAGES
SC-8820,1,0,STANDARD 1,102,extended_0_21_95_127,False,Standard 1 Snare 1,Standard 1 Snare 1,False,False,,False,False,False,73,VERIFIED_FROM_OFFICIAL_MANUAL_TEXT_AND_USER_COLUMN_IMAGES
SC-8820,1,0,STANDARD 1,103,extended_0_21_95_127,False,Standard 1 Snare 2,Standard 1 Snare 2,False,False,,False,False,False,73,VERIFIED_FROM_OFFICIAL_MANUAL_TEXT_AND_USER_COLUMN_IMAGES
SC-8820,1,0,STANDARD 1,104,extended_0_21_95_127,False,Standard 1 Snare 3,Standard 1 Snare 3,False,False,,False,False,False,73,VERIFIED_FROM_OFFICIAL_MANUAL_TEXT_AND_USER_COLUMN_IMAGES
SC-8820,1,0,STANDARD 1,105,extended_0_21_95_127,False,Jazz Snare 1,Jazz Snare 1,False,False,,False,False,False,73,VERIFIED_FROM_OFFICIAL_MANUAL_TEXT_AND_USER_COLUMN_IMAGES
SC-8820,1,0,STANDARD 1,106,extended_0_21_95_127,False,Jazz Snare 2,Jazz Snare 2,False,False,,False,False,False,73,VERIFIED_FROM_OFFICIAL_MANUAL_TEXT_AND_USER_COLUMN_IMAGES
SC-8820,1,0,STANDARD 1,107,extended_0_21_95_127,False,Room Snare 1,Room Snare 1,False,False,,False,False,False,73,VERIFIED_FROM_OFFICIAL_MANUAL_TEXT_AND_USER_COLUMN_IMAGES
SC-8820,1,0,STANDARD 1,108,extended_0_21_95_127,False,Room Snare 2,Room Snare 2,False,False,,False,False,False,73,VERIFIED_FROM_OFFICIAL_MANUAL_TEXT_AND_USER_COLUMN_IMAGES
SC-8820,1,0,STANDARD 1,109,extended_0_21_95_127,False,Power Snare 1,Power Snare 1,False,False,,False,False,False,73,VERIFIED_FROM_OFFICIAL_MANUAL_TEXT_AND_USER_COLUMN_IMAGES
SC-8820,1,0,STANDARD 1,110,extended_0_21_95_127,False,Power Snare 2,Power Snare 2,False,False,,False,False,False,73,VERIFIED_FROM_OFFICIAL_MANUAL_TEXT_AND_USER_COLUMN_IMAGES
SC-8820,1,0,STANDARD 1,111,extended_0_21_95_127,False,Gated Snare,Gated Snare,False,False,,False,False,False,73,VERIFIED_FROM_OFFICIAL_MANUAL_TEXT_AND_USER_COLUMN_IMAGES
SC-8820,1,0,STANDARD 1,112,extended_0_21_95_127,False,Dance Snare 1,Dance Snare 1,False,False,,False,False,False,73,VERIFIED_FROM_OFFICIAL_MANUAL_TEXT_AND_USER_COLUMN_IMAGES
SC-8820,1,0,STANDARD 1,113,extended_0_21_95_127,False,Dance Snare 2,Dance Snare 2,False,False,,False,False,False,73,VERIFIED_FROM_OFFICIAL_MANUAL_TEXT_AND_USER_COLUMN_IMAGES
SC-8820,1,0,STANDARD 1,114,extended_0_21_95_127,False,Disco Snare,Disco Snare,False,False,,False,False,False,73,VERIFIED_FROM_OFFICIAL_MANUAL_TEXT_AND_USER_COLUMN_IMAGES
SC-8820,1,0,STANDARD 1,115,extended_0_21_95_127,False,Electric Snare 2,Electric Snare 2,False,False,,False,False,False,73,VERIFIED_FROM_OFFICIAL_MANUAL_TEXT_AND_USER_COLUMN_IMAGES
SC-8820,1,0,STANDARD 1,116,extended_0_21_95_127,False,Electric Snare,Electric Snare,False,False,,False,False,False,73,VERIFIED_FROM_OFFICIAL_MANUAL_TEXT_AND_USER_COLUMN_IMAGES
SC-8820,1,0,STANDARD 1,117,extended_0_21_95_127,False,Electric Snare 3 *,Electric Snare 3,False,False,,True,False,False,73,VERIFIED_FROM_OFFICIAL_MANUAL_TEXT_AND_USER_COLUMN_IMAGES
SC-8820,1,0,STANDARD 1,118,extended_0_21_95_127,False,TR-707 Snare 1,TR-707 Snare 1,False,False,,False,False,False,73,VERIFIED_FROM_OFFICIAL_MANUAL_TEXT_AND_USER_COLUMN_IMAGES
SC-8820,1,0,STANDARD 1,119,extended_0_21_95_127,False,TR-808 Snare 1,TR-808 Snare 1,False,False,,False,False,False,73,VERIFIED_FROM_OFFICIAL_MANUAL_TEXT_AND_USER_COLUMN_IMAGES
SC-8820,1,0,STANDARD 1,120,extended_0_21_95_127,False,TR-808 Snare 2 *,TR-808 Snare 2,False,False,,True,False,False,73,VERIFIED_FROM_OFFICIAL_MANUAL_TEXT_AND_USER_COLUMN_IMAGES
SC-8820,1,0,STANDARD 1,121,extended_0_21_95_127,False,TR-909 Snare 1,TR-909 Snare 1,False,False,,False,False,False,73,VERIFIED_FROM_OFFICIAL_MANUAL_TEXT_AND_USER_COLUMN_IMAGES
SC-8820,1,0,STANDARD 1,122,extended_0_21_95_127,False,TR-909 Snare 2 *,TR-909 Snare 2,False,False,,True,False,False,73,VERIFIED_FROM_OFFICIAL_MANUAL_TEXT_AND_USER_COLUMN_IMAGES
SC-8820,1,0,STANDARD 1,123,extended_0_21_95_127,False,Rap Snare,Rap Snare,False,False,,False,False,False,73,VERIFIED_FROM_OFFICIAL_MANUAL_TEXT_AND_USER_COLUMN_IMAGES
SC-8820,1,0,STANDARD 1,124,extended_0_21_95_127,False,Jungle Snare 1,Jungle Snare 1,False,False,,False,False,False,73,VERIFIED_FROM_OFFICIAL_MANUAL_TEXT_AND_USER_COLUMN_IMAGES
SC-8820,1,0,STANDARD 1,125,extended_0_21_95_127,False,House Snare 1,House Snare 1,False,False,,False,False,False,73,VERIFIED_FROM_OFFICIAL_MANUAL_TEXT_AND_USER_COLUMN_IMAGES
SC-8820,1,0,STANDARD 1,126,extended_0_21_95_127,False,House Snare *,House Snare,False,False,,True,False,False,73,VERIFIED_FROM_OFFICIAL_MANUAL_TEXT_AND_USER_COLUMN_IMAGES
SC-8820,1,0,STANDARD 1,127,extended_0_21_95_127,False,House Snare 2,House Snare 2,False,False,,False,False,False,73,VERIFIED_FROM_OFFICIAL_MANUAL_TEXT_AND_USER_COLUMN_IMAGES
SC-8820,9,8,ROOM,0,extended_0_21_95_127,False,←,Standard 1 Kick 1,True,False,,False,False,False,73,VERIFIED_FROM_OFFICIAL_MANUAL_TEXT_AND_USER_COLUMN_IMAGES
SC-8820,9,8,ROOM,1,extended_0_21_95_127,False,←,Standard 1 Kick 2,True,False,,False,False,False,73,VERIFIED_FROM_OFFICIAL_MANUAL_TEXT_AND_USER_COLUMN_IMAGES
SC-8820,9,8,ROOM,2,extended_0_21_95_127,False,←,Standard 2 Kick 1,True,False,,False,False,False,73,VERIFIED_FROM_OFFICIAL_MANUAL_TEXT_AND_USER_COLUMN_IMAGES
SC-8820,9,8,ROOM,3,extended_0_21_95_127,False,←,Standard 2 Kick 2,True,False,,False,False,False,73,VERIFIED_FROM_OFFICIAL_MANUAL_TEXT_AND_USER_COLUMN_IMAGES
SC-8820,9,8,ROOM,4,extended_0_21_95_127,False,←,Kick Drum 1,True,False,,False,False,False,73,VERIFIED_FROM_OFFICIAL_MANUAL_TEXT_AND_USER_COLUMN_IMAGES
SC-8820,9,8,ROOM,5,extended_0_21_95_127,False,←,Kick Drum 2,True,False,,False,False,False,73,VERIFIED_FROM_OFFICIAL_MANUAL_TEXT_AND_USER_COLUMN_IMAGES
SC-8820,9,8,ROOM,6,extended_0_21_95_127,False,←,Jazz Kick 1,True,False,,False,False,False,73,VERIFIED_FROM_OFFICIAL_MANUAL_TEXT_AND_USER_COLUMN_IMAGES
SC-8820,9,8,ROOM,7,extended_0_21_95_127,False,←,Jazz Kick 2,True,False,,False,False,False,73,VERIFIED_FROM_OFFICIAL_MANUAL_TEXT_AND_USER_COLUMN_IMAGES
SC-8820,9,8,ROOM,8,extended_0_21_95_127,False,←,Room Kick 1,True,False,,False,False,False,73,VERIFIED_FROM_OFFICIAL_MANUAL_TEXT_AND_USER_COLUMN_IMAGES
SC-8820,9,8,ROOM,9,extended_0_21_95_127,False,←,Room Kick 2,True,False,,False,False,False,73,VERIFIED_FROM_OFFICIAL_MANUAL_TEXT_AND_USER_COLUMN_IMAGES
SC-8820,9,8,ROOM,10,extended_0_21_95_127,False,←,Power Kick 1,True,False,,False,False,False,73,VERIFIED_FROM_OFFICIAL_MANUAL_TEXT_AND_USER_COLUMN_IMAGES
SC-8820,9,8,ROOM,11,extended_0_21_95_127,False,←,Power Kick 2,True,False,,False,False,False,73,VERIFIED_FROM_OFFICIAL_MANUAL_TEXT_AND_USER_COLUMN_IMAGES
SC-8820,9,8,ROOM,12,extended_0_21_95_127,False,←,Electric Kick 2,True,False,,False,False,False,73,VERIFIED_FROM_OFFICIAL_MANUAL_TEXT_AND_USER_COLUMN_IMAGES
SC-8820,9,8,ROOM,13,extended_0_21_95_127,False,←,Electric Kick 1,True,False,,True,False,False,73,VERIFIED_FROM_OFFICIAL_MANUAL_TEXT_AND_USER_COLUMN_IMAGES
SC-8820,9,8,ROOM,14,extended_0_21_95_127,False,←,TR-808 Kick,True,False,,False,False,False,73,VERIFIED_FROM_OFFICIAL_MANUAL_TEXT_AND_USER_COLUMN_IMAGES
SC-8820,9,8,ROOM,15,extended_0_21_95_127,False,←,TR-909 Kick,True,False,,False,False,False,73,VERIFIED_FROM_OFFICIAL_MANUAL_TEXT_AND_USER_COLUMN_IMAGES
SC-8820,9,8,ROOM,16,extended_0_21_95_127,False,←,Dance Kick,True,False,,False,False,False,73,VERIFIED_FROM_OFFICIAL_MANUAL_TEXT_AND_USER_COLUMN_IMAGES
SC-8820,9,8,ROOM,17,extended_0_21_95_127,False,←,Voice One,True,False,,False,False,False,73,VERIFIED_FROM_OFFICIAL_MANUAL_TEXT_AND_USER_COLUMN_IMAGES
SC-8820,9,8,ROOM,18,extended_0_21_95_127,False,←,Voice Two,True,False,,False,False,False,73,VERIFIED_FROM_OFFICIAL_MANUAL_TEXT_AND_USER_COLUMN_IMAGES
SC-8820,9,8,ROOM,19,extended_0_21_95_127,False,←,Voice Three,True,False,,False,False,False,73,VERIFIED_FROM_OFFICIAL_MANUAL_TEXT_AND_USER_COLUMN_IMAGES
SC-8820,9,8,ROOM,20,extended_0_21_95_127,False,Standard 1 Kick 2 *,Standard 1 Kick 2,False,False,,True,False,False,73,VERIFIED_FROM_OFFICIAL_MANUAL_TEXT_AND_USER_COLUMN_IMAGES
SC-8820,9,8,ROOM,21,extended_0_21_95_127,False,Standard 1 Kick 1 *,Standard 1 Kick 1,False,False,,True,False,False,73,VERIFIED_FROM_OFFICIAL_MANUAL_TEXT_AND_USER_COLUMN_IMAGES
SC-8820,9,8,ROOM,22,main_22_94,False,←,MC-500 Beep 1,True,False,,False,False,False,65,VERIFIED_FROM_OFFICIAL_MANUAL_TEXT_AND_USER_COLUMN_IMAGES
SC-8820,9,8,ROOM,23,main_22_94,False,←,MC-500 Beep 2,True,False,,False,False,False,65,VERIFIED_FROM_OFFICIAL_MANUAL_TEXT_AND_USER_COLUMN_IMAGES
SC-8820,9,8,ROOM,24,main_22_94,False,←,Concert SD,True,False,,False,False,False,65,VERIFIED_FROM_OFFICIAL_MANUAL_TEXT_AND_USER_COLUMN_IMAGES
SC-8820,9,8,ROOM,25,main_22_94,False,←,Snare Roll,True,False,,False,False,False,65,VERIFIED_FROM_OFFICIAL_MANUAL_TEXT_AND_USER_COLUMN_IMAGES
SC-8820,9,8,ROOM,26,main_22_94,False,Finger Snap,Finger Snap,False,False,,False,False,False,65,VERIFIED_FROM_OFFICIAL_MANUAL_TEXT_AND_USER_COLUMN_IMAGES
SC-8820,9,8,ROOM,27,main_22_94,False,←,High Q,True,False,,False,False,False,65,VERIFIED_FROM_OFFICIAL_MANUAL_TEXT_AND_USER_COLUMN_IMAGES
SC-8820,9,8,ROOM,28,main_22_94,False,←,Slap,True,False,,False,False,False,65,VERIFIED_FROM_OFFICIAL_MANUAL_TEXT_AND_USER_COLUMN_IMAGES
SC-8820,9,8,ROOM,29,main_22_94,False,←,Scratch Push,True,False,7,False,False,False,65,VERIFIED_FROM_OFFICIAL_MANUAL_TEXT_AND_USER_COLUMN_IMAGES
SC-8820,9,8,ROOM,30,main_22_94,False,←,Scratch Pull,True,False,7,False,False,False,65,VERIFIED_FROM_OFFICIAL_MANUAL_TEXT_AND_USER_COLUMN_IMAGES
SC-8820,9,8,ROOM,31,main_22_94,False,←,Sticks,True,False,,False,False,False,65,VERIFIED_FROM_OFFICIAL_MANUAL_TEXT_AND_USER_COLUMN_IMAGES
SC-8820,9,8,ROOM,32,main_22_94,False,←,Square Click,True,False,,False,False,False,65,VERIFIED_FROM_OFFICIAL_MANUAL_TEXT_AND_USER_COLUMN_IMAGES
SC-8820,9,8,ROOM,33,main_22_94,False,←,Metronome Click,True,False,,False,False,False,65,VERIFIED_FROM_OFFICIAL_MANUAL_TEXT_AND_USER_COLUMN_IMAGES
SC-8820,9,8,ROOM,34,main_22_94,False,←,Metronome Bell,True,False,,False,False,False,65,VERIFIED_FROM_OFFICIAL_MANUAL_TEXT_AND_USER_COLUMN_IMAGES
SC-8820,9,8,ROOM,35,main_22_94,True,Room Kick 2,Room Kick 2,False,False,,False,False,False,65,VERIFIED_FROM_OFFICIAL_MANUAL_TEXT_AND_USER_COLUMN_IMAGES
SC-8820,9,8,ROOM,36,main_22_94,True,Room Kick 1 *,Room Kick 1,False,False,,True,False,False,65,VERIFIED_FROM_OFFICIAL_MANUAL_TEXT_AND_USER_COLUMN_IMAGES
SC-8820,9,8,ROOM,37,main_22_94,True,←,Side Stick,True,False,,False,False,False,65,VERIFIED_FROM_OFFICIAL_MANUAL_TEXT_AND_USER_COLUMN_IMAGES
SC-8820,9,8,ROOM,38,main_22_94,True,Room Snare 1,Room Snare 1,False,False,,False,False,False,65,VERIFIED_FROM_OFFICIAL_MANUAL_TEXT_AND_USER_COLUMN_IMAGES
SC-8820,9,8,ROOM,39,main_22_94,True,Hand Clap,Hand Clap,False,False,,False,False,False,65,VERIFIED_FROM_OFFICIAL_MANUAL_TEXT_AND_USER_COLUMN_IMAGES
SC-8820,9,8,ROOM,40,main_22_94,True,Room Snare 2,Room Snare 2,False,False,,False,False,False,65,VERIFIED_FROM_OFFICIAL_MANUAL_TEXT_AND_USER_COLUMN_IMAGES
SC-8820,9,8,ROOM,41,main_22_94,True,Room Low Tom 2 *,Room Low Tom 2,False,False,,True,False,False,65,VERIFIED_FROM_OFFICIAL_MANUAL_TEXT_AND_USER_COLUMN_IMAGES
SC-8820,9,8,ROOM,42,main_22_94,True,Room Closed Hi-Hat 3 [EXC1],Room Closed Hi-Hat 3,False,False,1,False,False,False,65,VERIFIED_FROM_OFFICIAL_MANUAL_TEXT_AND_USER_COLUMN_IMAGES
SC-8820,9,8,ROOM,43,main_22_94,True,Room Low Tom 1 *,Room Low Tom 1,False,False,,True,False,False,65,VERIFIED_FROM_OFFICIAL_MANUAL_TEXT_AND_USER_COLUMN_IMAGES
SC-8820,9,8,ROOM,44,main_22_94,True,Pedal Hi-Hat [EXC1],Pedal Hi-Hat,False,False,1,False,False,False,65,VERIFIED_FROM_OFFICIAL_MANUAL_TEXT_AND_USER_COLUMN_IMAGES
SC-8820,9,8,ROOM,45,main_22_94,True,Room Mid Tom 2 *,Room Mid Tom 2,False,False,,True,False,False,65,VERIFIED_FROM_OFFICIAL_MANUAL_TEXT_AND_USER_COLUMN_IMAGES
SC-8820,9,8,ROOM,46,main_22_94,True,Room Open Hi-Hat 3 [EXC1],Room Open Hi-Hat 3,False,False,1,False,False,False,65,VERIFIED_FROM_OFFICIAL_MANUAL_TEXT_AND_USER_COLUMN_IMAGES
SC-8820,9,8,ROOM,47,main_22_94,True,Room Mid Tom 1 *,Room Mid Tom 1,False,False,,True,False,False,65,VERIFIED_FROM_OFFICIAL_MANUAL_TEXT_AND_USER_COLUMN_IMAGES
SC-8820,9,8,ROOM,48,main_22_94,True,Room High Tom 2 *,Room High Tom 2,False,False,,True,False,False,65,VERIFIED_FROM_OFFICIAL_MANUAL_TEXT_AND_USER_COLUMN_IMAGES
SC-8820,9,8,ROOM,49,main_22_94,True,Room Crash Cymbal,Room Crash Cymbal,False,False,,False,False,False,65,VERIFIED_FROM_OFFICIAL_MANUAL_TEXT_AND_USER_COLUMN_IMAGES
SC-8820,9,8,ROOM,50,main_22_94,True,Room High Tom 1 *,Room High Tom 1,False,False,,True,False,False,65,VERIFIED_FROM_OFFICIAL_MANUAL_TEXT_AND_USER_COLUMN_IMAGES
SC-8820,9,8,ROOM,51,main_22_94,True,Room Ride Cymbal,Room Ride Cymbal,False,False,,False,False,False,65,VERIFIED_FROM_OFFICIAL_MANUAL_TEXT_AND_USER_COLUMN_IMAGES
SC-8820,9,8,ROOM,52,main_22_94,True,←,Chinese Cymbal,True,False,,False,False,False,65,VERIFIED_FROM_OFFICIAL_MANUAL_TEXT_AND_USER_COLUMN_IMAGES
SC-8820,9,8,ROOM,53,main_22_94,True,Room Ride Bell,Room Ride Bell,False,False,,False,False,False,65,VERIFIED_FROM_OFFICIAL_MANUAL_TEXT_AND_USER_COLUMN_IMAGES
SC-8820,9,8,ROOM,54,main_22_94,True,←,Tambourine,True,False,,False,False,False,65,VERIFIED_FROM_OFFICIAL_MANUAL_TEXT_AND_USER_COLUMN_IMAGES
SC-8820,9,8,ROOM,55,main_22_94,True,←,Splash Cymbal,True,False,,False,False,False,65,VERIFIED_FROM_OFFICIAL_MANUAL_TEXT_AND_USER_COLUMN_IMAGES
SC-8820,9,8,ROOM,56,main_22_94,True,←,Cowbell,True,False,,False,False,False,65,VERIFIED_FROM_OFFICIAL_MANUAL_TEXT_AND_USER_COLUMN_IMAGES
SC-8820,9,8,ROOM,57,main_22_94,True,←,Crash Cymbal 2,True,False,,False,False,False,65,VERIFIED_FROM_OFFICIAL_MANUAL_TEXT_AND_USER_COLUMN_IMAGES
SC-8820,9,8,ROOM,58,main_22_94,True,←,Vibra-slap,True,False,,False,False,False,65,VERIFIED_FROM_OFFICIAL_MANUAL_TEXT_AND_USER_COLUMN_IMAGES
SC-8820,9,8,ROOM,59,main_22_94,True,←,Ride Cymbal 2,True,False,,False,False,False,65,VERIFIED_FROM_OFFICIAL_MANUAL_TEXT_AND_USER_COLUMN_IMAGES
SC-8820,9,8,ROOM,60,main_22_94,True,←,High Bongo,True,False,,False,False,False,65,VERIFIED_FROM_OFFICIAL_MANUAL_TEXT_AND_USER_COLUMN_IMAGES
SC-8820,9,8,ROOM,61,main_22_94,True,←,Low Bongo,True,False,,False,False,False,65,VERIFIED_FROM_OFFICIAL_MANUAL_TEXT_AND_USER_COLUMN_IMAGES
SC-8820,9,8,ROOM,62,main_22_94,True,←,Mute High Conga,True,False,,False,False,False,65,VERIFIED_FROM_OFFICIAL_MANUAL_TEXT_AND_USER_COLUMN_IMAGES
SC-8820,9,8,ROOM,63,main_22_94,True,←,Open High Conga,True,False,,False,False,False,65,VERIFIED_FROM_OFFICIAL_MANUAL_TEXT_AND_USER_COLUMN_IMAGES
SC-8820,9,8,ROOM,64,main_22_94,True,←,Low Conga,True,False,,False,False,False,65,VERIFIED_FROM_OFFICIAL_MANUAL_TEXT_AND_USER_COLUMN_IMAGES
SC-8820,9,8,ROOM,65,main_22_94,True,←,High Timbale,True,False,,False,False,False,65,VERIFIED_FROM_OFFICIAL_MANUAL_TEXT_AND_USER_COLUMN_IMAGES
SC-8820,9,8,ROOM,66,main_22_94,True,←,Low Timbale,True,False,,False,False,False,65,VERIFIED_FROM_OFFICIAL_MANUAL_TEXT_AND_USER_COLUMN_IMAGES
SC-8820,9,8,ROOM,67,main_22_94,True,←,High Agogo,True,False,,False,False,False,65,VERIFIED_FROM_OFFICIAL_MANUAL_TEXT_AND_USER_COLUMN_IMAGES
SC-8820,9,8,ROOM,68,main_22_94,True,←,Low Agogo,True,False,,False,False,False,65,VERIFIED_FROM_OFFICIAL_MANUAL_TEXT_AND_USER_COLUMN_IMAGES
SC-8820,9,8,ROOM,69,main_22_94,True,←,Cabasa,True,False,,False,False,False,65,VERIFIED_FROM_OFFICIAL_MANUAL_TEXT_AND_USER_COLUMN_IMAGES
SC-8820,9,8,ROOM,70,main_22_94,True,←,Maracas,True,False,,False,False,False,65,VERIFIED_FROM_OFFICIAL_MANUAL_TEXT_AND_USER_COLUMN_IMAGES
SC-8820,9,8,ROOM,71,main_22_94,True,←,Short High Whistle,True,False,2,False,False,False,65,VERIFIED_FROM_OFFICIAL_MANUAL_TEXT_AND_USER_COLUMN_IMAGES
SC-8820,9,8,ROOM,72,main_22_94,True,←,Long Low Whistle,True,False,2,False,False,False,65,VERIFIED_FROM_OFFICIAL_MANUAL_TEXT_AND_USER_COLUMN_IMAGES
SC-8820,9,8,ROOM,73,main_22_94,True,←,Short Guiro,True,False,3,False,False,False,65,VERIFIED_FROM_OFFICIAL_MANUAL_TEXT_AND_USER_COLUMN_IMAGES
SC-8820,9,8,ROOM,74,main_22_94,True,←,Long Guiro,True,False,3,False,False,False,65,VERIFIED_FROM_OFFICIAL_MANUAL_TEXT_AND_USER_COLUMN_IMAGES
SC-8820,9,8,ROOM,75,main_22_94,True,←,Claves,True,False,,False,False,False,65,VERIFIED_FROM_OFFICIAL_MANUAL_TEXT_AND_USER_COLUMN_IMAGES
SC-8820,9,8,ROOM,76,main_22_94,True,←,High Wood Block,True,False,,False,False,False,65,VERIFIED_FROM_OFFICIAL_MANUAL_TEXT_AND_USER_COLUMN_IMAGES
SC-8820,9,8,ROOM,77,main_22_94,True,←,Low Wood Block,True,False,,False,False,False,65,VERIFIED_FROM_OFFICIAL_MANUAL_TEXT_AND_USER_COLUMN_IMAGES
SC-8820,9,8,ROOM,78,main_22_94,True,←,Mute Cuica,True,False,4,False,False,False,65,VERIFIED_FROM_OFFICIAL_MANUAL_TEXT_AND_USER_COLUMN_IMAGES
SC-8820,9,8,ROOM,79,main_22_94,True,←,Open Cuica,True,False,4,False,False,False,65,VERIFIED_FROM_OFFICIAL_MANUAL_TEXT_AND_USER_COLUMN_IMAGES
SC-8820,9,8,ROOM,80,main_22_94,True,←,Mute Triangle,True,False,5,False,False,False,65,VERIFIED_FROM_OFFICIAL_MANUAL_TEXT_AND_USER_COLUMN_IMAGES
SC-8820,9,8,ROOM,81,main_22_94,True,←,Open Triangle,True,False,5,False,False,False,65,VERIFIED_FROM_OFFICIAL_MANUAL_TEXT_AND_USER_COLUMN_IMAGES
SC-8820,9,8,ROOM,82,main_22_94,False,←,Shaker,True,False,,False,False,False,65,VERIFIED_FROM_OFFICIAL_MANUAL_TEXT_AND_USER_COLUMN_IMAGES
SC-8820,9,8,ROOM,83,main_22_94,False,←,Jingle Bell,True,False,,False,False,False,65,VERIFIED_FROM_OFFICIAL_MANUAL_TEXT_AND_USER_COLUMN_IMAGES
SC-8820,9,8,ROOM,84,main_22_94,False,←,Bell Tree,True,False,,False,False,False,65,VERIFIED_FROM_OFFICIAL_MANUAL_TEXT_AND_USER_COLUMN_IMAGES
SC-8820,9,8,ROOM,85,main_22_94,False,←,Castanets,True,False,,False,False,False,65,VERIFIED_FROM_OFFICIAL_MANUAL_TEXT_AND_USER_COLUMN_IMAGES
SC-8820,9,8,ROOM,86,main_22_94,False,←,Mute Surdo,True,False,6,False,False,False,65,VERIFIED_FROM_OFFICIAL_MANUAL_TEXT_AND_USER_COLUMN_IMAGES
SC-8820,9,8,ROOM,87,main_22_94,False,←,Open Surdo,True,False,6,False,False,False,65,VERIFIED_FROM_OFFICIAL_MANUAL_TEXT_AND_USER_COLUMN_IMAGES
SC-8820,9,8,ROOM,88,main_22_94,False,←,Applause 2,True,False,,True,False,False,65,VERIFIED_FROM_OFFICIAL_MANUAL_TEXT_AND_USER_COLUMN_IMAGES
SC-8820,9,8,ROOM,89,main_22_94,False,---,,False,True,,False,False,False,65,VERIFIED_FROM_OFFICIAL_MANUAL_TEXT_AND_USER_COLUMN_IMAGES
SC-8820,9,8,ROOM,90,main_22_94,False,---,,False,True,,False,False,False,65,VERIFIED_FROM_OFFICIAL_MANUAL_TEXT_AND_USER_COLUMN_IMAGES
SC-8820,9,8,ROOM,91,main_22_94,False,---,,False,True,,False,False,False,65,VERIFIED_FROM_OFFICIAL_MANUAL_TEXT_AND_USER_COLUMN_IMAGES
SC-8820,9,8,ROOM,92,main_22_94,False,---,,False,True,,False,False,False,65,VERIFIED_FROM_OFFICIAL_MANUAL_TEXT_AND_USER_COLUMN_IMAGES
SC-8820,9,8,ROOM,93,main_22_94,False,---,,False,True,,False,False,False,65,VERIFIED_FROM_OFFICIAL_MANUAL_TEXT_AND_USER_COLUMN_IMAGES
SC-8820,9,8,ROOM,94,main_22_94,False,---,,False,True,,False,False,False,65,VERIFIED_FROM_OFFICIAL_MANUAL_TEXT_AND_USER_COLUMN_IMAGES
SC-8820,9,8,ROOM,95,extended_0_21_95_127,False,Standard 1 Snare 1 *,Standard 1 Snare 1,False,False,,True,False,False,73,VERIFIED_FROM_OFFICIAL_MANUAL_TEXT_AND_USER_COLUMN_IMAGES
SC-8820,9,8,ROOM,96,extended_0_21_95_127,False,Standard 1 Snare 2,Standard 1 Snare 2,False,False,,False,False,False,73,VERIFIED_FROM_OFFICIAL_MANUAL_TEXT_AND_USER_COLUMN_IMAGES
SC-8820,9,8,ROOM,97,extended_0_21_95_127,False,←,Standard 1 Snare1,True,False,,False,False,False,73,VERIFIED_FROM_OFFICIAL_MANUAL_TEXT_AND_USER_COLUMN_IMAGES
SC-8820,9,8,ROOM,98,extended_0_21_95_127,False,←,Standard 1 Snare 2,True,False,,False,False,False,73,VERIFIED_FROM_OFFICIAL_MANUAL_TEXT_AND_USER_COLUMN_IMAGES
SC-8820,9,8,ROOM,99,extended_0_21_95_127,False,←,Standard 2 Snare 1,True,False,,False,False,False,73,VERIFIED_FROM_OFFICIAL_MANUAL_TEXT_AND_USER_COLUMN_IMAGES
SC-8820,9,8,ROOM,100,extended_0_21_95_127,False,←,Standard 2 Snare 2,True,False,,False,False,False,73,VERIFIED_FROM_OFFICIAL_MANUAL_TEXT_AND_USER_COLUMN_IMAGES
SC-8820,9,8,ROOM,101,extended_0_21_95_127,False,←,Snare Drum 2,True,False,,False,False,False,73,VERIFIED_FROM_OFFICIAL_MANUAL_TEXT_AND_USER_COLUMN_IMAGES
SC-8820,9,8,ROOM,102,extended_0_21_95_127,False,←,Standard 1 Snare 1,True,False,,False,False,False,73,VERIFIED_FROM_OFFICIAL_MANUAL_TEXT_AND_USER_COLUMN_IMAGES
SC-8820,9,8,ROOM,103,extended_0_21_95_127,False,←,Standard 1 Snare 2,True,False,,False,False,False,73,VERIFIED_FROM_OFFICIAL_MANUAL_TEXT_AND_USER_COLUMN_IMAGES
SC-8820,9,8,ROOM,104,extended_0_21_95_127,False,←,Standard 1 Snare 3,True,False,,False,False,False,73,VERIFIED_FROM_OFFICIAL_MANUAL_TEXT_AND_USER_COLUMN_IMAGES
SC-8820,9,8,ROOM,105,extended_0_21_95_127,False,←,Jazz Snare 1,True,False,,False,False,False,73,VERIFIED_FROM_OFFICIAL_MANUAL_TEXT_AND_USER_COLUMN_IMAGES
SC-8820,9,8,ROOM,106,extended_0_21_95_127,False,←,Jazz Snare 2,True,False,,False,False,False,73,VERIFIED_FROM_OFFICIAL_MANUAL_TEXT_AND_USER_COLUMN_IMAGES
SC-8820,9,8,ROOM,107,extended_0_21_95_127,False,←,Room Snare 1,True,False,,False,False,False,73,VERIFIED_FROM_OFFICIAL_MANUAL_TEXT_AND_USER_COLUMN_IMAGES
SC-8820,9,8,ROOM,108,extended_0_21_95_127,False,←,Room Snare 2,True,False,,False,False,False,73,VERIFIED_FROM_OFFICIAL_MANUAL_TEXT_AND_USER_COLUMN_IMAGES
SC-8820,9,8,ROOM,109,extended_0_21_95_127,False,←,Power Snare 1,True,False,,False,False,False,73,VERIFIED_FROM_OFFICIAL_MANUAL_TEXT_AND_USER_COLUMN_IMAGES
SC-8820,9,8,ROOM,110,extended_0_21_95_127,False,←,Power Snare 2,True,False,,False,False,False,73,VERIFIED_FROM_OFFICIAL_MANUAL_TEXT_AND_USER_COLUMN_IMAGES
SC-8820,9,8,ROOM,111,extended_0_21_95_127,False,←,Gated Snare,True,False,,False,False,False,73,VERIFIED_FROM_OFFICIAL_MANUAL_TEXT_AND_USER_COLUMN_IMAGES
SC-8820,9,8,ROOM,112,extended_0_21_95_127,False,←,Dance Snare 1,True,False,,False,False,False,73,VERIFIED_FROM_OFFICIAL_MANUAL_TEXT_AND_USER_COLUMN_IMAGES
SC-8820,9,8,ROOM,113,extended_0_21_95_127,False,←,Dance Snare 2,True,False,,False,False,False,73,VERIFIED_FROM_OFFICIAL_MANUAL_TEXT_AND_USER_COLUMN_IMAGES
SC-8820,9,8,ROOM,114,extended_0_21_95_127,False,←,Disco Snare,True,False,,False,False,False,73,VERIFIED_FROM_OFFICIAL_MANUAL_TEXT_AND_USER_COLUMN_IMAGES
SC-8820,9,8,ROOM,115,extended_0_21_95_127,False,←,Electric Snare 2,True,False,,False,False,False,73,VERIFIED_FROM_OFFICIAL_MANUAL_TEXT_AND_USER_COLUMN_IMAGES
SC-8820,9,8,ROOM,116,extended_0_21_95_127,False,←,Electric Snare,True,False,,False,False,False,73,VERIFIED_FROM_OFFICIAL_MANUAL_TEXT_AND_USER_COLUMN_IMAGES
SC-8820,9,8,ROOM,117,extended_0_21_95_127,False,←,Electric Snare 3,True,False,,True,False,False,73,VERIFIED_FROM_OFFICIAL_MANUAL_TEXT_AND_USER_COLUMN_IMAGES
SC-8820,9,8,ROOM,118,extended_0_21_95_127,False,←,TR-707 Snare 1,True,False,,False,False,False,73,VERIFIED_FROM_OFFICIAL_MANUAL_TEXT_AND_USER_COLUMN_IMAGES
SC-8820,9,8,ROOM,119,extended_0_21_95_127,False,←,TR-808 Snare 1,True,False,,False,False,False,73,VERIFIED_FROM_OFFICIAL_MANUAL_TEXT_AND_USER_COLUMN_IMAGES
SC-8820,9,8,ROOM,120,extended_0_21_95_127,False,←,TR-808 Snare 2,True,False,,True,False,False,73,VERIFIED_FROM_OFFICIAL_MANUAL_TEXT_AND_USER_COLUMN_IMAGES
SC-8820,9,8,ROOM,121,extended_0_21_95_127,False,←,TR-909 Snare 1,True,False,,False,False,False,73,VERIFIED_FROM_OFFICIAL_MANUAL_TEXT_AND_USER_COLUMN_IMAGES
SC-8820,9,8,ROOM,122,extended_0_21_95_127,False,←,TR-909 Snare 2,True,False,,True,False,False,73,VERIFIED_FROM_OFFICIAL_MANUAL_TEXT_AND_USER_COLUMN_IMAGES
SC-8820,9,8,ROOM,123,extended_0_21_95_127,False,←,Rap Snare,True,False,,False,False,False,73,VERIFIED_FROM_OFFICIAL_MANUAL_TEXT_AND_USER_COLUMN_IMAGES
SC-8820,9,8,ROOM,124,extended_0_21_95_127,False,←,Jungle Snare 1,True,False,,False,False,False,73,VERIFIED_FROM_OFFICIAL_MANUAL_TEXT_AND_USER_COLUMN_IMAGES
SC-8820,9,8,ROOM,125,extended_0_21_95_127,False,←,House Snare 1,True,False,,False,False,False,73,VERIFIED_FROM_OFFICIAL_MANUAL_TEXT_AND_USER_COLUMN_IMAGES
SC-8820,9,8,ROOM,126,extended_0_21_95_127,False,←,House Snare,True,False,,True,False,False,73,VERIFIED_FROM_OFFICIAL_MANUAL_TEXT_AND_USER_COLUMN_IMAGES
SC-8820,9,8,ROOM,127,extended_0_21_95_127,False,←,House Snare 2,True,False,,False,False,False,73,VERIFIED_FROM_OFFICIAL_MANUAL_TEXT_AND_USER_COLUMN_IMAGES
SC-8820,10,9,HIP HOP,0,extended_0_21_95_127,False,Electric Kick 2,Electric Kick 2,False,False,,False,False,False,73,VERIFIED_FROM_OFFICIAL_MANUAL_TEXT_AND_USER_COLUMN_IMAGES
SC-8820,10,9,HIP HOP,1,extended_0_21_95_127,False,Electric Kick 1 *,Electric Kick 1,False,False,,True,False,False,73,VERIFIED_FROM_OFFICIAL_MANUAL_TEXT_AND_USER_COLUMN_IMAGES
SC-8820,10,9,HIP HOP,2,extended_0_21_95_127,False,CR-78 Kick 1,CR-78 Kick 1,False,False,,False,False,False,73,VERIFIED_FROM_OFFICIAL_MANUAL_TEXT_AND_USER_COLUMN_IMAGES
SC-8820,10,9,HIP HOP,3,extended_0_21_95_127,False,CR-78 Kick 2,CR-78 Kick 2,False,False,,False,False,False,73,VERIFIED_FROM_OFFICIAL_MANUAL_TEXT_AND_USER_COLUMN_IMAGES
SC-8820,10,9,HIP HOP,4,extended_0_21_95_127,False,TR-606 Kick1,TR-606 Kick1,False,False,,False,False,False,73,VERIFIED_FROM_OFFICIAL_MANUAL_TEXT_AND_USER_COLUMN_IMAGES
SC-8820,10,9,HIP HOP,5,extended_0_21_95_127,False,TR-707 Kick 1,TR-707 Kick 1,False,False,,False,False,False,73,VERIFIED_FROM_OFFICIAL_MANUAL_TEXT_AND_USER_COLUMN_IMAGES
SC-8820,10,9,HIP HOP,6,extended_0_21_95_127,False,TR-808 Kick,TR-808 Kick,False,False,,False,False,False,73,VERIFIED_FROM_OFFICIAL_MANUAL_TEXT_AND_USER_COLUMN_IMAGES
SC-8820,10,9,HIP HOP,7,extended_0_21_95_127,False,TR-808 Kick,TR-808 Kick,False,False,,False,False,False,73,VERIFIED_FROM_OFFICIAL_MANUAL_TEXT_AND_USER_COLUMN_IMAGES
SC-8820,10,9,HIP HOP,8,extended_0_21_95_127,False,TR-808 Kick 2,TR-808 Kick 2,False,False,,False,False,False,73,VERIFIED_FROM_OFFICIAL_MANUAL_TEXT_AND_USER_COLUMN_IMAGES
SC-8820,10,9,HIP HOP,9,extended_0_21_95_127,False,TR-909 Kick,TR-909 Kick,False,False,,False,False,False,73,VERIFIED_FROM_OFFICIAL_MANUAL_TEXT_AND_USER_COLUMN_IMAGES
SC-8820,10,9,HIP HOP,10,extended_0_21_95_127,False,Dance Kick,Dance Kick,False,False,,False,False,False,73,VERIFIED_FROM_OFFICIAL_MANUAL_TEXT_AND_USER_COLUMN_IMAGES
SC-8820,10,9,HIP HOP,11,extended_0_21_95_127,False,Hip-Hop Kick 2,Hip-Hop Kick 2,False,False,,False,False,False,73,VERIFIED_FROM_OFFICIAL_MANUAL_TEXT_AND_USER_COLUMN_IMAGES
SC-8820,10,9,HIP HOP,12,extended_0_21_95_127,False,TR-909 Kick 1 *,TR-909 Kick 1,False,False,,True,False,False,73,VERIFIED_FROM_OFFICIAL_MANUAL_TEXT_AND_USER_COLUMN_IMAGES
SC-8820,10,9,HIP HOP,13,extended_0_21_95_127,False,Hip-Hop Kick 3,Hip-Hop Kick 3,False,False,,False,False,False,73,VERIFIED_FROM_OFFICIAL_MANUAL_TEXT_AND_USER_COLUMN_IMAGES
SC-8820,10,9,HIP HOP,14,extended_0_21_95_127,False,Jungle Kick 1,Jungle Kick 1,False,False,,False,False,False,73,VERIFIED_FROM_OFFICIAL_MANUAL_TEXT_AND_USER_COLUMN_IMAGES
SC-8820,10,9,HIP HOP,15,extended_0_21_95_127,False,Techno Kick 1,Techno Kick 1,False,False,,False,False,False,73,VERIFIED_FROM_OFFICIAL_MANUAL_TEXT_AND_USER_COLUMN_IMAGES
SC-8820,10,9,HIP HOP,16,extended_0_21_95_127,False,Bounce Kick,Bounce Kick,False,False,,False,False,False,73,VERIFIED_FROM_OFFICIAL_MANUAL_TEXT_AND_USER_COLUMN_IMAGES
SC-8820,10,9,HIP HOP,17,extended_0_21_95_127,False,←,Voice One,True,False,,False,False,False,73,VERIFIED_FROM_OFFICIAL_MANUAL_TEXT_AND_USER_COLUMN_IMAGES
SC-8820,10,9,HIP HOP,18,extended_0_21_95_127,False,←,Voice Two,True,False,,False,False,False,73,VERIFIED_FROM_OFFICIAL_MANUAL_TEXT_AND_USER_COLUMN_IMAGES
SC-8820,10,9,HIP HOP,19,extended_0_21_95_127,False,←,Voice Three,True,False,,False,False,False,73,VERIFIED_FROM_OFFICIAL_MANUAL_TEXT_AND_USER_COLUMN_IMAGES
SC-8820,10,9,HIP HOP,20,extended_0_21_95_127,False,Jungle Kick 2,Jungle Kick 2,False,False,,False,False,False,73,VERIFIED_FROM_OFFICIAL_MANUAL_TEXT_AND_USER_COLUMN_IMAGES
SC-8820,10,9,HIP HOP,21,extended_0_21_95_127,False,Jungle Kick 1,Jungle Kick 1,False,False,,False,False,False,73,VERIFIED_FROM_OFFICIAL_MANUAL_TEXT_AND_USER_COLUMN_IMAGES
SC-8820,10,9,HIP HOP,22,main_22_94,False,←,MC-500 Beep 1,True,False,,False,False,False,65,VERIFIED_FROM_OFFICIAL_MANUAL_TEXT_AND_USER_COLUMN_IMAGES
SC-8820,10,9,HIP HOP,23,main_22_94,False,←,MC-500 Beep 2,True,False,,False,False,False,65,VERIFIED_FROM_OFFICIAL_MANUAL_TEXT_AND_USER_COLUMN_IMAGES
SC-8820,10,9,HIP HOP,24,main_22_94,False,←,Concert SD,True,False,,False,False,False,65,VERIFIED_FROM_OFFICIAL_MANUAL_TEXT_AND_USER_COLUMN_IMAGES
SC-8820,10,9,HIP HOP,25,main_22_94,False,←,Snare Roll,True,False,,False,False,False,65,VERIFIED_FROM_OFFICIAL_MANUAL_TEXT_AND_USER_COLUMN_IMAGES
SC-8820,10,9,HIP HOP,26,main_22_94,False,←,Finger Snap 2,True,False,,False,False,False,65,VERIFIED_FROM_OFFICIAL_MANUAL_TEXT_AND_USER_COLUMN_IMAGES
SC-8820,10,9,HIP HOP,27,main_22_94,False,←,High Q,True,False,,False,False,False,65,VERIFIED_FROM_OFFICIAL_MANUAL_TEXT_AND_USER_COLUMN_IMAGES
SC-8820,10,9,HIP HOP,28,main_22_94,False,←,Slap,True,False,,False,False,False,65,VERIFIED_FROM_OFFICIAL_MANUAL_TEXT_AND_USER_COLUMN_IMAGES
SC-8820,10,9,HIP HOP,29,main_22_94,False,Scratch Push 2 [EXC7],Scratch Push 2,False,False,7,False,False,False,65,VERIFIED_FROM_OFFICIAL_MANUAL_TEXT_AND_USER_COLUMN_IMAGES
SC-8820,10,9,HIP HOP,30,main_22_94,False,Scratch Pull 2 [EXC7],Scratch Pull 2,False,False,7,False,False,False,65,VERIFIED_FROM_OFFICIAL_MANUAL_TEXT_AND_USER_COLUMN_IMAGES
SC-8820,10,9,HIP HOP,31,main_22_94,False,←,Sticks,True,False,,False,False,False,65,VERIFIED_FROM_OFFICIAL_MANUAL_TEXT_AND_USER_COLUMN_IMAGES
SC-8820,10,9,HIP HOP,32,main_22_94,False,←,Square Click,True,False,,False,False,False,65,VERIFIED_FROM_OFFICIAL_MANUAL_TEXT_AND_USER_COLUMN_IMAGES
SC-8820,10,9,HIP HOP,33,main_22_94,False,←,Metronome Click,True,False,,False,False,False,65,VERIFIED_FROM_OFFICIAL_MANUAL_TEXT_AND_USER_COLUMN_IMAGES
SC-8820,10,9,HIP HOP,34,main_22_94,False,←,Metronome Bell,True,False,,False,False,False,65,VERIFIED_FROM_OFFICIAL_MANUAL_TEXT_AND_USER_COLUMN_IMAGES
SC-8820,10,9,HIP HOP,35,main_22_94,True,Hip-Hop Kick 2,Hip-Hop Kick 2,False,False,,False,False,False,65,VERIFIED_FROM_OFFICIAL_MANUAL_TEXT_AND_USER_COLUMN_IMAGES
SC-8820,10,9,HIP HOP,36,main_22_94,True,Hip-Hop Kick 1,Hip-Hop Kick 1,False,False,,False,False,False,65,VERIFIED_FROM_OFFICIAL_MANUAL_TEXT_AND_USER_COLUMN_IMAGES
SC-8820,10,9,HIP HOP,37,main_22_94,True,TR-808 Rim Shot,TR-808 Rim Shot,False,False,,False,False,False,65,VERIFIED_FROM_OFFICIAL_MANUAL_TEXT_AND_USER_COLUMN_IMAGES
SC-8820,10,9,HIP HOP,38,main_22_94,True,LoFi Snare 1,LoFi Snare 1,False,False,,False,False,False,65,VERIFIED_FROM_OFFICIAL_MANUAL_TEXT_AND_USER_COLUMN_IMAGES
SC-8820,10,9,HIP HOP,39,main_22_94,True,TR-707 Claps,TR-707 Claps,False,False,,False,False,False,65,VERIFIED_FROM_OFFICIAL_MANUAL_TEXT_AND_USER_COLUMN_IMAGES
SC-8820,10,9,HIP HOP,40,main_22_94,True,LoFi Snare 2,LoFi Snare 2,False,False,,False,False,False,65,VERIFIED_FROM_OFFICIAL_MANUAL_TEXT_AND_USER_COLUMN_IMAGES
SC-8820,10,9,HIP HOP,41,main_22_94,True,Jazz Low Tom 2,Jazz Low Tom 2,False,False,,False,False,False,65,VERIFIED_FROM_OFFICIAL_MANUAL_TEXT_AND_USER_COLUMN_IMAGES
SC-8820,10,9,HIP HOP,42,main_22_94,True,Room Closed Hi-Hat [EXC1],Room Closed Hi-Hat,False,False,1,False,False,False,65,VERIFIED_FROM_OFFICIAL_MANUAL_TEXT_AND_USER_COLUMN_IMAGES
SC-8820,10,9,HIP HOP,43,main_22_94,True,Jazz Low Tom 1,Jazz Low Tom 1,False,False,,False,False,False,65,VERIFIED_FROM_OFFICIAL_MANUAL_TEXT_AND_USER_COLUMN_IMAGES
SC-8820,10,9,HIP HOP,44,main_22_94,True,Pedal Hi-Hat [EXC1],Pedal Hi-Hat,False,False,1,False,False,False,65,VERIFIED_FROM_OFFICIAL_MANUAL_TEXT_AND_USER_COLUMN_IMAGES
SC-8820,10,9,HIP HOP,45,main_22_94,True,Jazz Mid Tom 2,Jazz Mid Tom 2,False,False,,False,False,False,65,VERIFIED_FROM_OFFICIAL_MANUAL_TEXT_AND_USER_COLUMN_IMAGES
SC-8820,10,9,HIP HOP,46,main_22_94,True,Room Open Hi-Hat [EXC1],Room Open Hi-Hat,False,False,1,False,False,False,65,VERIFIED_FROM_OFFICIAL_MANUAL_TEXT_AND_USER_COLUMN_IMAGES
SC-8820,10,9,HIP HOP,47,main_22_94,True,Jazz Mid Tom 1,Jazz Mid Tom 1,False,False,,False,False,False,65,VERIFIED_FROM_OFFICIAL_MANUAL_TEXT_AND_USER_COLUMN_IMAGES
SC-8820,10,9,HIP HOP,48,main_22_94,True,Jazz High Tom 2,Jazz High Tom 2,False,False,,False,False,False,65,VERIFIED_FROM_OFFICIAL_MANUAL_TEXT_AND_USER_COLUMN_IMAGES
SC-8820,10,9,HIP HOP,49,main_22_94,True,TR-909 Crash Cymbal,TR-909 Crash Cymbal,False,False,,False,False,False,65,VERIFIED_FROM_OFFICIAL_MANUAL_TEXT_AND_USER_COLUMN_IMAGES
SC-8820,10,9,HIP HOP,50,main_22_94,True,Jazz High Tom 1,Jazz High Tom 1,False,False,,False,False,False,65,VERIFIED_FROM_OFFICIAL_MANUAL_TEXT_AND_USER_COLUMN_IMAGES
SC-8820,10,9,HIP HOP,51,main_22_94,True,←,Ride Cymbal 1,True,False,,False,False,False,65,VERIFIED_FROM_OFFICIAL_MANUAL_TEXT_AND_USER_COLUMN_IMAGES
SC-8820,10,9,HIP HOP,52,main_22_94,True,Reverse Cymbal,Reverse Cymbal,False,False,,False,False,False,65,VERIFIED_FROM_OFFICIAL_MANUAL_TEXT_AND_USER_COLUMN_IMAGES
SC-8820,10,9,HIP HOP,53,main_22_94,True,Ride Bell,Ride Bell,False,False,,False,False,False,65,VERIFIED_FROM_OFFICIAL_MANUAL_TEXT_AND_USER_COLUMN_IMAGES
SC-8820,10,9,HIP HOP,54,main_22_94,True,Shake Tambourine,Shake Tambourine,False,False,,False,False,False,65,VERIFIED_FROM_OFFICIAL_MANUAL_TEXT_AND_USER_COLUMN_IMAGES
SC-8820,10,9,HIP HOP,55,main_22_94,True,←,Splash Cymbal,True,False,,False,False,False,65,VERIFIED_FROM_OFFICIAL_MANUAL_TEXT_AND_USER_COLUMN_IMAGES
SC-8820,10,9,HIP HOP,56,main_22_94,True,TR-808 Cowbell,TR-808 Cowbell,False,False,,False,False,False,65,VERIFIED_FROM_OFFICIAL_MANUAL_TEXT_AND_USER_COLUMN_IMAGES
SC-8820,10,9,HIP HOP,57,main_22_94,True,←,Crash Cymbal 2,True,False,,False,False,False,65,VERIFIED_FROM_OFFICIAL_MANUAL_TEXT_AND_USER_COLUMN_IMAGES
SC-8820,10,9,HIP HOP,58,main_22_94,True,←,Vibra-slap,True,False,,False,False,False,65,VERIFIED_FROM_OFFICIAL_MANUAL_TEXT_AND_USER_COLUMN_IMAGES
SC-8820,10,9,HIP HOP,59,main_22_94,True,←,Ride Cymbal 2,True,False,,False,False,False,65,VERIFIED_FROM_OFFICIAL_MANUAL_TEXT_AND_USER_COLUMN_IMAGES
SC-8820,10,9,HIP HOP,60,main_22_94,True,←,High Bongo,True,False,,False,False,False,65,VERIFIED_FROM_OFFICIAL_MANUAL_TEXT_AND_USER_COLUMN_IMAGES
SC-8820,10,9,HIP HOP,61,main_22_94,True,←,Low Bongo,True,False,,False,False,False,65,VERIFIED_FROM_OFFICIAL_MANUAL_TEXT_AND_USER_COLUMN_IMAGES
SC-8820,10,9,HIP HOP,62,main_22_94,True,←,Mute High Conga,True,False,,False,False,False,65,VERIFIED_FROM_OFFICIAL_MANUAL_TEXT_AND_USER_COLUMN_IMAGES
SC-8820,10,9,HIP HOP,63,main_22_94,True,←,Open High Conga,True,False,,False,False,False,65,VERIFIED_FROM_OFFICIAL_MANUAL_TEXT_AND_USER_COLUMN_IMAGES
SC-8820,10,9,HIP HOP,64,main_22_94,True,←,Low Conga,True,False,,False,False,False,65,VERIFIED_FROM_OFFICIAL_MANUAL_TEXT_AND_USER_COLUMN_IMAGES
SC-8820,10,9,HIP HOP,65,main_22_94,True,←,High Timbale,True,False,,False,False,False,65,VERIFIED_FROM_OFFICIAL_MANUAL_TEXT_AND_USER_COLUMN_IMAGES
SC-8820,10,9,HIP HOP,66,main_22_94,True,←,Low Timbale,True,False,,False,False,False,65,VERIFIED_FROM_OFFICIAL_MANUAL_TEXT_AND_USER_COLUMN_IMAGES
SC-8820,10,9,HIP HOP,67,main_22_94,True,←,High Agogo,True,False,,False,False,False,65,VERIFIED_FROM_OFFICIAL_MANUAL_TEXT_AND_USER_COLUMN_IMAGES
SC-8820,10,9,HIP HOP,68,main_22_94,True,←,Low Agogo,True,False,,False,False,False,65,VERIFIED_FROM_OFFICIAL_MANUAL_TEXT_AND_USER_COLUMN_IMAGES
SC-8820,10,9,HIP HOP,69,main_22_94,True,←,Cabasa,True,False,,False,False,False,65,VERIFIED_FROM_OFFICIAL_MANUAL_TEXT_AND_USER_COLUMN_IMAGES
SC-8820,10,9,HIP HOP,70,main_22_94,True,TR-808 Maracas,TR-808 Maracas,False,False,,False,False,False,65,VERIFIED_FROM_OFFICIAL_MANUAL_TEXT_AND_USER_COLUMN_IMAGES
SC-8820,10,9,HIP HOP,71,main_22_94,True,←,Short High Whistle,True,False,2,False,False,False,65,VERIFIED_FROM_OFFICIAL_MANUAL_TEXT_AND_USER_COLUMN_IMAGES
SC-8820,10,9,HIP HOP,72,main_22_94,True,←,Long Low Whistle,True,False,2,False,False,False,65,VERIFIED_FROM_OFFICIAL_MANUAL_TEXT_AND_USER_COLUMN_IMAGES
SC-8820,10,9,HIP HOP,73,main_22_94,True,←,Short Guiro,True,False,3,False,False,False,65,VERIFIED_FROM_OFFICIAL_MANUAL_TEXT_AND_USER_COLUMN_IMAGES
SC-8820,10,9,HIP HOP,74,main_22_94,True,CR-78 Guiro [EXC3],CR-78 Guiro,False,False,3,False,False,False,65,VERIFIED_FROM_OFFICIAL_MANUAL_TEXT_AND_USER_COLUMN_IMAGES
SC-8820,10,9,HIP HOP,75,main_22_94,True,TR-808 Claves,TR-808 Claves,False,False,,False,False,False,65,VERIFIED_FROM_OFFICIAL_MANUAL_TEXT_AND_USER_COLUMN_IMAGES
SC-8820,10,9,HIP HOP,76,main_22_94,True,←,High Wood Block,True,False,,False,False,False,65,VERIFIED_FROM_OFFICIAL_MANUAL_TEXT_AND_USER_COLUMN_IMAGES
SC-8820,10,9,HIP HOP,77,main_22_94,True,←,Low Wood Block,True,False,,False,False,False,65,VERIFIED_FROM_OFFICIAL_MANUAL_TEXT_AND_USER_COLUMN_IMAGES
SC-8820,10,9,HIP HOP,78,main_22_94,True,High Hoo [EXC4],High Hoo,False,False,4,False,False,False,65,VERIFIED_FROM_OFFICIAL_MANUAL_TEXT_AND_USER_COLUMN_IMAGES
SC-8820,10,9,HIP HOP,79,main_22_94,True,Low Hoo [EXC4],Low Hoo,False,False,4,False,False,False,65,VERIFIED_FROM_OFFICIAL_MANUAL_TEXT_AND_USER_COLUMN_IMAGES
SC-8820,10,9,HIP HOP,80,main_22_94,True,Electric Mute Triangle [EXC5],Electric Mute Triangle,False,False,5,False,False,False,65,VERIFIED_FROM_OFFICIAL_MANUAL_TEXT_AND_USER_COLUMN_IMAGES
SC-8820,10,9,HIP HOP,81,main_22_94,True,Electric Open Triangle [EXC5],Electric Open Triangle,False,False,5,False,False,False,65,VERIFIED_FROM_OFFICIAL_MANUAL_TEXT_AND_USER_COLUMN_IMAGES
SC-8820,10,9,HIP HOP,82,main_22_94,False,Shaker 2,Shaker 2,False,False,,False,False,False,65,VERIFIED_FROM_OFFICIAL_MANUAL_TEXT_AND_USER_COLUMN_IMAGES
SC-8820,10,9,HIP HOP,83,main_22_94,False,←,Jingle Bell,True,False,,False,False,False,65,VERIFIED_FROM_OFFICIAL_MANUAL_TEXT_AND_USER_COLUMN_IMAGES
SC-8820,10,9,HIP HOP,84,main_22_94,False,←,Bell Tree,True,False,,False,False,False,65,VERIFIED_FROM_OFFICIAL_MANUAL_TEXT_AND_USER_COLUMN_IMAGES
SC-8820,10,9,HIP HOP,85,main_22_94,False,←,Castanets,True,False,,False,False,False,65,VERIFIED_FROM_OFFICIAL_MANUAL_TEXT_AND_USER_COLUMN_IMAGES
SC-8820,10,9,HIP HOP,86,main_22_94,False,← [EXC6],Mute Surdo,True,False,6,False,False,False,65,VERIFIED_FROM_OFFICIAL_MANUAL_TEXT_AND_USER_COLUMN_IMAGES
SC-8820,10,9,HIP HOP,87,main_22_94,False,← [EXC6],Open Surdo,True,False,6,False,False,False,65,VERIFIED_FROM_OFFICIAL_MANUAL_TEXT_AND_USER_COLUMN_IMAGES
SC-8820,10,9,HIP HOP,88,main_22_94,False,Small Club 1 *,Small Club 1,False,False,,True,False,False,65,VERIFIED_FROM_OFFICIAL_MANUAL_TEXT_AND_USER_COLUMN_IMAGES
SC-8820,10,9,HIP HOP,89,main_22_94,False,Hip-Hop Snare 2,Hip-Hop Snare 2,False,False,,False,False,False,65,VERIFIED_FROM_OFFICIAL_MANUAL_TEXT_AND_USER_COLUMN_IMAGES
SC-8820,10,9,HIP HOP,90,main_22_94,False,LoFi Snare Rim,LoFi Snare Rim,False,False,,False,False,False,65,VERIFIED_FROM_OFFICIAL_MANUAL_TEXT_AND_USER_COLUMN_IMAGES
SC-8820,10,9,HIP HOP,91,main_22_94,False,Hip-Hop Claps,Hip-Hop Claps,False,False,,False,False,False,65,VERIFIED_FROM_OFFICIAL_MANUAL_TEXT_AND_USER_COLUMN_IMAGES
SC-8820,10,9,HIP HOP,92,main_22_94,False,Stantard 1 Snare 1,Stantard 1 Snare 1,False,False,,False,False,False,65,VERIFIED_FROM_OFFICIAL_MANUAL_TEXT_AND_USER_COLUMN_IMAGES
SC-8820,10,9,HIP HOP,93,main_22_94,False,Standard 1 Snare 2,Standard 1 Snare 2,False,False,,False,False,False,65,VERIFIED_FROM_OFFICIAL_MANUAL_TEXT_AND_USER_COLUMN_IMAGES
SC-8820,10,9,HIP HOP,94,main_22_94,False,Room Snare 1,Room Snare 1,False,False,,False,False,False,65,VERIFIED_FROM_OFFICIAL_MANUAL_TEXT_AND_USER_COLUMN_IMAGES
SC-8820,10,9,HIP HOP,95,extended_0_21_95_127,False,Room Snare 2,Room Snare 2,False,False,,False,False,False,73,VERIFIED_FROM_OFFICIAL_MANUAL_TEXT_AND_USER_COLUMN_IMAGES
SC-8820,10,9,HIP HOP,96,extended_0_21_95_127,False,Dance Snare,Dance Snare,False,False,,False,False,False,73,VERIFIED_FROM_OFFICIAL_MANUAL_TEXT_AND_USER_COLUMN_IMAGES
SC-8820,10,9,HIP HOP,97,extended_0_21_95_127,False,Techno Hit,Techno Hit,False,False,,False,False,False,73,VERIFIED_FROM_OFFICIAL_MANUAL_TEXT_AND_USER_COLUMN_IMAGES
SC-8820,10,9,HIP HOP,98,extended_0_21_95_127,False,Philly Hit *,Philly Hit,False,False,,True,False,False,73,VERIFIED_FROM_OFFICIAL_MANUAL_TEXT_AND_USER_COLUMN_IMAGES
SC-8820,10,9,HIP HOP,99,extended_0_21_95_127,False,Impact Hit *,Impact Hit,False,False,,True,False,False,73,VERIFIED_FROM_OFFICIAL_MANUAL_TEXT_AND_USER_COLUMN_IMAGES
SC-8820,10,9,HIP HOP,100,extended_0_21_95_127,False,Lo-Fi Rave *,Lo-Fi Rave,False,False,,True,False,False,73,VERIFIED_FROM_OFFICIAL_MANUAL_TEXT_AND_USER_COLUMN_IMAGES
SC-8820,10,9,HIP HOP,101,extended_0_21_95_127,False,Bam Hit,Bam Hit,False,False,,False,False,False,73,VERIFIED_FROM_OFFICIAL_MANUAL_TEXT_AND_USER_COLUMN_IMAGES
SC-8820,10,9,HIP HOP,102,extended_0_21_95_127,False,Bim Hit,Bim Hit,False,False,,False,False,False,73,VERIFIED_FROM_OFFICIAL_MANUAL_TEXT_AND_USER_COLUMN_IMAGES
SC-8820,10,9,HIP HOP,103,extended_0_21_95_127,False,Tape Rewind,Tape Rewind,False,False,,False,False,False,73,VERIFIED_FROM_OFFICIAL_MANUAL_TEXT_AND_USER_COLUMN_IMAGES
SC-8820,10,9,HIP HOP,104,extended_0_21_95_127,False,Phonograph Noise,Phonograph Noise,False,False,,False,False,False,73,VERIFIED_FROM_OFFICIAL_MANUAL_TEXT_AND_USER_COLUMN_IMAGES
SC-8820,10,9,HIP HOP,105,extended_0_21_95_127,False,Power Snare 1,Power Snare 1,False,False,,False,False,False,73,VERIFIED_FROM_OFFICIAL_MANUAL_TEXT_AND_USER_COLUMN_IMAGES
SC-8820,10,9,HIP HOP,106,extended_0_21_95_127,False,Dance Snare 1,Dance Snare 1,False,False,,False,False,False,73,VERIFIED_FROM_OFFICIAL_MANUAL_TEXT_AND_USER_COLUMN_IMAGES
SC-8820,10,9,HIP HOP,107,extended_0_21_95_127,False,Dance Snare 2,Dance Snare 2,False,False,,False,False,False,73,VERIFIED_FROM_OFFICIAL_MANUAL_TEXT_AND_USER_COLUMN_IMAGES
SC-8820,10,9,HIP HOP,108,extended_0_21_95_127,False,Disco Snare,Disco Snare,False,False,,False,False,False,73,VERIFIED_FROM_OFFICIAL_MANUAL_TEXT_AND_USER_COLUMN_IMAGES
SC-8820,10,9,HIP HOP,109,extended_0_21_95_127,False,Electric Snare 2,Electric Snare 2,False,False,,False,False,False,73,VERIFIED_FROM_OFFICIAL_MANUAL_TEXT_AND_USER_COLUMN_IMAGES
SC-8820,10,9,HIP HOP,110,extended_0_21_95_127,False,Electric Snare,Electric Snare,False,False,,False,False,False,73,VERIFIED_FROM_OFFICIAL_MANUAL_TEXT_AND_USER_COLUMN_IMAGES
SC-8820,10,9,HIP HOP,111,extended_0_21_95_127,False,Electric Snare 3 *,Electric Snare 3,False,False,,True,False,False,73,VERIFIED_FROM_OFFICIAL_MANUAL_TEXT_AND_USER_COLUMN_IMAGES
SC-8820,10,9,HIP HOP,112,extended_0_21_95_127,False,TR-606 Snare 2,TR-606 Snare 2,False,False,,False,False,False,73,VERIFIED_FROM_OFFICIAL_MANUAL_TEXT_AND_USER_COLUMN_IMAGES
SC-8820,10,9,HIP HOP,113,extended_0_21_95_127,False,TR-707 Snare 1,TR-707 Snare 1,False,False,,False,False,False,73,VERIFIED_FROM_OFFICIAL_MANUAL_TEXT_AND_USER_COLUMN_IMAGES
SC-8820,10,9,HIP HOP,114,extended_0_21_95_127,False,TR-808 Snare 2,TR-808 Snare 2,False,False,,False,False,False,73,VERIFIED_FROM_OFFICIAL_MANUAL_TEXT_AND_USER_COLUMN_IMAGES
SC-8820,10,9,HIP HOP,115,extended_0_21_95_127,False,TR-808 Snare 1 *,TR-808 Snare 1,False,False,,True,False,False,73,VERIFIED_FROM_OFFICIAL_MANUAL_TEXT_AND_USER_COLUMN_IMAGES
SC-8820,10,9,HIP HOP,116,extended_0_21_95_127,False,TR-808 Snare 2,TR-808 Snare 2,False,False,,False,False,False,73,VERIFIED_FROM_OFFICIAL_MANUAL_TEXT_AND_USER_COLUMN_IMAGES
SC-8820,10,9,HIP HOP,117,extended_0_21_95_127,False,TR-909 Snare 1,TR-909 Snare 1,False,False,,False,False,False,73,VERIFIED_FROM_OFFICIAL_MANUAL_TEXT_AND_USER_COLUMN_IMAGES
SC-8820,10,9,HIP HOP,118,extended_0_21_95_127,False,TR-909 Snare 2 *,TR-909 Snare 2,False,False,,True,False,False,73,VERIFIED_FROM_OFFICIAL_MANUAL_TEXT_AND_USER_COLUMN_IMAGES
SC-8820,10,9,HIP HOP,119,extended_0_21_95_127,False,TR-909 Snare 1,TR-909 Snare 1,False,False,,False,False,False,73,VERIFIED_FROM_OFFICIAL_MANUAL_TEXT_AND_USER_COLUMN_IMAGES
SC-8820,10,9,HIP HOP,120,extended_0_21_95_127,False,TR-909 Snare 2,TR-909 Snare 2,False,False,,False,False,False,73,VERIFIED_FROM_OFFICIAL_MANUAL_TEXT_AND_USER_COLUMN_IMAGES
SC-8820,10,9,HIP HOP,121,extended_0_21_95_127,False,Rap Snare,Rap Snare,False,False,,False,False,False,73,VERIFIED_FROM_OFFICIAL_MANUAL_TEXT_AND_USER_COLUMN_IMAGES
SC-8820,10,9,HIP HOP,122,extended_0_21_95_127,False,Jungle Snare,Jungle Snare,False,False,,False,False,False,73,VERIFIED_FROM_OFFICIAL_MANUAL_TEXT_AND_USER_COLUMN_IMAGES
SC-8820,10,9,HIP HOP,123,extended_0_21_95_127,False,House Snare 1,House Snare 1,False,False,,False,False,False,73,VERIFIED_FROM_OFFICIAL_MANUAL_TEXT_AND_USER_COLUMN_IMAGES
SC-8820,10,9,HIP HOP,124,extended_0_21_95_127,False,House Snare *,House Snare,False,False,,True,False,False,73,VERIFIED_FROM_OFFICIAL_MANUAL_TEXT_AND_USER_COLUMN_IMAGES
SC-8820,10,9,HIP HOP,125,extended_0_21_95_127,False,House Snare 2,House Snare 2,False,False,,False,False,False,73,VERIFIED_FROM_OFFICIAL_MANUAL_TEXT_AND_USER_COLUMN_IMAGES
SC-8820,10,9,HIP HOP,126,extended_0_21_95_127,False,Voice Tah,Voice Tah,False,False,,False,False,False,73,VERIFIED_FROM_OFFICIAL_MANUAL_TEXT_AND_USER_COLUMN_IMAGES
SC-8820,10,9,HIP HOP,127,extended_0_21_95_127,False,Slappy *,Slappy,False,False,,True,False,False,73,VERIFIED_FROM_OFFICIAL_MANUAL_TEXT_AND_USER_COLUMN_IMAGES
SC-8820,11,10,JUNGLE,0,extended_0_21_95_127,False,Electric Kick 2,Electric Kick 2,False,False,,False,False,False,74,VERIFIED_FROM_OFFICIAL_MANUAL_TEXT_AND_USER_COLUMN_IMAGES
SC-8820,11,10,JUNGLE,1,extended_0_21_95_127,False,Electric Kick 1 *,Electric Kick 1,False,False,,True,False,False,74,VERIFIED_FROM_OFFICIAL_MANUAL_TEXT_AND_USER_COLUMN_IMAGES
SC-8820,11,10,JUNGLE,2,extended_0_21_95_127,False,CR-78 Kick 1,CR-78 Kick 1,False,False,,False,False,False,74,VERIFIED_FROM_OFFICIAL_MANUAL_TEXT_AND_USER_COLUMN_IMAGES
SC-8820,11,10,JUNGLE,3,extended_0_21_95_127,False,CR-78 Kick 2,CR-78 Kick 2,False,False,,False,False,False,74,VERIFIED_FROM_OFFICIAL_MANUAL_TEXT_AND_USER_COLUMN_IMAGES
SC-8820,11,10,JUNGLE,4,extended_0_21_95_127,False,TR-606 Kick1,TR-606 Kick1,False,False,,False,False,False,74,VERIFIED_FROM_OFFICIAL_MANUAL_TEXT_AND_USER_COLUMN_IMAGES
SC-8820,11,10,JUNGLE,5,extended_0_21_95_127,False,TR-707 Kick 1,TR-707 Kick 1,False,False,,False,False,False,74,VERIFIED_FROM_OFFICIAL_MANUAL_TEXT_AND_USER_COLUMN_IMAGES
SC-8820,11,10,JUNGLE,6,extended_0_21_95_127,False,TR-808 Kick,TR-808 Kick,False,False,,False,False,False,74,VERIFIED_FROM_OFFICIAL_MANUAL_TEXT_AND_USER_COLUMN_IMAGES
SC-8820,11,10,JUNGLE,7,extended_0_21_95_127,False,TR-808 Kick,TR-808 Kick,False,False,,False,False,False,74,VERIFIED_FROM_OFFICIAL_MANUAL_TEXT_AND_USER_COLUMN_IMAGES
SC-8820,11,10,JUNGLE,8,extended_0_21_95_127,False,TR-808 Kick 2,TR-808 Kick 2,False,False,,False,False,False,74,VERIFIED_FROM_OFFICIAL_MANUAL_TEXT_AND_USER_COLUMN_IMAGES
SC-8820,11,10,JUNGLE,9,extended_0_21_95_127,False,TR-909 Kick,TR-909 Kick,False,False,,False,False,False,74,VERIFIED_FROM_OFFICIAL_MANUAL_TEXT_AND_USER_COLUMN_IMAGES
SC-8820,11,10,JUNGLE,10,extended_0_21_95_127,False,Dance Kick,Dance Kick,False,False,,False,False,False,74,VERIFIED_FROM_OFFICIAL_MANUAL_TEXT_AND_USER_COLUMN_IMAGES
SC-8820,11,10,JUNGLE,11,extended_0_21_95_127,False,Hip-Hop Kick 2,Hip-Hop Kick 2,False,False,,False,False,False,74,VERIFIED_FROM_OFFICIAL_MANUAL_TEXT_AND_USER_COLUMN_IMAGES
SC-8820,11,10,JUNGLE,12,extended_0_21_95_127,False,TR-909 Kick 1 *,TR-909 Kick 1,False,False,,True,False,False,74,VERIFIED_FROM_OFFICIAL_MANUAL_TEXT_AND_USER_COLUMN_IMAGES
SC-8820,11,10,JUNGLE,13,extended_0_21_95_127,False,Hip-Hop Kick 3,Hip-Hop Kick 3,False,False,,False,False,False,74,VERIFIED_FROM_OFFICIAL_MANUAL_TEXT_AND_USER_COLUMN_IMAGES
SC-8820,11,10,JUNGLE,14,extended_0_21_95_127,False,Jungle Kick 1,Jungle Kick 1,False,False,,False,False,False,74,VERIFIED_FROM_OFFICIAL_MANUAL_TEXT_AND_USER_COLUMN_IMAGES
SC-8820,11,10,JUNGLE,15,extended_0_21_95_127,False,Techno Kick 1,Techno Kick 1,False,False,,False,False,False,74,VERIFIED_FROM_OFFICIAL_MANUAL_TEXT_AND_USER_COLUMN_IMAGES
SC-8820,11,10,JUNGLE,16,extended_0_21_95_127,False,Bounce Kick,Bounce Kick,False,False,,False,False,False,74,VERIFIED_FROM_OFFICIAL_MANUAL_TEXT_AND_USER_COLUMN_IMAGES
SC-8820,11,10,JUNGLE,17,extended_0_21_95_127,False,←,Voice One,True,False,,False,False,False,74,VERIFIED_FROM_OFFICIAL_MANUAL_TEXT_AND_USER_COLUMN_IMAGES
SC-8820,11,10,JUNGLE,18,extended_0_21_95_127,False,←,Voice Two,True,False,,False,False,False,74,VERIFIED_FROM_OFFICIAL_MANUAL_TEXT_AND_USER_COLUMN_IMAGES
SC-8820,11,10,JUNGLE,19,extended_0_21_95_127,False,←,Voice Three,True,False,,False,False,False,74,VERIFIED_FROM_OFFICIAL_MANUAL_TEXT_AND_USER_COLUMN_IMAGES
SC-8820,11,10,JUNGLE,20,extended_0_21_95_127,False,HipHop Kick 2,HipHop Kick 2,False,False,,False,False,False,74,VERIFIED_FROM_OFFICIAL_MANUAL_TEXT_AND_USER_COLUMN_IMAGES
SC-8820,11,10,JUNGLE,21,extended_0_21_95_127,False,HipHop Kick 1,HipHop Kick 1,False,False,,False,False,False,74,VERIFIED_FROM_OFFICIAL_MANUAL_TEXT_AND_USER_COLUMN_IMAGES
SC-8820,11,10,JUNGLE,22,main_22_94,False,←,MC-500 Beep 1,True,False,,False,False,False,66,VERIFIED_FROM_OFFICIAL_MANUAL_TEXT_AND_USER_COLUMN_IMAGES
SC-8820,11,10,JUNGLE,23,main_22_94,False,←,MC-500 Beep 2,True,False,,False,False,False,66,VERIFIED_FROM_OFFICIAL_MANUAL_TEXT_AND_USER_COLUMN_IMAGES
SC-8820,11,10,JUNGLE,24,main_22_94,False,←,Concert SD,True,False,,False,False,False,66,VERIFIED_FROM_OFFICIAL_MANUAL_TEXT_AND_USER_COLUMN_IMAGES
SC-8820,11,10,JUNGLE,25,main_22_94,False,←,Snare Roll,True,False,,False,False,False,66,VERIFIED_FROM_OFFICIAL_MANUAL_TEXT_AND_USER_COLUMN_IMAGES
SC-8820,11,10,JUNGLE,26,main_22_94,False,←,Finger Snap 2,True,False,,False,False,False,66,VERIFIED_FROM_OFFICIAL_MANUAL_TEXT_AND_USER_COLUMN_IMAGES
SC-8820,11,10,JUNGLE,27,main_22_94,False,←,High Q,True,False,,False,False,False,66,VERIFIED_FROM_OFFICIAL_MANUAL_TEXT_AND_USER_COLUMN_IMAGES
SC-8820,11,10,JUNGLE,28,main_22_94,False,←,Slap,True,False,,False,False,False,66,VERIFIED_FROM_OFFICIAL_MANUAL_TEXT_AND_USER_COLUMN_IMAGES
SC-8820,11,10,JUNGLE,29,main_22_94,False,Scratch Push 2 [EXC7],Scratch Push 2,False,False,7,False,False,False,66,VERIFIED_FROM_OFFICIAL_MANUAL_TEXT_AND_USER_COLUMN_IMAGES
SC-8820,11,10,JUNGLE,30,main_22_94,False,Scratch Pull 2 [EXC7],Scratch Pull 2,False,False,7,False,False,False,66,VERIFIED_FROM_OFFICIAL_MANUAL_TEXT_AND_USER_COLUMN_IMAGES
SC-8820,11,10,JUNGLE,31,main_22_94,False,←,Sticks,True,False,,False,False,False,66,VERIFIED_FROM_OFFICIAL_MANUAL_TEXT_AND_USER_COLUMN_IMAGES
SC-8820,11,10,JUNGLE,32,main_22_94,False,←,Square Click,True,False,,False,False,False,66,VERIFIED_FROM_OFFICIAL_MANUAL_TEXT_AND_USER_COLUMN_IMAGES
SC-8820,11,10,JUNGLE,33,main_22_94,False,←,Metronome Click,True,False,,False,False,False,66,VERIFIED_FROM_OFFICIAL_MANUAL_TEXT_AND_USER_COLUMN_IMAGES
SC-8820,11,10,JUNGLE,34,main_22_94,False,←,Metronome Bell,True,False,,False,False,False,66,VERIFIED_FROM_OFFICIAL_MANUAL_TEXT_AND_USER_COLUMN_IMAGES
SC-8820,11,10,JUNGLE,35,main_22_94,True,Jungle Kick 2,Jungle Kick 2,False,False,,False,False,False,66,VERIFIED_FROM_OFFICIAL_MANUAL_TEXT_AND_USER_COLUMN_IMAGES
SC-8820,11,10,JUNGLE,36,main_22_94,True,Jungle Kick 1,Jungle Kick 1,False,False,,False,False,False,66,VERIFIED_FROM_OFFICIAL_MANUAL_TEXT_AND_USER_COLUMN_IMAGES
SC-8820,11,10,JUNGLE,37,main_22_94,True,Jungle Snare Rim,Jungle Snare Rim,False,False,,False,False,False,66,VERIFIED_FROM_OFFICIAL_MANUAL_TEXT_AND_USER_COLUMN_IMAGES
SC-8820,11,10,JUNGLE,38,main_22_94,True,HipHop Snare 1,HipHop Snare 1,False,False,,False,False,False,66,VERIFIED_FROM_OFFICIAL_MANUAL_TEXT_AND_USER_COLUMN_IMAGES
SC-8820,11,10,JUNGLE,39,main_22_94,True,R&B Claps,R&B Claps,False,False,,False,False,False,66,VERIFIED_FROM_OFFICIAL_MANUAL_TEXT_AND_USER_COLUMN_IMAGES
SC-8820,11,10,JUNGLE,40,main_22_94,True,Jungle Snare,Jungle Snare,False,False,,False,False,False,66,VERIFIED_FROM_OFFICIAL_MANUAL_TEXT_AND_USER_COLUMN_IMAGES
SC-8820,11,10,JUNGLE,41,main_22_94,True,TR-909 Low Tom 2,TR-909 Low Tom 2,False,False,,False,False,False,66,VERIFIED_FROM_OFFICIAL_MANUAL_TEXT_AND_USER_COLUMN_IMAGES
SC-8820,11,10,JUNGLE,42,main_22_94,True,TR-606 Closed Hi-Hat [EXC1],TR-606 Closed Hi-Hat,False,False,1,False,False,False,66,VERIFIED_FROM_OFFICIAL_MANUAL_TEXT_AND_USER_COLUMN_IMAGES
SC-8820,11,10,JUNGLE,43,main_22_94,True,TR-909 Low Tom 1,TR-909 Low Tom 1,False,False,,False,False,False,66,VERIFIED_FROM_OFFICIAL_MANUAL_TEXT_AND_USER_COLUMN_IMAGES
SC-8820,11,10,JUNGLE,44,main_22_94,True,Jungle Hi-Hat [EXC1],Jungle Hi-Hat,False,False,1,False,False,False,66,VERIFIED_FROM_OFFICIAL_MANUAL_TEXT_AND_USER_COLUMN_IMAGES
SC-8820,11,10,JUNGLE,45,main_22_94,True,TR-909 Mid Tom 2,TR-909 Mid Tom 2,False,False,,False,False,False,66,VERIFIED_FROM_OFFICIAL_MANUAL_TEXT_AND_USER_COLUMN_IMAGES
SC-8820,11,10,JUNGLE,46,main_22_94,True,TR-606 Open Hi-Hat [EXC1],TR-606 Open Hi-Hat,False,False,1,False,False,False,66,VERIFIED_FROM_OFFICIAL_MANUAL_TEXT_AND_USER_COLUMN_IMAGES
SC-8820,11,10,JUNGLE,47,main_22_94,True,TR-909 Mid Tom 1,TR-909 Mid Tom 1,False,False,,False,False,False,66,VERIFIED_FROM_OFFICIAL_MANUAL_TEXT_AND_USER_COLUMN_IMAGES
SC-8820,11,10,JUNGLE,48,main_22_94,True,TR-909 High Tom 2,TR-909 High Tom 2,False,False,,False,False,False,66,VERIFIED_FROM_OFFICIAL_MANUAL_TEXT_AND_USER_COLUMN_IMAGES
SC-8820,11,10,JUNGLE,49,main_22_94,True,Jungle Crash,Jungle Crash,False,False,,False,False,False,66,VERIFIED_FROM_OFFICIAL_MANUAL_TEXT_AND_USER_COLUMN_IMAGES
SC-8820,11,10,JUNGLE,50,main_22_94,True,TR-909 High Tom 1,TR-909 High Tom 1,False,False,,False,False,False,66,VERIFIED_FROM_OFFICIAL_MANUAL_TEXT_AND_USER_COLUMN_IMAGES
SC-8820,11,10,JUNGLE,51,main_22_94,True,Ride Cymbal 1,Ride Cymbal 1,False,False,,False,False,False,66,VERIFIED_FROM_OFFICIAL_MANUAL_TEXT_AND_USER_COLUMN_IMAGES
SC-8820,11,10,JUNGLE,52,main_22_94,True,Reverse Cymbal,Reverse Cymbal,False,False,,False,False,False,66,VERIFIED_FROM_OFFICIAL_MANUAL_TEXT_AND_USER_COLUMN_IMAGES
SC-8820,11,10,JUNGLE,53,main_22_94,True,Ride Bell,Ride Bell,False,False,,False,False,False,66,VERIFIED_FROM_OFFICIAL_MANUAL_TEXT_AND_USER_COLUMN_IMAGES
SC-8820,11,10,JUNGLE,54,main_22_94,True,Shake Tambourine,Shake Tambourine,False,False,,False,False,False,66,VERIFIED_FROM_OFFICIAL_MANUAL_TEXT_AND_USER_COLUMN_IMAGES
SC-8820,11,10,JUNGLE,55,main_22_94,True,←,Splash Cymbal,True,False,,False,False,False,66,VERIFIED_FROM_OFFICIAL_MANUAL_TEXT_AND_USER_COLUMN_IMAGES
SC-8820,11,10,JUNGLE,56,main_22_94,True,TR-808 Cowbell,TR-808 Cowbell,False,False,,False,False,False,66,VERIFIED_FROM_OFFICIAL_MANUAL_TEXT_AND_USER_COLUMN_IMAGES
SC-8820,11,10,JUNGLE,57,main_22_94,True,←,Crash Cymbal 2,True,False,,False,False,False,66,VERIFIED_FROM_OFFICIAL_MANUAL_TEXT_AND_USER_COLUMN_IMAGES
SC-8820,11,10,JUNGLE,58,main_22_94,True,←,Vibra-slap,True,False,,False,False,False,66,VERIFIED_FROM_OFFICIAL_MANUAL_TEXT_AND_USER_COLUMN_IMAGES
SC-8820,11,10,JUNGLE,59,main_22_94,True,←,Ride Cymbal 2,True,False,,False,False,False,66,VERIFIED_FROM_OFFICIAL_MANUAL_TEXT_AND_USER_COLUMN_IMAGES
SC-8820,11,10,JUNGLE,60,main_22_94,True,←,High Bongo,True,False,,False,False,False,66,VERIFIED_FROM_OFFICIAL_MANUAL_TEXT_AND_USER_COLUMN_IMAGES
SC-8820,11,10,JUNGLE,61,main_22_94,True,←,Low Bongo,True,False,,False,False,False,66,VERIFIED_FROM_OFFICIAL_MANUAL_TEXT_AND_USER_COLUMN_IMAGES
SC-8820,11,10,JUNGLE,62,main_22_94,True,←,Mute High Conga,True,False,,False,False,False,66,VERIFIED_FROM_OFFICIAL_MANUAL_TEXT_AND_USER_COLUMN_IMAGES
SC-8820,11,10,JUNGLE,63,main_22_94,True,←,Open High Conga,True,False,,False,False,False,66,VERIFIED_FROM_OFFICIAL_MANUAL_TEXT_AND_USER_COLUMN_IMAGES
SC-8820,11,10,JUNGLE,64,main_22_94,True,←,Low Conga,True,False,,False,False,False,66,VERIFIED_FROM_OFFICIAL_MANUAL_TEXT_AND_USER_COLUMN_IMAGES
SC-8820,11,10,JUNGLE,65,main_22_94,True,←,High Timbale,True,False,,False,False,False,66,VERIFIED_FROM_OFFICIAL_MANUAL_TEXT_AND_USER_COLUMN_IMAGES
SC-8820,11,10,JUNGLE,66,main_22_94,True,←,Low Timbale,True,False,,False,False,False,66,VERIFIED_FROM_OFFICIAL_MANUAL_TEXT_AND_USER_COLUMN_IMAGES
SC-8820,11,10,JUNGLE,67,main_22_94,True,←,High Agogo,True,False,,False,False,False,66,VERIFIED_FROM_OFFICIAL_MANUAL_TEXT_AND_USER_COLUMN_IMAGES
SC-8820,11,10,JUNGLE,68,main_22_94,True,←,Low Agogo,True,False,,False,False,False,66,VERIFIED_FROM_OFFICIAL_MANUAL_TEXT_AND_USER_COLUMN_IMAGES
SC-8820,11,10,JUNGLE,69,main_22_94,True,←,Cabasa,True,False,,False,False,False,66,VERIFIED_FROM_OFFICIAL_MANUAL_TEXT_AND_USER_COLUMN_IMAGES
SC-8820,11,10,JUNGLE,70,main_22_94,True,TR-808 Maracas,TR-808 Maracas,False,False,,False,False,False,66,VERIFIED_FROM_OFFICIAL_MANUAL_TEXT_AND_USER_COLUMN_IMAGES
SC-8820,11,10,JUNGLE,71,main_22_94,True,←,Short High Whistle,True,False,2,False,False,False,66,VERIFIED_FROM_OFFICIAL_MANUAL_TEXT_AND_USER_COLUMN_IMAGES
SC-8820,11,10,JUNGLE,72,main_22_94,True,←,Long Low Whistle,True,False,2,False,False,False,66,VERIFIED_FROM_OFFICIAL_MANUAL_TEXT_AND_USER_COLUMN_IMAGES
SC-8820,11,10,JUNGLE,73,main_22_94,True,←,Short Guiro,True,False,3,False,False,False,66,VERIFIED_FROM_OFFICIAL_MANUAL_TEXT_AND_USER_COLUMN_IMAGES
SC-8820,11,10,JUNGLE,74,main_22_94,True,CR-78 Guiro [EXC3],CR-78 Guiro,False,False,3,False,False,False,66,VERIFIED_FROM_OFFICIAL_MANUAL_TEXT_AND_USER_COLUMN_IMAGES
SC-8820,11,10,JUNGLE,75,main_22_94,True,TR-808 Claves,TR-808 Claves,False,False,,False,False,False,66,VERIFIED_FROM_OFFICIAL_MANUAL_TEXT_AND_USER_COLUMN_IMAGES
SC-8820,11,10,JUNGLE,76,main_22_94,True,←,High Wood Block,True,False,,False,False,False,66,VERIFIED_FROM_OFFICIAL_MANUAL_TEXT_AND_USER_COLUMN_IMAGES
SC-8820,11,10,JUNGLE,77,main_22_94,True,←,Low Wood Block,True,False,,False,False,False,66,VERIFIED_FROM_OFFICIAL_MANUAL_TEXT_AND_USER_COLUMN_IMAGES
SC-8820,11,10,JUNGLE,78,main_22_94,True,High Hoo [EXC4],High Hoo,False,False,4,False,False,False,66,VERIFIED_FROM_OFFICIAL_MANUAL_TEXT_AND_USER_COLUMN_IMAGES
SC-8820,11,10,JUNGLE,79,main_22_94,True,Low Hoo [EXC4],Low Hoo,False,False,4,False,False,False,66,VERIFIED_FROM_OFFICIAL_MANUAL_TEXT_AND_USER_COLUMN_IMAGES
SC-8820,11,10,JUNGLE,80,main_22_94,True,Electric Mute Triangle [EXC5],Electric Mute Triangle,False,False,5,False,False,False,66,VERIFIED_FROM_OFFICIAL_MANUAL_TEXT_AND_USER_COLUMN_IMAGES
SC-8820,11,10,JUNGLE,81,main_22_94,True,Electric Open Triangle [EXC5],Electric Open Triangle,False,False,5,False,False,False,66,VERIFIED_FROM_OFFICIAL_MANUAL_TEXT_AND_USER_COLUMN_IMAGES
SC-8820,11,10,JUNGLE,82,main_22_94,False,Jungle Shaker,Jungle Shaker,False,False,,False,False,False,66,VERIFIED_FROM_OFFICIAL_MANUAL_TEXT_AND_USER_COLUMN_IMAGES
SC-8820,11,10,JUNGLE,83,main_22_94,False,←,Jingle Bell,True,False,,False,False,False,66,VERIFIED_FROM_OFFICIAL_MANUAL_TEXT_AND_USER_COLUMN_IMAGES
SC-8820,11,10,JUNGLE,84,main_22_94,False,←,Bell Tree,True,False,,False,False,False,66,VERIFIED_FROM_OFFICIAL_MANUAL_TEXT_AND_USER_COLUMN_IMAGES
SC-8820,11,10,JUNGLE,85,main_22_94,False,←,Castanets,True,False,,False,False,False,66,VERIFIED_FROM_OFFICIAL_MANUAL_TEXT_AND_USER_COLUMN_IMAGES
SC-8820,11,10,JUNGLE,86,main_22_94,False,←,Mute Surdo,True,False,6,False,False,False,66,VERIFIED_FROM_OFFICIAL_MANUAL_TEXT_AND_USER_COLUMN_IMAGES
SC-8820,11,10,JUNGLE,87,main_22_94,False,←,Open Surdo,True,False,6,False,False,False,66,VERIFIED_FROM_OFFICIAL_MANUAL_TEXT_AND_USER_COLUMN_IMAGES
SC-8820,11,10,JUNGLE,88,main_22_94,False,Small Club 1 *,Small Club 1,False,False,,True,False,False,66,VERIFIED_FROM_OFFICIAL_MANUAL_TEXT_AND_USER_COLUMN_IMAGES
SC-8820,11,10,JUNGLE,89,main_22_94,False,Jungle Kick Roll,Jungle Kick Roll,False,False,,False,False,False,66,VERIFIED_FROM_OFFICIAL_MANUAL_TEXT_AND_USER_COLUMN_IMAGES
SC-8820,11,10,JUNGLE,90,main_22_94,False,Jungle Snare Roll,Jungle Snare Roll,False,False,,False,False,False,66,VERIFIED_FROM_OFFICIAL_MANUAL_TEXT_AND_USER_COLUMN_IMAGES
SC-8820,11,10,JUNGLE,91,main_22_94,False,TR-606 Snare 2,TR-606 Snare 2,False,False,,False,False,False,66,VERIFIED_FROM_OFFICIAL_MANUAL_TEXT_AND_USER_COLUMN_IMAGES
SC-8820,11,10,JUNGLE,92,main_22_94,False,Dance Snare,Dance Snare,False,False,,False,False,False,66,VERIFIED_FROM_OFFICIAL_MANUAL_TEXT_AND_USER_COLUMN_IMAGES
SC-8820,11,10,JUNGLE,93,main_22_94,False,Techno Snare,Techno Snare,False,False,,False,False,False,66,VERIFIED_FROM_OFFICIAL_MANUAL_TEXT_AND_USER_COLUMN_IMAGES
SC-8820,11,10,JUNGLE,94,main_22_94,False,House Snare,House Snare,False,False,,False,False,False,66,VERIFIED_FROM_OFFICIAL_MANUAL_TEXT_AND_USER_COLUMN_IMAGES
SC-8820,11,10,JUNGLE,95,extended_0_21_95_127,False,Rock Snare Dry,Rock Snare Dry,False,False,,False,False,False,74,VERIFIED_FROM_OFFICIAL_MANUAL_TEXT_AND_USER_COLUMN_IMAGES
SC-8820,11,10,JUNGLE,96,extended_0_21_95_127,False,LoFi Snare 1,LoFi Snare 1,False,False,,False,False,False,74,VERIFIED_FROM_OFFICIAL_MANUAL_TEXT_AND_USER_COLUMN_IMAGES
SC-8820,11,10,JUNGLE,97,extended_0_21_95_127,False,Techno Hit,Techno Hit,False,False,,False,False,False,74,VERIFIED_FROM_OFFICIAL_MANUAL_TEXT_AND_USER_COLUMN_IMAGES
SC-8820,11,10,JUNGLE,98,extended_0_21_95_127,False,Philly Hit *,Philly Hit,False,False,,True,False,False,74,VERIFIED_FROM_OFFICIAL_MANUAL_TEXT_AND_USER_COLUMN_IMAGES
SC-8820,11,10,JUNGLE,99,extended_0_21_95_127,False,Impact Hit *,Impact Hit,False,False,,True,False,False,74,VERIFIED_FROM_OFFICIAL_MANUAL_TEXT_AND_USER_COLUMN_IMAGES
SC-8820,11,10,JUNGLE,100,extended_0_21_95_127,False,Lo-Fi Rave *,Lo-Fi Rave,False,False,,True,False,False,74,VERIFIED_FROM_OFFICIAL_MANUAL_TEXT_AND_USER_COLUMN_IMAGES
SC-8820,11,10,JUNGLE,101,extended_0_21_95_127,False,Bam Hit,Bam Hit,False,False,,False,False,False,74,VERIFIED_FROM_OFFICIAL_MANUAL_TEXT_AND_USER_COLUMN_IMAGES
SC-8820,11,10,JUNGLE,102,extended_0_21_95_127,False,Bim Hit,Bim Hit,False,False,,False,False,False,74,VERIFIED_FROM_OFFICIAL_MANUAL_TEXT_AND_USER_COLUMN_IMAGES
SC-8820,11,10,JUNGLE,103,extended_0_21_95_127,False,Tape Rewind,Tape Rewind,False,False,,False,False,False,74,VERIFIED_FROM_OFFICIAL_MANUAL_TEXT_AND_USER_COLUMN_IMAGES
SC-8820,11,10,JUNGLE,104,extended_0_21_95_127,False,Phonograph Noise,Phonograph Noise,False,False,,False,False,False,74,VERIFIED_FROM_OFFICIAL_MANUAL_TEXT_AND_USER_COLUMN_IMAGES
SC-8820,11,10,JUNGLE,105,extended_0_21_95_127,False,Power Snare 1,Power Snare 1,False,False,,False,False,False,74,VERIFIED_FROM_OFFICIAL_MANUAL_TEXT_AND_USER_COLUMN_IMAGES
SC-8820,11,10,JUNGLE,106,extended_0_21_95_127,False,Dance Snare 1,Dance Snare 1,False,False,,False,False,False,74,VERIFIED_FROM_OFFICIAL_MANUAL_TEXT_AND_USER_COLUMN_IMAGES
SC-8820,11,10,JUNGLE,107,extended_0_21_95_127,False,Dance Snare 2,Dance Snare 2,False,False,,False,False,False,74,VERIFIED_FROM_OFFICIAL_MANUAL_TEXT_AND_USER_COLUMN_IMAGES
SC-8820,11,10,JUNGLE,108,extended_0_21_95_127,False,Disco Snare,Disco Snare,False,False,,False,False,False,74,VERIFIED_FROM_OFFICIAL_MANUAL_TEXT_AND_USER_COLUMN_IMAGES
SC-8820,11,10,JUNGLE,109,extended_0_21_95_127,False,Electric Snare 2,Electric Snare 2,False,False,,False,False,False,74,VERIFIED_FROM_OFFICIAL_MANUAL_TEXT_AND_USER_COLUMN_IMAGES
SC-8820,11,10,JUNGLE,110,extended_0_21_95_127,False,Electric Snare,Electric Snare,False,False,,False,False,False,74,VERIFIED_FROM_OFFICIAL_MANUAL_TEXT_AND_USER_COLUMN_IMAGES
SC-8820,11,10,JUNGLE,111,extended_0_21_95_127,False,Electric Snare 3 *,Electric Snare 3,False,False,,True,False,False,74,VERIFIED_FROM_OFFICIAL_MANUAL_TEXT_AND_USER_COLUMN_IMAGES
SC-8820,11,10,JUNGLE,112,extended_0_21_95_127,False,TR-606 Snare 2,TR-606 Snare 2,False,False,,False,False,False,74,VERIFIED_FROM_OFFICIAL_MANUAL_TEXT_AND_USER_COLUMN_IMAGES
SC-8820,11,10,JUNGLE,113,extended_0_21_95_127,False,TR-707 Snare 1,TR-707 Snare 1,False,False,,False,False,False,74,VERIFIED_FROM_OFFICIAL_MANUAL_TEXT_AND_USER_COLUMN_IMAGES
SC-8820,11,10,JUNGLE,114,extended_0_21_95_127,False,TR-808 Snare 2,TR-808 Snare 2,False,False,,False,False,False,74,VERIFIED_FROM_OFFICIAL_MANUAL_TEXT_AND_USER_COLUMN_IMAGES
SC-8820,11,10,JUNGLE,115,extended_0_21_95_127,False,TR-808 Snare 1 *,TR-808 Snare 1,False,False,,True,False,False,74,VERIFIED_FROM_OFFICIAL_MANUAL_TEXT_AND_USER_COLUMN_IMAGES
SC-8820,11,10,JUNGLE,116,extended_0_21_95_127,False,TR-808 Snare 2,TR-808 Snare 2,False,False,,False,False,False,74,VERIFIED_FROM_OFFICIAL_MANUAL_TEXT_AND_USER_COLUMN_IMAGES
SC-8820,11,10,JUNGLE,117,extended_0_21_95_127,False,TR-909 Snare 1,TR-909 Snare 1,False,False,,False,False,False,74,VERIFIED_FROM_OFFICIAL_MANUAL_TEXT_AND_USER_COLUMN_IMAGES
SC-8820,11,10,JUNGLE,118,extended_0_21_95_127,False,TR-909 Snare 2 *,TR-909 Snare 2,False,False,,True,False,False,74,VERIFIED_FROM_OFFICIAL_MANUAL_TEXT_AND_USER_COLUMN_IMAGES
SC-8820,11,10,JUNGLE,119,extended_0_21_95_127,False,TR-909 Snare 1,TR-909 Snare 1,False,False,,False,False,False,74,VERIFIED_FROM_OFFICIAL_MANUAL_TEXT_AND_USER_COLUMN_IMAGES
SC-8820,11,10,JUNGLE,120,extended_0_21_95_127,False,TR-909 Snare 2,TR-909 Snare 2,False,False,,False,False,False,74,VERIFIED_FROM_OFFICIAL_MANUAL_TEXT_AND_USER_COLUMN_IMAGES
SC-8820,11,10,JUNGLE,121,extended_0_21_95_127,False,Rap Snare,Rap Snare,False,False,,False,False,False,74,VERIFIED_FROM_OFFICIAL_MANUAL_TEXT_AND_USER_COLUMN_IMAGES
SC-8820,11,10,JUNGLE,122,extended_0_21_95_127,False,Jungle Snare,Jungle Snare,False,False,,False,False,False,74,VERIFIED_FROM_OFFICIAL_MANUAL_TEXT_AND_USER_COLUMN_IMAGES
SC-8820,11,10,JUNGLE,123,extended_0_21_95_127,False,House Snare 1,House Snare 1,False,False,,False,False,False,74,VERIFIED_FROM_OFFICIAL_MANUAL_TEXT_AND_USER_COLUMN_IMAGES
SC-8820,11,10,JUNGLE,124,extended_0_21_95_127,False,House Snare *,House Snare,False,False,,True,False,False,74,VERIFIED_FROM_OFFICIAL_MANUAL_TEXT_AND_USER_COLUMN_IMAGES
SC-8820,11,10,JUNGLE,125,extended_0_21_95_127,False,House Snare 2,House Snare 2,False,False,,False,False,False,74,VERIFIED_FROM_OFFICIAL_MANUAL_TEXT_AND_USER_COLUMN_IMAGES
SC-8820,11,10,JUNGLE,126,extended_0_21_95_127,False,Voice Tah,Voice Tah,False,False,,False,False,False,74,VERIFIED_FROM_OFFICIAL_MANUAL_TEXT_AND_USER_COLUMN_IMAGES
SC-8820,11,10,JUNGLE,127,extended_0_21_95_127,False,Slappy *,Slappy,False,False,,True,False,False,74,VERIFIED_FROM_OFFICIAL_MANUAL_TEXT_AND_USER_COLUMN_IMAGES
SC-8820,17,16,POWER,0,extended_0_21_95_127,False,<-,Standard 1 Kick 1,True,False,,False,False,False,73,VERIFIED_FROM_OFFICIAL_MANUAL_VISUAL_QC
SC-8820,17,16,POWER,1,extended_0_21_95_127,False,<-,Standard 1 Kick 2,True,False,,False,False,False,73,VERIFIED_FROM_OFFICIAL_MANUAL_VISUAL_QC
SC-8820,17,16,POWER,2,extended_0_21_95_127,False,<-,Standard 2 Kick 1,True,False,,False,False,False,73,VERIFIED_FROM_OFFICIAL_MANUAL_VISUAL_QC
SC-8820,17,16,POWER,3,extended_0_21_95_127,False,<-,Standard 2 Kick 2,True,False,,False,False,False,73,VERIFIED_FROM_OFFICIAL_MANUAL_VISUAL_QC
SC-8820,17,16,POWER,4,extended_0_21_95_127,False,<-,Kick Drum 1,True,False,,False,False,False,73,VERIFIED_FROM_OFFICIAL_MANUAL_VISUAL_QC
SC-8820,17,16,POWER,5,extended_0_21_95_127,False,<-,Kick Drum 2,True,False,,False,False,False,73,VERIFIED_FROM_OFFICIAL_MANUAL_VISUAL_QC
SC-8820,17,16,POWER,6,extended_0_21_95_127,False,<-,Jazz Kick 1,True,False,,False,False,False,73,VERIFIED_FROM_OFFICIAL_MANUAL_VISUAL_QC
SC-8820,17,16,POWER,7,extended_0_21_95_127,False,<-,Jazz Kick 2,True,False,,False,False,False,73,VERIFIED_FROM_OFFICIAL_MANUAL_VISUAL_QC
SC-8820,17,16,POWER,8,extended_0_21_95_127,False,<-,Room Kick 1,True,False,,False,False,False,73,VERIFIED_FROM_OFFICIAL_MANUAL_VISUAL_QC
SC-8820,17,16,POWER,9,extended_0_21_95_127,False,<-,Room Kick 2,True,False,,False,False,False,73,VERIFIED_FROM_OFFICIAL_MANUAL_VISUAL_QC
SC-8820,17,16,POWER,10,extended_0_21_95_127,False,<-,Power Kick 1,True,False,,False,False,False,73,VERIFIED_FROM_OFFICIAL_MANUAL_VISUAL_QC
SC-8820,17,16,POWER,11,extended_0_21_95_127,False,<-,Power Kick 2,True,False,,False,False,False,73,VERIFIED_FROM_OFFICIAL_MANUAL_VISUAL_QC
SC-8820,17,16,POWER,12,extended_0_21_95_127,False,<-,Electric Kick 2,True,False,,False,False,False,73,VERIFIED_FROM_OFFICIAL_MANUAL_VISUAL_QC
SC-8820,17,16,POWER,13,extended_0_21_95_127,False,<-,Electric Kick 1,True,False,,False,False,False,73,VERIFIED_FROM_OFFICIAL_MANUAL_VISUAL_QC
SC-8820,17,16,POWER,14,extended_0_21_95_127,False,<-,TR-808 Kick,True,False,,False,False,False,73,VERIFIED_FROM_OFFICIAL_MANUAL_VISUAL_QC
SC-8820,17,16,POWER,15,extended_0_21_95_127,False,<-,TR-909 Kick,True,False,,False,False,False,73,VERIFIED_FROM_OFFICIAL_MANUAL_VISUAL_QC
SC-8820,17,16,POWER,16,extended_0_21_95_127,False,<-,Dance Kick,True,False,,False,False,False,73,VERIFIED_FROM_OFFICIAL_MANUAL_VISUAL_QC
SC-8820,17,16,POWER,17,extended_0_21_95_127,False,<-,Voice One,True,False,,False,False,False,73,VERIFIED_FROM_OFFICIAL_MANUAL_VISUAL_QC
SC-8820,17,16,POWER,18,extended_0_21_95_127,False,<-,Voice Two,True,False,,False,False,False,73,VERIFIED_FROM_OFFICIAL_MANUAL_VISUAL_QC
SC-8820,17,16,POWER,19,extended_0_21_95_127,False,<-,Voice Three,True,False,,False,False,False,73,VERIFIED_FROM_OFFICIAL_MANUAL_VISUAL_QC
SC-8820,17,16,POWER,20,extended_0_21_95_127,False,---,,False,True,,False,False,False,73,VERIFIED_FROM_OFFICIAL_MANUAL_VISUAL_QC
SC-8820,17,16,POWER,21,extended_0_21_95_127,False,---,,False,True,,False,False,False,73,VERIFIED_FROM_OFFICIAL_MANUAL_VISUAL_QC
SC-8820,17,16,POWER,22,main_22_94,False,←,MC-500 Beep 1,True,False,,False,False,False,66,VERIFIED_FROM_OFFICIAL_MANUAL_TEXT_AND_USER_COLUMN_IMAGES
SC-8820,17,16,POWER,23,main_22_94,False,←,MC-500 Beep 2,True,False,,False,False,False,66,VERIFIED_FROM_OFFICIAL_MANUAL_TEXT_AND_USER_COLUMN_IMAGES
SC-8820,17,16,POWER,24,main_22_94,False,←,Concert SD,True,False,,False,False,False,66,VERIFIED_FROM_OFFICIAL_MANUAL_TEXT_AND_USER_COLUMN_IMAGES
SC-8820,17,16,POWER,25,main_22_94,False,←,Snare Roll,True,False,,False,False,False,66,VERIFIED_FROM_OFFICIAL_MANUAL_TEXT_AND_USER_COLUMN_IMAGES
SC-8820,17,16,POWER,26,main_22_94,False,←,Finger Snap 2,True,False,,False,False,False,66,VERIFIED_FROM_OFFICIAL_MANUAL_TEXT_AND_USER_COLUMN_IMAGES
SC-8820,17,16,POWER,27,main_22_94,False,←,High Q,True,False,,False,False,False,66,VERIFIED_FROM_OFFICIAL_MANUAL_TEXT_AND_USER_COLUMN_IMAGES
SC-8820,17,16,POWER,28,main_22_94,False,←,Slap,True,False,,False,False,False,66,VERIFIED_FROM_OFFICIAL_MANUAL_TEXT_AND_USER_COLUMN_IMAGES
SC-8820,17,16,POWER,29,main_22_94,False,← [EXC7],Scratch Push,True,False,7,False,False,False,66,VERIFIED_FROM_OFFICIAL_MANUAL_TEXT_AND_USER_COLUMN_IMAGES
SC-8820,17,16,POWER,30,main_22_94,False,← [EXC7],Scratch Pull,True,False,7,False,False,False,66,VERIFIED_FROM_OFFICIAL_MANUAL_TEXT_AND_USER_COLUMN_IMAGES
SC-8820,17,16,POWER,31,main_22_94,False,←,Sticks,True,False,,False,False,False,66,VERIFIED_FROM_OFFICIAL_MANUAL_TEXT_AND_USER_COLUMN_IMAGES
SC-8820,17,16,POWER,32,main_22_94,False,←,Square Click,True,False,,False,False,False,66,VERIFIED_FROM_OFFICIAL_MANUAL_TEXT_AND_USER_COLUMN_IMAGES
SC-8820,17,16,POWER,33,main_22_94,False,←,Metronome Click,True,False,,False,False,False,66,VERIFIED_FROM_OFFICIAL_MANUAL_TEXT_AND_USER_COLUMN_IMAGES
SC-8820,17,16,POWER,34,main_22_94,False,←,Metronome Bell,True,False,,False,False,False,66,VERIFIED_FROM_OFFICIAL_MANUAL_TEXT_AND_USER_COLUMN_IMAGES
SC-8820,17,16,POWER,35,main_22_94,True,Power Kick 2,Power Kick 2,False,False,,False,False,False,66,VERIFIED_FROM_OFFICIAL_MANUAL_TEXT_AND_USER_COLUMN_IMAGES
SC-8820,17,16,POWER,36,main_22_94,True,Power Kick 1,Power Kick 1,False,False,,False,False,False,66,VERIFIED_FROM_OFFICIAL_MANUAL_TEXT_AND_USER_COLUMN_IMAGES
SC-8820,17,16,POWER,37,main_22_94,True,←,Side Stick,True,False,,False,False,False,66,VERIFIED_FROM_OFFICIAL_MANUAL_TEXT_AND_USER_COLUMN_IMAGES
SC-8820,17,16,POWER,38,main_22_94,True,Power Snare 1,Power Snare 1,False,False,,False,False,False,66,VERIFIED_FROM_OFFICIAL_MANUAL_TEXT_AND_USER_COLUMN_IMAGES
SC-8820,17,16,POWER,39,main_22_94,True,Hand Clap,Hand Clap,False,False,,False,False,False,66,VERIFIED_FROM_OFFICIAL_MANUAL_TEXT_AND_USER_COLUMN_IMAGES
SC-8820,17,16,POWER,40,main_22_94,True,Power Snare 2,Power Snare 2,False,False,,False,False,False,66,VERIFIED_FROM_OFFICIAL_MANUAL_TEXT_AND_USER_COLUMN_IMAGES
SC-8820,17,16,POWER,41,main_22_94,True,Power Low Tom 2 *,Power Low Tom 2,False,False,,True,False,False,66,VERIFIED_FROM_OFFICIAL_MANUAL_TEXT_AND_USER_COLUMN_IMAGES
SC-8820,17,16,POWER,42,main_22_94,True,←,Closed Hi-Hat 1,True,False,1,False,False,False,66,VERIFIED_FROM_OFFICIAL_MANUAL_TEXT_AND_USER_COLUMN_IMAGES
SC-8820,17,16,POWER,43,main_22_94,True,Power Low Tom 1 *,Power Low Tom 1,False,False,,True,False,False,66,VERIFIED_FROM_OFFICIAL_MANUAL_TEXT_AND_USER_COLUMN_IMAGES
SC-8820,17,16,POWER,44,main_22_94,True,←,Pedal Hi-Hat,True,False,1,False,False,False,66,VERIFIED_FROM_OFFICIAL_MANUAL_TEXT_AND_USER_COLUMN_IMAGES
SC-8820,17,16,POWER,45,main_22_94,True,Power Mid Tom 2 *,Power Mid Tom 2,False,False,,True,False,False,66,VERIFIED_FROM_OFFICIAL_MANUAL_TEXT_AND_USER_COLUMN_IMAGES
SC-8820,17,16,POWER,46,main_22_94,True,←,Open Hi-Hat 1,True,False,1,False,False,False,66,VERIFIED_FROM_OFFICIAL_MANUAL_TEXT_AND_USER_COLUMN_IMAGES
SC-8820,17,16,POWER,47,main_22_94,True,Power Mid Tom 1 *,Power Mid Tom 1,False,False,,True,False,False,66,VERIFIED_FROM_OFFICIAL_MANUAL_TEXT_AND_USER_COLUMN_IMAGES
SC-8820,17,16,POWER,48,main_22_94,True,Power High Tom 2 *,Power High Tom 2,False,False,,True,False,False,66,VERIFIED_FROM_OFFICIAL_MANUAL_TEXT_AND_USER_COLUMN_IMAGES
SC-8820,17,16,POWER,49,main_22_94,True,←,Crash Cymbal 1,True,False,,True,False,False,66,VERIFIED_FROM_OFFICIAL_MANUAL_TEXT_AND_USER_COLUMN_IMAGES
SC-8820,17,16,POWER,50,main_22_94,True,Power High Tom 1 *,Power High Tom 1,False,False,,True,False,False,66,VERIFIED_FROM_OFFICIAL_MANUAL_TEXT_AND_USER_COLUMN_IMAGES
SC-8820,17,16,POWER,51,main_22_94,True,←,Ride Cymbal 1,True,False,,False,False,False,66,VERIFIED_FROM_OFFICIAL_MANUAL_TEXT_AND_USER_COLUMN_IMAGES
SC-8820,17,16,POWER,52,main_22_94,True,←,Chinese Cymbal,True,False,,False,False,False,66,VERIFIED_FROM_OFFICIAL_MANUAL_TEXT_AND_USER_COLUMN_IMAGES
SC-8820,17,16,POWER,53,main_22_94,True,←,Ride Bell,True,False,,False,False,False,66,VERIFIED_FROM_OFFICIAL_MANUAL_TEXT_AND_USER_COLUMN_IMAGES
SC-8820,17,16,POWER,54,main_22_94,True,←,Tambourine,True,False,,False,False,False,66,VERIFIED_FROM_OFFICIAL_MANUAL_TEXT_AND_USER_COLUMN_IMAGES
SC-8820,17,16,POWER,55,main_22_94,True,←,Splash Cymbal,True,False,,False,False,False,66,VERIFIED_FROM_OFFICIAL_MANUAL_TEXT_AND_USER_COLUMN_IMAGES
SC-8820,17,16,POWER,56,main_22_94,True,←,Cowbell,True,False,,False,False,False,66,VERIFIED_FROM_OFFICIAL_MANUAL_TEXT_AND_USER_COLUMN_IMAGES
SC-8820,17,16,POWER,57,main_22_94,True,←,Crash Cymbal 2,True,False,,False,False,False,66,VERIFIED_FROM_OFFICIAL_MANUAL_TEXT_AND_USER_COLUMN_IMAGES
SC-8820,17,16,POWER,58,main_22_94,True,←,Vibra-slap,True,False,,False,False,False,66,VERIFIED_FROM_OFFICIAL_MANUAL_TEXT_AND_USER_COLUMN_IMAGES
SC-8820,17,16,POWER,59,main_22_94,True,←,Ride Cymbal 2,True,False,,False,False,False,66,VERIFIED_FROM_OFFICIAL_MANUAL_TEXT_AND_USER_COLUMN_IMAGES
SC-8820,17,16,POWER,60,main_22_94,True,←,High Bongo,True,False,,False,False,False,66,VERIFIED_FROM_OFFICIAL_MANUAL_TEXT_AND_USER_COLUMN_IMAGES
SC-8820,17,16,POWER,61,main_22_94,True,←,Low Bongo,True,False,,False,False,False,66,VERIFIED_FROM_OFFICIAL_MANUAL_TEXT_AND_USER_COLUMN_IMAGES
SC-8820,17,16,POWER,62,main_22_94,True,←,Mute High Conga,True,False,,False,False,False,66,VERIFIED_FROM_OFFICIAL_MANUAL_TEXT_AND_USER_COLUMN_IMAGES
SC-8820,17,16,POWER,63,main_22_94,True,←,Open High Conga,True,False,,False,False,False,66,VERIFIED_FROM_OFFICIAL_MANUAL_TEXT_AND_USER_COLUMN_IMAGES
SC-8820,17,16,POWER,64,main_22_94,True,←,Low Conga,True,False,,False,False,False,66,VERIFIED_FROM_OFFICIAL_MANUAL_TEXT_AND_USER_COLUMN_IMAGES
SC-8820,17,16,POWER,65,main_22_94,True,←,High Timbale,True,False,,False,False,False,66,VERIFIED_FROM_OFFICIAL_MANUAL_TEXT_AND_USER_COLUMN_IMAGES
SC-8820,17,16,POWER,66,main_22_94,True,←,Low Timbale,True,False,,False,False,False,66,VERIFIED_FROM_OFFICIAL_MANUAL_TEXT_AND_USER_COLUMN_IMAGES
SC-8820,17,16,POWER,67,main_22_94,True,←,High Agogo,True,False,,False,False,False,66,VERIFIED_FROM_OFFICIAL_MANUAL_TEXT_AND_USER_COLUMN_IMAGES
SC-8820,17,16,POWER,68,main_22_94,True,←,Low Agogo,True,False,,False,False,False,66,VERIFIED_FROM_OFFICIAL_MANUAL_TEXT_AND_USER_COLUMN_IMAGES
SC-8820,17,16,POWER,69,main_22_94,True,←,Cabasa,True,False,,False,False,False,66,VERIFIED_FROM_OFFICIAL_MANUAL_TEXT_AND_USER_COLUMN_IMAGES
SC-8820,17,16,POWER,70,main_22_94,True,←,Maracas,True,False,,False,False,False,66,VERIFIED_FROM_OFFICIAL_MANUAL_TEXT_AND_USER_COLUMN_IMAGES
SC-8820,17,16,POWER,71,main_22_94,True,←,Short High Whistle,True,False,2,False,False,False,66,VERIFIED_FROM_OFFICIAL_MANUAL_TEXT_AND_USER_COLUMN_IMAGES
SC-8820,17,16,POWER,72,main_22_94,True,←,Long Low Whistle,True,False,2,False,False,False,66,VERIFIED_FROM_OFFICIAL_MANUAL_TEXT_AND_USER_COLUMN_IMAGES
SC-8820,17,16,POWER,73,main_22_94,True,←,Short Guiro,True,False,3,False,False,False,66,VERIFIED_FROM_OFFICIAL_MANUAL_TEXT_AND_USER_COLUMN_IMAGES
SC-8820,17,16,POWER,74,main_22_94,True,←,Long Guiro,True,False,3,False,False,False,66,VERIFIED_FROM_OFFICIAL_MANUAL_TEXT_AND_USER_COLUMN_IMAGES
SC-8820,17,16,POWER,75,main_22_94,True,←,Claves,True,False,,False,False,False,66,VERIFIED_FROM_OFFICIAL_MANUAL_TEXT_AND_USER_COLUMN_IMAGES
SC-8820,17,16,POWER,76,main_22_94,True,←,High Wood Block,True,False,,False,False,False,66,VERIFIED_FROM_OFFICIAL_MANUAL_TEXT_AND_USER_COLUMN_IMAGES
SC-8820,17,16,POWER,77,main_22_94,True,←,Low Wood Block,True,False,,False,False,False,66,VERIFIED_FROM_OFFICIAL_MANUAL_TEXT_AND_USER_COLUMN_IMAGES
SC-8820,17,16,POWER,78,main_22_94,True,←,Mute Cuica,True,False,4,False,False,False,66,VERIFIED_FROM_OFFICIAL_MANUAL_TEXT_AND_USER_COLUMN_IMAGES
SC-8820,17,16,POWER,79,main_22_94,True,←,Open Cuica,True,False,4,False,False,False,66,VERIFIED_FROM_OFFICIAL_MANUAL_TEXT_AND_USER_COLUMN_IMAGES
SC-8820,17,16,POWER,80,main_22_94,True,←,Mute Triangle,True,False,5,False,False,False,66,VERIFIED_FROM_OFFICIAL_MANUAL_TEXT_AND_USER_COLUMN_IMAGES
SC-8820,17,16,POWER,81,main_22_94,True,←,Open Triangle,True,False,5,False,False,False,66,VERIFIED_FROM_OFFICIAL_MANUAL_TEXT_AND_USER_COLUMN_IMAGES
SC-8820,17,16,POWER,82,main_22_94,False,←,Shaker,True,False,,False,False,False,66,VERIFIED_FROM_OFFICIAL_MANUAL_TEXT_AND_USER_COLUMN_IMAGES
SC-8820,17,16,POWER,83,main_22_94,False,←,Jingle Bell,True,False,,False,False,False,66,VERIFIED_FROM_OFFICIAL_MANUAL_TEXT_AND_USER_COLUMN_IMAGES
SC-8820,17,16,POWER,84,main_22_94,False,←,Bell Tree,True,False,,False,False,False,66,VERIFIED_FROM_OFFICIAL_MANUAL_TEXT_AND_USER_COLUMN_IMAGES
SC-8820,17,16,POWER,85,main_22_94,False,←,Castanets,True,False,,False,False,False,66,VERIFIED_FROM_OFFICIAL_MANUAL_TEXT_AND_USER_COLUMN_IMAGES
SC-8820,17,16,POWER,86,main_22_94,False,←,Mute Surdo,True,False,6,False,False,False,66,VERIFIED_FROM_OFFICIAL_MANUAL_TEXT_AND_USER_COLUMN_IMAGES
SC-8820,17,16,POWER,87,main_22_94,False,←,Open Surdo,True,False,6,False,False,False,66,VERIFIED_FROM_OFFICIAL_MANUAL_TEXT_AND_USER_COLUMN_IMAGES
SC-8820,17,16,POWER,88,main_22_94,False,←,Applause 2,True,False,,True,False,False,66,VERIFIED_FROM_OFFICIAL_MANUAL_TEXT_AND_USER_COLUMN_IMAGES
SC-8820,17,16,POWER,89,main_22_94,False,---,,False,True,,False,False,False,66,VERIFIED_FROM_OFFICIAL_MANUAL_TEXT_AND_USER_COLUMN_IMAGES
SC-8820,17,16,POWER,90,main_22_94,False,---,,False,True,,False,False,False,66,VERIFIED_FROM_OFFICIAL_MANUAL_TEXT_AND_USER_COLUMN_IMAGES
SC-8820,17,16,POWER,91,main_22_94,False,---,,False,True,,False,False,False,66,VERIFIED_FROM_OFFICIAL_MANUAL_TEXT_AND_USER_COLUMN_IMAGES
SC-8820,17,16,POWER,92,main_22_94,False,---,,False,True,,False,False,False,66,VERIFIED_FROM_OFFICIAL_MANUAL_TEXT_AND_USER_COLUMN_IMAGES
SC-8820,17,16,POWER,93,main_22_94,False,---,,False,True,,False,False,False,66,VERIFIED_FROM_OFFICIAL_MANUAL_TEXT_AND_USER_COLUMN_IMAGES
SC-8820,17,16,POWER,94,main_22_94,False,---,,False,True,,False,False,False,66,VERIFIED_FROM_OFFICIAL_MANUAL_TEXT_AND_USER_COLUMN_IMAGES
SC-8820,17,16,POWER,95,extended_0_21_95_127,False,---,,False,True,,False,False,False,73,VERIFIED_FROM_OFFICIAL_MANUAL_VISUAL_QC
SC-8820,17,16,POWER,96,extended_0_21_95_127,False,---,,False,True,,False,False,False,73,VERIFIED_FROM_OFFICIAL_MANUAL_VISUAL_QC
SC-8820,17,16,POWER,97,extended_0_21_95_127,False,<-,Standard 1 Snare1,True,False,,False,False,False,73,VERIFIED_FROM_OFFICIAL_MANUAL_VISUAL_QC
SC-8820,17,16,POWER,98,extended_0_21_95_127,False,<-,Standard 1 Snare 2,True,False,,False,False,False,73,VERIFIED_FROM_OFFICIAL_MANUAL_VISUAL_QC
SC-8820,17,16,POWER,99,extended_0_21_95_127,False,<-,Standard 2 Snare 1,True,False,,False,False,False,73,VERIFIED_FROM_OFFICIAL_MANUAL_VISUAL_QC
SC-8820,17,16,POWER,100,extended_0_21_95_127,False,<-,Standard 2 Snare 2,True,False,,False,False,False,73,VERIFIED_FROM_OFFICIAL_MANUAL_VISUAL_QC
SC-8820,17,16,POWER,101,extended_0_21_95_127,False,<-,Snare Drum 2,True,False,,False,False,False,73,VERIFIED_FROM_OFFICIAL_MANUAL_VISUAL_QC
SC-8820,17,16,POWER,102,extended_0_21_95_127,False,<-,Standard 1 Snare 1,True,False,,False,False,False,73,VERIFIED_FROM_OFFICIAL_MANUAL_VISUAL_QC
SC-8820,17,16,POWER,103,extended_0_21_95_127,False,<-,Standard 1 Snare 2,True,False,,False,False,False,73,VERIFIED_FROM_OFFICIAL_MANUAL_VISUAL_QC
SC-8820,17,16,POWER,104,extended_0_21_95_127,False,<-,Standard 1 Snare 3,True,False,,False,False,False,73,VERIFIED_FROM_OFFICIAL_MANUAL_VISUAL_QC
SC-8820,17,16,POWER,105,extended_0_21_95_127,False,<-,Jazz Snare 1,True,False,,False,False,False,73,VERIFIED_FROM_OFFICIAL_MANUAL_VISUAL_QC
SC-8820,17,16,POWER,106,extended_0_21_95_127,False,<-,Jazz Snare 2,True,False,,False,False,False,73,VERIFIED_FROM_OFFICIAL_MANUAL_VISUAL_QC
SC-8820,17,16,POWER,107,extended_0_21_95_127,False,<-,Room Snare 1,True,False,,False,False,False,73,VERIFIED_FROM_OFFICIAL_MANUAL_VISUAL_QC
SC-8820,17,16,POWER,108,extended_0_21_95_127,False,<-,Room Snare 2,True,False,,False,False,False,73,VERIFIED_FROM_OFFICIAL_MANUAL_VISUAL_QC
SC-8820,17,16,POWER,109,extended_0_21_95_127,False,<-,Power Snare 1,True,False,,False,False,False,73,VERIFIED_FROM_OFFICIAL_MANUAL_VISUAL_QC
SC-8820,17,16,POWER,110,extended_0_21_95_127,False,<-,Power Snare 2,True,False,,False,False,False,73,VERIFIED_FROM_OFFICIAL_MANUAL_VISUAL_QC
SC-8820,17,16,POWER,111,extended_0_21_95_127,False,<-,Gated Snare,True,False,,False,False,False,73,VERIFIED_FROM_OFFICIAL_MANUAL_VISUAL_QC
SC-8820,17,16,POWER,112,extended_0_21_95_127,False,<-,Dance Snare 1,True,False,,False,False,False,73,VERIFIED_FROM_OFFICIAL_MANUAL_VISUAL_QC
SC-8820,17,16,POWER,113,extended_0_21_95_127,False,<-,Dance Snare 2,True,False,,False,False,False,73,VERIFIED_FROM_OFFICIAL_MANUAL_VISUAL_QC
SC-8820,17,16,POWER,114,extended_0_21_95_127,False,<-,Disco Snare,True,False,,False,False,False,73,VERIFIED_FROM_OFFICIAL_MANUAL_VISUAL_QC
SC-8820,17,16,POWER,115,extended_0_21_95_127,False,<-,Electric Snare 2,True,False,,False,False,False,73,VERIFIED_FROM_OFFICIAL_MANUAL_VISUAL_QC
SC-8820,17,16,POWER,116,extended_0_21_95_127,False,<-,Electric Snare,True,False,,False,False,False,73,VERIFIED_FROM_OFFICIAL_MANUAL_VISUAL_QC
SC-8820,17,16,POWER,117,extended_0_21_95_127,False,<-,Electric Snare 3,True,False,,False,False,False,73,VERIFIED_FROM_OFFICIAL_MANUAL_VISUAL_QC
SC-8820,17,16,POWER,118,extended_0_21_95_127,False,<-,TR-707 Snare 1,True,False,,False,False,False,73,VERIFIED_FROM_OFFICIAL_MANUAL_VISUAL_QC
SC-8820,17,16,POWER,119,extended_0_21_95_127,False,<-,TR-808 Snare 1,True,False,,False,False,False,73,VERIFIED_FROM_OFFICIAL_MANUAL_VISUAL_QC
SC-8820,17,16,POWER,120,extended_0_21_95_127,False,<-,TR-808 Snare 2,True,False,,False,False,False,73,VERIFIED_FROM_OFFICIAL_MANUAL_VISUAL_QC
SC-8820,17,16,POWER,121,extended_0_21_95_127,False,<-,TR-909 Snare 1,True,False,,False,False,False,73,VERIFIED_FROM_OFFICIAL_MANUAL_VISUAL_QC
SC-8820,17,16,POWER,122,extended_0_21_95_127,False,<-,TR-909 Snare 2,True,False,,False,False,False,73,VERIFIED_FROM_OFFICIAL_MANUAL_VISUAL_QC
SC-8820,17,16,POWER,123,extended_0_21_95_127,False,<-,Rap Snare,True,False,,False,False,False,73,VERIFIED_FROM_OFFICIAL_MANUAL_VISUAL_QC
SC-8820,17,16,POWER,124,extended_0_21_95_127,False,<-,Jungle Snare 1,True,False,,False,False,False,73,VERIFIED_FROM_OFFICIAL_MANUAL_VISUAL_QC
SC-8820,17,16,POWER,125,extended_0_21_95_127,False,<-,House Snare 1,True,False,,False,False,False,73,VERIFIED_FROM_OFFICIAL_MANUAL_VISUAL_QC
SC-8820,17,16,POWER,126,extended_0_21_95_127,False,<-,House Snare,True,False,,False,False,False,73,VERIFIED_FROM_OFFICIAL_MANUAL_VISUAL_QC
SC-8820,17,16,POWER,127,extended_0_21_95_127,False,<-,House Snare 2,True,False,,False,False,False,73,VERIFIED_FROM_OFFICIAL_MANUAL_VISUAL_QC
SC-8820,26,25,TR-808,0,extended_0_21_95_127,False,Electric Kick 2,Electric Kick 2,False,False,,False,False,False,74,VERIFIED_FROM_OFFICIAL_MANUAL_TEXT_AND_USER_COLUMN_IMAGES
SC-8820,26,25,TR-808,1,extended_0_21_95_127,False,Electric Kick 1 *,Electric Kick 1,False,False,,True,False,False,74,VERIFIED_FROM_OFFICIAL_MANUAL_TEXT_AND_USER_COLUMN_IMAGES
SC-8820,26,25,TR-808,2,extended_0_21_95_127,False,CR-78 Kick 1,CR-78 Kick 1,False,False,,False,False,False,74,VERIFIED_FROM_OFFICIAL_MANUAL_TEXT_AND_USER_COLUMN_IMAGES
SC-8820,26,25,TR-808,3,extended_0_21_95_127,False,CR-78 Kick 2,CR-78 Kick 2,False,False,,False,False,False,74,VERIFIED_FROM_OFFICIAL_MANUAL_TEXT_AND_USER_COLUMN_IMAGES
SC-8820,26,25,TR-808,4,extended_0_21_95_127,False,TR-606 Kick1,TR-606 Kick1,False,False,,False,False,False,74,VERIFIED_FROM_OFFICIAL_MANUAL_TEXT_AND_USER_COLUMN_IMAGES
SC-8820,26,25,TR-808,5,extended_0_21_95_127,False,TR-707 Kick 1,TR-707 Kick 1,False,False,,False,False,False,74,VERIFIED_FROM_OFFICIAL_MANUAL_TEXT_AND_USER_COLUMN_IMAGES
SC-8820,26,25,TR-808,6,extended_0_21_95_127,False,TR-808 Kick,TR-808 Kick,False,False,,False,False,False,74,VERIFIED_FROM_OFFICIAL_MANUAL_TEXT_AND_USER_COLUMN_IMAGES
SC-8820,26,25,TR-808,7,extended_0_21_95_127,False,TR-808 Kick,TR-808 Kick,False,False,,False,False,False,74,VERIFIED_FROM_OFFICIAL_MANUAL_TEXT_AND_USER_COLUMN_IMAGES
SC-8820,26,25,TR-808,8,extended_0_21_95_127,False,TR-808 Kick 2,TR-808 Kick 2,False,False,,False,False,False,74,VERIFIED_FROM_OFFICIAL_MANUAL_TEXT_AND_USER_COLUMN_IMAGES
SC-8820,26,25,TR-808,9,extended_0_21_95_127,False,TR-909 Kick,TR-909 Kick,False,False,,False,False,False,74,VERIFIED_FROM_OFFICIAL_MANUAL_TEXT_AND_USER_COLUMN_IMAGES
SC-8820,26,25,TR-808,10,extended_0_21_95_127,False,Dance Kick,Dance Kick,False,False,,False,False,False,74,VERIFIED_FROM_OFFICIAL_MANUAL_TEXT_AND_USER_COLUMN_IMAGES
SC-8820,26,25,TR-808,11,extended_0_21_95_127,False,Hip-Hop Kick 2,Hip-Hop Kick 2,False,False,,False,False,False,74,VERIFIED_FROM_OFFICIAL_MANUAL_TEXT_AND_USER_COLUMN_IMAGES
SC-8820,26,25,TR-808,12,extended_0_21_95_127,False,TR-909 Kick 1 *,TR-909 Kick 1,False,False,,True,False,False,74,VERIFIED_FROM_OFFICIAL_MANUAL_TEXT_AND_USER_COLUMN_IMAGES
SC-8820,26,25,TR-808,13,extended_0_21_95_127,False,Hip-Hop Kick 3,Hip-Hop Kick 3,False,False,,False,False,False,74,VERIFIED_FROM_OFFICIAL_MANUAL_TEXT_AND_USER_COLUMN_IMAGES
SC-8820,26,25,TR-808,14,extended_0_21_95_127,False,Jungle Kick 1,Jungle Kick 1,False,False,,False,False,False,74,VERIFIED_FROM_OFFICIAL_MANUAL_TEXT_AND_USER_COLUMN_IMAGES
SC-8820,26,25,TR-808,15,extended_0_21_95_127,False,Techno Kick 1,Techno Kick 1,False,False,,False,False,False,74,VERIFIED_FROM_OFFICIAL_MANUAL_TEXT_AND_USER_COLUMN_IMAGES
SC-8820,26,25,TR-808,16,extended_0_21_95_127,False,Bounce Kick,Bounce Kick,False,False,,False,False,False,74,VERIFIED_FROM_OFFICIAL_MANUAL_TEXT_AND_USER_COLUMN_IMAGES
SC-8820,26,25,TR-808,17,extended_0_21_95_127,False,←,Voice One,True,False,,False,False,False,74,VERIFIED_FROM_OFFICIAL_MANUAL_TEXT_AND_USER_COLUMN_IMAGES
SC-8820,26,25,TR-808,18,extended_0_21_95_127,False,←,Voice Two,True,False,,False,False,False,74,VERIFIED_FROM_OFFICIAL_MANUAL_TEXT_AND_USER_COLUMN_IMAGES
SC-8820,26,25,TR-808,19,extended_0_21_95_127,False,←,Voice Three,True,False,,False,False,False,74,VERIFIED_FROM_OFFICIAL_MANUAL_TEXT_AND_USER_COLUMN_IMAGES
SC-8820,26,25,TR-808,20,extended_0_21_95_127,False,---,,False,True,,False,False,False,74,VERIFIED_FROM_OFFICIAL_MANUAL_TEXT_AND_USER_COLUMN_IMAGES
SC-8820,26,25,TR-808,21,extended_0_21_95_127,False,---,,False,True,,False,False,False,74,VERIFIED_FROM_OFFICIAL_MANUAL_TEXT_AND_USER_COLUMN_IMAGES
SC-8820,26,25,TR-808,22,main_22_94,False,←,MC-500 Beep 1,True,False,,False,False,False,67,VERIFIED_FROM_OFFICIAL_MANUAL_TEXT_AND_USER_COLUMN_IMAGES
SC-8820,26,25,TR-808,23,main_22_94,False,←,MC-500 Beep 2,True,False,,False,False,False,67,VERIFIED_FROM_OFFICIAL_MANUAL_TEXT_AND_USER_COLUMN_IMAGES
SC-8820,26,25,TR-808,24,main_22_94,False,←,Concert SD,True,False,,False,False,False,67,VERIFIED_FROM_OFFICIAL_MANUAL_TEXT_AND_USER_COLUMN_IMAGES
SC-8820,26,25,TR-808,25,main_22_94,False,←,Snare Roll,True,False,,False,False,False,67,VERIFIED_FROM_OFFICIAL_MANUAL_TEXT_AND_USER_COLUMN_IMAGES
SC-8820,26,25,TR-808,26,main_22_94,False,←,Finger Snap 2,True,False,,False,False,False,67,VERIFIED_FROM_OFFICIAL_MANUAL_TEXT_AND_USER_COLUMN_IMAGES
SC-8820,26,25,TR-808,27,main_22_94,False,←,High Q,True,False,,False,False,False,67,VERIFIED_FROM_OFFICIAL_MANUAL_TEXT_AND_USER_COLUMN_IMAGES
SC-8820,26,25,TR-808,28,main_22_94,False,←,Slap,True,False,,False,False,False,67,VERIFIED_FROM_OFFICIAL_MANUAL_TEXT_AND_USER_COLUMN_IMAGES
SC-8820,26,25,TR-808,29,main_22_94,False,Scratch Push 2 [EXC7],Scratch Push 2,False,False,7,False,False,False,67,VERIFIED_FROM_OFFICIAL_MANUAL_TEXT_AND_USER_COLUMN_IMAGES
SC-8820,26,25,TR-808,30,main_22_94,False,Scratch Pull 2 [EXC7],Scratch Pull 2,False,False,7,False,False,False,67,VERIFIED_FROM_OFFICIAL_MANUAL_TEXT_AND_USER_COLUMN_IMAGES
SC-8820,26,25,TR-808,31,main_22_94,False,←,Sticks,True,False,,False,False,False,67,VERIFIED_FROM_OFFICIAL_MANUAL_TEXT_AND_USER_COLUMN_IMAGES
SC-8820,26,25,TR-808,32,main_22_94,False,←,Square Click,True,False,,False,False,False,67,VERIFIED_FROM_OFFICIAL_MANUAL_TEXT_AND_USER_COLUMN_IMAGES
SC-8820,26,25,TR-808,33,main_22_94,False,←,Metronome Click,True,False,,False,False,False,67,VERIFIED_FROM_OFFICIAL_MANUAL_TEXT_AND_USER_COLUMN_IMAGES
SC-8820,26,25,TR-808,34,main_22_94,False,←,Metronome Bell,True,False,,False,False,False,67,VERIFIED_FROM_OFFICIAL_MANUAL_TEXT_AND_USER_COLUMN_IMAGES
SC-8820,26,25,TR-808,35,main_22_94,True,TR-808 Kick 2,TR-808 Kick 2,False,False,,False,False,False,67,VERIFIED_FROM_OFFICIAL_MANUAL_TEXT_AND_USER_COLUMN_IMAGES
SC-8820,26,25,TR-808,36,main_22_94,True,TR-808 Kick 1,TR-808 Kick 1,False,False,,False,False,False,67,VERIFIED_FROM_OFFICIAL_MANUAL_TEXT_AND_USER_COLUMN_IMAGES
SC-8820,26,25,TR-808,37,main_22_94,True,TR-808 Rim Shot,TR-808 Rim Shot,False,False,,False,False,False,67,VERIFIED_FROM_OFFICIAL_MANUAL_TEXT_AND_USER_COLUMN_IMAGES
SC-8820,26,25,TR-808,38,main_22_94,True,TR-808 Snare 1,TR-808 Snare 1,False,False,,False,False,False,67,VERIFIED_FROM_OFFICIAL_MANUAL_TEXT_AND_USER_COLUMN_IMAGES
SC-8820,26,25,TR-808,39,main_22_94,True,Hand Clap,Hand Clap,False,False,,False,False,False,67,VERIFIED_FROM_OFFICIAL_MANUAL_TEXT_AND_USER_COLUMN_IMAGES
SC-8820,26,25,TR-808,40,main_22_94,True,TR-808 Snare 2,TR-808 Snare 2,False,False,,False,False,False,67,VERIFIED_FROM_OFFICIAL_MANUAL_TEXT_AND_USER_COLUMN_IMAGES
SC-8820,26,25,TR-808,41,main_22_94,True,TR-808 Low Tom 2 *,TR-808 Low Tom 2,False,False,,True,False,False,67,VERIFIED_FROM_OFFICIAL_MANUAL_TEXT_AND_USER_COLUMN_IMAGES
SC-8820,26,25,TR-808,42,main_22_94,True,TR-808 Closed Hi-Hat 2 [EXC1],TR-808 Closed Hi-Hat 2,False,False,1,False,False,False,67,VERIFIED_FROM_OFFICIAL_MANUAL_TEXT_AND_USER_COLUMN_IMAGES
SC-8820,26,25,TR-808,43,main_22_94,True,TR-808 Low Tom 1 *,TR-808 Low Tom 1,False,False,,True,False,False,67,VERIFIED_FROM_OFFICIAL_MANUAL_TEXT_AND_USER_COLUMN_IMAGES
SC-8820,26,25,TR-808,44,main_22_94,True,TR-808 Closed Hi-Hat [EXC1],TR-808 Closed Hi-Hat,False,False,1,False,False,False,67,VERIFIED_FROM_OFFICIAL_MANUAL_TEXT_AND_USER_COLUMN_IMAGES
SC-8820,26,25,TR-808,45,main_22_94,True,TR-808 Mid Tom 2 *,TR-808 Mid Tom 2,False,False,,True,False,False,67,VERIFIED_FROM_OFFICIAL_MANUAL_TEXT_AND_USER_COLUMN_IMAGES
SC-8820,26,25,TR-808,46,main_22_94,True,TR-808 Open Hi-Hat [EXC1],TR-808 Open Hi-Hat,False,False,1,False,False,False,67,VERIFIED_FROM_OFFICIAL_MANUAL_TEXT_AND_USER_COLUMN_IMAGES
SC-8820,26,25,TR-808,47,main_22_94,True,TR-808 Mid Tom 1 *,TR-808 Mid Tom 1,False,False,,True,False,False,67,VERIFIED_FROM_OFFICIAL_MANUAL_TEXT_AND_USER_COLUMN_IMAGES
SC-8820,26,25,TR-808,48,main_22_94,True,TR-808 High Tom 2 *,TR-808 High Tom 2,False,False,,True,False,False,67,VERIFIED_FROM_OFFICIAL_MANUAL_TEXT_AND_USER_COLUMN_IMAGES
SC-8820,26,25,TR-808,49,main_22_94,True,TR-808 Crash Cymbal,TR-808 Crash Cymbal,False,False,,False,False,False,67,VERIFIED_FROM_OFFICIAL_MANUAL_TEXT_AND_USER_COLUMN_IMAGES
SC-8820,26,25,TR-808,50,main_22_94,True,TR-808 High Tom 1 *,TR-808 High Tom 1,False,False,,True,False,False,67,VERIFIED_FROM_OFFICIAL_MANUAL_TEXT_AND_USER_COLUMN_IMAGES
SC-8820,26,25,TR-808,51,main_22_94,True,TR-606 Ride Cymbal,TR-606 Ride Cymbal,False,False,,False,False,False,67,VERIFIED_FROM_OFFICIAL_MANUAL_TEXT_AND_USER_COLUMN_IMAGES
SC-8820,26,25,TR-808,52,main_22_94,True,←,Chinese Cymbal,True,False,,False,False,False,67,VERIFIED_FROM_OFFICIAL_MANUAL_TEXT_AND_USER_COLUMN_IMAGES
SC-8820,26,25,TR-808,53,main_22_94,True,←,Ride Bell,True,False,,False,False,False,67,VERIFIED_FROM_OFFICIAL_MANUAL_TEXT_AND_USER_COLUMN_IMAGES
SC-8820,26,25,TR-808,54,main_22_94,True,CR-78 Tambourine,CR-78 Tambourine,False,False,,False,False,False,67,VERIFIED_FROM_OFFICIAL_MANUAL_TEXT_AND_USER_COLUMN_IMAGES
SC-8820,26,25,TR-808,55,main_22_94,True,←,Splash Cymbal,True,False,,False,False,False,67,VERIFIED_FROM_OFFICIAL_MANUAL_TEXT_AND_USER_COLUMN_IMAGES
SC-8820,26,25,TR-808,56,main_22_94,True,TR-808 Cowbell,TR-808 Cowbell,False,False,,False,False,False,67,VERIFIED_FROM_OFFICIAL_MANUAL_TEXT_AND_USER_COLUMN_IMAGES
SC-8820,26,25,TR-808,57,main_22_94,True,TR-909 Crash Cymbal,TR-909 Crash Cymbal,False,False,,False,False,False,67,VERIFIED_FROM_OFFICIAL_MANUAL_TEXT_AND_USER_COLUMN_IMAGES
SC-8820,26,25,TR-808,58,main_22_94,True,←,Vibra-slap,True,False,,False,False,False,67,VERIFIED_FROM_OFFICIAL_MANUAL_TEXT_AND_USER_COLUMN_IMAGES
SC-8820,26,25,TR-808,59,main_22_94,True,Ride Cymbal 2,Ride Cymbal 2,False,False,,False,False,False,67,VERIFIED_FROM_OFFICIAL_MANUAL_TEXT_AND_USER_COLUMN_IMAGES
SC-8820,26,25,TR-808,60,main_22_94,True,CR-78 High Bongo,CR-78 High Bongo,False,False,,False,False,False,67,VERIFIED_FROM_OFFICIAL_MANUAL_TEXT_AND_USER_COLUMN_IMAGES
SC-8820,26,25,TR-808,61,main_22_94,True,CR-78 Low Bongo,CR-78 Low Bongo,False,False,,False,False,False,67,VERIFIED_FROM_OFFICIAL_MANUAL_TEXT_AND_USER_COLUMN_IMAGES
SC-8820,26,25,TR-808,62,main_22_94,True,TR-808 High Conga,TR-808 High Conga,False,False,,False,False,False,67,VERIFIED_FROM_OFFICIAL_MANUAL_TEXT_AND_USER_COLUMN_IMAGES
SC-8820,26,25,TR-808,63,main_22_94,True,TR-808 Mute Conga,TR-808 Mute Conga,False,False,,False,False,False,67,VERIFIED_FROM_OFFICIAL_MANUAL_TEXT_AND_USER_COLUMN_IMAGES
SC-8820,26,25,TR-808,64,main_22_94,True,TR-808 Low Conga,TR-808 Low Conga,False,False,,False,False,False,67,VERIFIED_FROM_OFFICIAL_MANUAL_TEXT_AND_USER_COLUMN_IMAGES
SC-8820,26,25,TR-808,65,main_22_94,True,←,High Timbale,True,False,,False,False,False,67,VERIFIED_FROM_OFFICIAL_MANUAL_TEXT_AND_USER_COLUMN_IMAGES
SC-8820,26,25,TR-808,66,main_22_94,True,←,Low Timbale,True,False,,False,False,False,67,VERIFIED_FROM_OFFICIAL_MANUAL_TEXT_AND_USER_COLUMN_IMAGES
SC-8820,26,25,TR-808,67,main_22_94,True,←,High Agogo,True,False,,False,False,False,67,VERIFIED_FROM_OFFICIAL_MANUAL_TEXT_AND_USER_COLUMN_IMAGES
SC-8820,26,25,TR-808,68,main_22_94,True,←,Low Agogo,True,False,,False,False,False,67,VERIFIED_FROM_OFFICIAL_MANUAL_TEXT_AND_USER_COLUMN_IMAGES
SC-8820,26,25,TR-808,69,main_22_94,True,←,Cabasa,True,False,,False,False,False,67,VERIFIED_FROM_OFFICIAL_MANUAL_TEXT_AND_USER_COLUMN_IMAGES
SC-8820,26,25,TR-808,70,main_22_94,True,TR-808 Maracas,TR-808 Maracas,False,False,,False,False,False,67,VERIFIED_FROM_OFFICIAL_MANUAL_TEXT_AND_USER_COLUMN_IMAGES
SC-8820,26,25,TR-808,71,main_22_94,True,←,Short High Whistle,True,False,2,False,False,False,67,VERIFIED_FROM_OFFICIAL_MANUAL_TEXT_AND_USER_COLUMN_IMAGES
SC-8820,26,25,TR-808,72,main_22_94,True,←,Long Low Whistle,True,False,2,False,False,False,67,VERIFIED_FROM_OFFICIAL_MANUAL_TEXT_AND_USER_COLUMN_IMAGES
SC-8820,26,25,TR-808,73,main_22_94,True,←,Short Guiro,True,False,3,False,False,False,67,VERIFIED_FROM_OFFICIAL_MANUAL_TEXT_AND_USER_COLUMN_IMAGES
SC-8820,26,25,TR-808,74,main_22_94,True,CR-78 Guiro [EXC3],CR-78 Guiro,False,False,3,False,False,False,67,VERIFIED_FROM_OFFICIAL_MANUAL_TEXT_AND_USER_COLUMN_IMAGES
SC-8820,26,25,TR-808,75,main_22_94,True,TR-808 Claves,TR-808 Claves,False,False,,False,False,False,67,VERIFIED_FROM_OFFICIAL_MANUAL_TEXT_AND_USER_COLUMN_IMAGES
SC-8820,26,25,TR-808,76,main_22_94,True,←,High Wood Block,True,False,,False,False,False,67,VERIFIED_FROM_OFFICIAL_MANUAL_TEXT_AND_USER_COLUMN_IMAGES
SC-8820,26,25,TR-808,77,main_22_94,True,←,Low Wood Block,True,False,,False,False,False,67,VERIFIED_FROM_OFFICIAL_MANUAL_TEXT_AND_USER_COLUMN_IMAGES
SC-8820,26,25,TR-808,78,main_22_94,True,High Hoo [EXC4],High Hoo,False,False,4,False,False,False,67,VERIFIED_FROM_OFFICIAL_MANUAL_TEXT_AND_USER_COLUMN_IMAGES
SC-8820,26,25,TR-808,79,main_22_94,True,Low Hoo [EXC4],Low Hoo,False,False,4,False,False,False,67,VERIFIED_FROM_OFFICIAL_MANUAL_TEXT_AND_USER_COLUMN_IMAGES
SC-8820,26,25,TR-808,80,main_22_94,True,Electric Mute Triangle,Electric Mute Triangle,False,False,,False,False,False,67,VERIFIED_FROM_OFFICIAL_MANUAL_TEXT_AND_USER_COLUMN_IMAGES
SC-8820,26,25,TR-808,81,main_22_94,True,Electric Open Triangle,Electric Open Triangle,False,False,,False,False,False,67,VERIFIED_FROM_OFFICIAL_MANUAL_TEXT_AND_USER_COLUMN_IMAGES
SC-8820,26,25,TR-808,82,main_22_94,False,TR-626 Shaker,TR-626 Shaker,False,False,,False,False,False,67,VERIFIED_FROM_OFFICIAL_MANUAL_TEXT_AND_USER_COLUMN_IMAGES
SC-8820,26,25,TR-808,83,main_22_94,False,←,Jingle Bell,True,False,,False,False,False,67,VERIFIED_FROM_OFFICIAL_MANUAL_TEXT_AND_USER_COLUMN_IMAGES
SC-8820,26,25,TR-808,84,main_22_94,False,←,Bell Tree,True,False,,False,False,False,67,VERIFIED_FROM_OFFICIAL_MANUAL_TEXT_AND_USER_COLUMN_IMAGES
SC-8820,26,25,TR-808,85,main_22_94,False,←,Castanets,True,False,,False,False,False,67,VERIFIED_FROM_OFFICIAL_MANUAL_TEXT_AND_USER_COLUMN_IMAGES
SC-8820,26,25,TR-808,86,main_22_94,False,←,Mute Surdo,True,False,6,False,False,False,67,VERIFIED_FROM_OFFICIAL_MANUAL_TEXT_AND_USER_COLUMN_IMAGES
SC-8820,26,25,TR-808,87,main_22_94,False,←,Open Surdo,True,False,6,False,False,False,67,VERIFIED_FROM_OFFICIAL_MANUAL_TEXT_AND_USER_COLUMN_IMAGES
SC-8820,26,25,TR-808,88,main_22_94,False,Small Club 1 *,Small Club 1,False,False,,True,False,False,67,VERIFIED_FROM_OFFICIAL_MANUAL_TEXT_AND_USER_COLUMN_IMAGES
SC-8820,26,25,TR-808,89,main_22_94,False,---,,False,True,,False,False,False,67,VERIFIED_FROM_OFFICIAL_MANUAL_TEXT_AND_USER_COLUMN_IMAGES
SC-8820,26,25,TR-808,90,main_22_94,False,---,,False,True,,False,False,False,67,VERIFIED_FROM_OFFICIAL_MANUAL_TEXT_AND_USER_COLUMN_IMAGES
SC-8820,26,25,TR-808,91,main_22_94,False,---,,False,True,,False,False,False,67,VERIFIED_FROM_OFFICIAL_MANUAL_TEXT_AND_USER_COLUMN_IMAGES
SC-8820,26,25,TR-808,92,main_22_94,False,---,,False,True,,False,False,False,67,VERIFIED_FROM_OFFICIAL_MANUAL_TEXT_AND_USER_COLUMN_IMAGES
SC-8820,26,25,TR-808,93,main_22_94,False,---,,False,True,,False,False,False,67,VERIFIED_FROM_OFFICIAL_MANUAL_TEXT_AND_USER_COLUMN_IMAGES
SC-8820,26,25,TR-808,94,main_22_94,False,---,,False,True,,False,False,False,67,VERIFIED_FROM_OFFICIAL_MANUAL_TEXT_AND_USER_COLUMN_IMAGES
SC-8820,26,25,TR-808,95,extended_0_21_95_127,False,---,,False,True,,False,False,False,74,VERIFIED_FROM_OFFICIAL_MANUAL_TEXT_AND_USER_COLUMN_IMAGES
SC-8820,26,25,TR-808,96,extended_0_21_95_127,False,---,,False,True,,False,False,False,74,VERIFIED_FROM_OFFICIAL_MANUAL_TEXT_AND_USER_COLUMN_IMAGES
SC-8820,26,25,TR-808,97,extended_0_21_95_127,False,Techno Hit,Techno Hit,False,False,,False,False,False,74,VERIFIED_FROM_OFFICIAL_MANUAL_TEXT_AND_USER_COLUMN_IMAGES
SC-8820,26,25,TR-808,98,extended_0_21_95_127,False,Philly Hit *,Philly Hit,False,False,,True,False,False,74,VERIFIED_FROM_OFFICIAL_MANUAL_TEXT_AND_USER_COLUMN_IMAGES
SC-8820,26,25,TR-808,99,extended_0_21_95_127,False,Impact Hit *,Impact Hit,False,False,,True,False,False,74,VERIFIED_FROM_OFFICIAL_MANUAL_TEXT_AND_USER_COLUMN_IMAGES
SC-8820,26,25,TR-808,100,extended_0_21_95_127,False,Lo-Fi Rave *,Lo-Fi Rave,False,False,,True,False,False,74,VERIFIED_FROM_OFFICIAL_MANUAL_TEXT_AND_USER_COLUMN_IMAGES
SC-8820,26,25,TR-808,101,extended_0_21_95_127,False,Bam Hit,Bam Hit,False,False,,False,False,False,74,VERIFIED_FROM_OFFICIAL_MANUAL_TEXT_AND_USER_COLUMN_IMAGES
SC-8820,26,25,TR-808,102,extended_0_21_95_127,False,Bim Hit,Bim Hit,False,False,,False,False,False,74,VERIFIED_FROM_OFFICIAL_MANUAL_TEXT_AND_USER_COLUMN_IMAGES
SC-8820,26,25,TR-808,103,extended_0_21_95_127,False,Tape Rewind,Tape Rewind,False,False,,False,False,False,74,VERIFIED_FROM_OFFICIAL_MANUAL_TEXT_AND_USER_COLUMN_IMAGES
SC-8820,26,25,TR-808,104,extended_0_21_95_127,False,Phonograph Noise,Phonograph Noise,False,False,,False,False,False,74,VERIFIED_FROM_OFFICIAL_MANUAL_TEXT_AND_USER_COLUMN_IMAGES
SC-8820,26,25,TR-808,105,extended_0_21_95_127,False,Power Snare 1,Power Snare 1,False,False,,False,False,False,74,VERIFIED_FROM_OFFICIAL_MANUAL_TEXT_AND_USER_COLUMN_IMAGES
SC-8820,26,25,TR-808,106,extended_0_21_95_127,False,Dance Snare 1,Dance Snare 1,False,False,,False,False,False,74,VERIFIED_FROM_OFFICIAL_MANUAL_TEXT_AND_USER_COLUMN_IMAGES
SC-8820,26,25,TR-808,107,extended_0_21_95_127,False,Dance Snare 2,Dance Snare 2,False,False,,False,False,False,74,VERIFIED_FROM_OFFICIAL_MANUAL_TEXT_AND_USER_COLUMN_IMAGES
SC-8820,26,25,TR-808,108,extended_0_21_95_127,False,Disco Snare,Disco Snare,False,False,,False,False,False,74,VERIFIED_FROM_OFFICIAL_MANUAL_TEXT_AND_USER_COLUMN_IMAGES
SC-8820,26,25,TR-808,109,extended_0_21_95_127,False,Electric Snare 2,Electric Snare 2,False,False,,False,False,False,74,VERIFIED_FROM_OFFICIAL_MANUAL_TEXT_AND_USER_COLUMN_IMAGES
SC-8820,26,25,TR-808,110,extended_0_21_95_127,False,Electric Snare,Electric Snare,False,False,,False,False,False,74,VERIFIED_FROM_OFFICIAL_MANUAL_TEXT_AND_USER_COLUMN_IMAGES
SC-8820,26,25,TR-808,111,extended_0_21_95_127,False,Electric Snare 3 *,Electric Snare 3,False,False,,True,False,False,74,VERIFIED_FROM_OFFICIAL_MANUAL_TEXT_AND_USER_COLUMN_IMAGES
SC-8820,26,25,TR-808,112,extended_0_21_95_127,False,TR-606 Snare 2,TR-606 Snare 2,False,False,,False,False,False,74,VERIFIED_FROM_OFFICIAL_MANUAL_TEXT_AND_USER_COLUMN_IMAGES
SC-8820,26,25,TR-808,113,extended_0_21_95_127,False,TR-707 Snare 1,TR-707 Snare 1,False,False,,False,False,False,74,VERIFIED_FROM_OFFICIAL_MANUAL_TEXT_AND_USER_COLUMN_IMAGES
SC-8820,26,25,TR-808,114,extended_0_21_95_127,False,TR-808 Snare 2,TR-808 Snare 2,False,False,,False,False,False,74,VERIFIED_FROM_OFFICIAL_MANUAL_TEXT_AND_USER_COLUMN_IMAGES
SC-8820,26,25,TR-808,115,extended_0_21_95_127,False,TR-808 Snare 1 *,TR-808 Snare 1,False,False,,True,False,False,74,VERIFIED_FROM_OFFICIAL_MANUAL_TEXT_AND_USER_COLUMN_IMAGES
SC-8820,26,25,TR-808,116,extended_0_21_95_127,False,TR-808 Snare 2,TR-808 Snare 2,False,False,,False,False,False,74,VERIFIED_FROM_OFFICIAL_MANUAL_TEXT_AND_USER_COLUMN_IMAGES
SC-8820,26,25,TR-808,117,extended_0_21_95_127,False,TR-909 Snare 1,TR-909 Snare 1,False,False,,False,False,False,74,VERIFIED_FROM_OFFICIAL_MANUAL_TEXT_AND_USER_COLUMN_IMAGES
SC-8820,26,25,TR-808,118,extended_0_21_95_127,False,TR-909 Snare 2 *,TR-909 Snare 2,False,False,,True,False,False,74,VERIFIED_FROM_OFFICIAL_MANUAL_TEXT_AND_USER_COLUMN_IMAGES
SC-8820,26,25,TR-808,119,extended_0_21_95_127,False,TR-909 Snare 1,TR-909 Snare 1,False,False,,False,False,False,74,VERIFIED_FROM_OFFICIAL_MANUAL_TEXT_AND_USER_COLUMN_IMAGES
SC-8820,26,25,TR-808,120,extended_0_21_95_127,False,TR-909 Snare 2,TR-909 Snare 2,False,False,,False,False,False,74,VERIFIED_FROM_OFFICIAL_MANUAL_TEXT_AND_USER_COLUMN_IMAGES
SC-8820,26,25,TR-808,121,extended_0_21_95_127,False,Rap Snare,Rap Snare,False,False,,False,False,False,74,VERIFIED_FROM_OFFICIAL_MANUAL_TEXT_AND_USER_COLUMN_IMAGES
SC-8820,26,25,TR-808,122,extended_0_21_95_127,False,Jungle Snare,Jungle Snare,False,False,,False,False,False,74,VERIFIED_FROM_OFFICIAL_MANUAL_TEXT_AND_USER_COLUMN_IMAGES
SC-8820,26,25,TR-808,123,extended_0_21_95_127,False,House Snare 1,House Snare 1,False,False,,False,False,False,74,VERIFIED_FROM_OFFICIAL_MANUAL_TEXT_AND_USER_COLUMN_IMAGES
SC-8820,26,25,TR-808,124,extended_0_21_95_127,False,House Snare *,House Snare,False,False,,True,False,False,74,VERIFIED_FROM_OFFICIAL_MANUAL_TEXT_AND_USER_COLUMN_IMAGES
SC-8820,26,25,TR-808,125,extended_0_21_95_127,False,House Snare 2,House Snare 2,False,False,,False,False,False,74,VERIFIED_FROM_OFFICIAL_MANUAL_TEXT_AND_USER_COLUMN_IMAGES
SC-8820,26,25,TR-808,126,extended_0_21_95_127,False,Voice Tah,Voice Tah,False,False,,False,False,False,74,VERIFIED_FROM_OFFICIAL_MANUAL_TEXT_AND_USER_COLUMN_IMAGES
SC-8820,26,25,TR-808,127,extended_0_21_95_127,False,Slappy *,Slappy,False,False,,True,False,False,74,VERIFIED_FROM_OFFICIAL_MANUAL_TEXT_AND_USER_COLUMN_IMAGES
SC-8820,33,32,JAZZ,0,extended_0_21_95_127,False,←,Standard 1 Kick 1,True,False,,False,False,False,75,VERIFIED_FROM_OFFICIAL_MANUAL_TEXT_AND_USER_COLUMN_IMAGES
SC-8820,33,32,JAZZ,1,extended_0_21_95_127,False,←,Standard 1 Kick 2,True,False,,False,False,False,75,VERIFIED_FROM_OFFICIAL_MANUAL_TEXT_AND_USER_COLUMN_IMAGES
SC-8820,33,32,JAZZ,2,extended_0_21_95_127,False,←,Standard 2 Kick 1,True,False,,False,False,False,75,VERIFIED_FROM_OFFICIAL_MANUAL_TEXT_AND_USER_COLUMN_IMAGES
SC-8820,33,32,JAZZ,3,extended_0_21_95_127,False,←,Standard 2 Kick 2,True,False,,False,False,False,75,VERIFIED_FROM_OFFICIAL_MANUAL_TEXT_AND_USER_COLUMN_IMAGES
SC-8820,33,32,JAZZ,4,extended_0_21_95_127,False,←,Kick Drum 1,True,False,,False,False,False,75,VERIFIED_FROM_OFFICIAL_MANUAL_TEXT_AND_USER_COLUMN_IMAGES
SC-8820,33,32,JAZZ,5,extended_0_21_95_127,False,←,Kick Drum 2,True,False,,False,False,False,75,VERIFIED_FROM_OFFICIAL_MANUAL_TEXT_AND_USER_COLUMN_IMAGES
SC-8820,33,32,JAZZ,6,extended_0_21_95_127,False,←,Jazz Kick 1,True,False,,False,False,False,75,VERIFIED_FROM_OFFICIAL_MANUAL_TEXT_AND_USER_COLUMN_IMAGES
SC-8820,33,32,JAZZ,7,extended_0_21_95_127,False,←,Jazz Kick 2,True,False,,False,False,False,75,VERIFIED_FROM_OFFICIAL_MANUAL_TEXT_AND_USER_COLUMN_IMAGES
SC-8820,33,32,JAZZ,8,extended_0_21_95_127,False,←,Room Kick 1,True,False,,False,False,False,75,VERIFIED_FROM_OFFICIAL_MANUAL_TEXT_AND_USER_COLUMN_IMAGES
SC-8820,33,32,JAZZ,9,extended_0_21_95_127,False,←,Room Kick 2,True,False,,False,False,False,75,VERIFIED_FROM_OFFICIAL_MANUAL_TEXT_AND_USER_COLUMN_IMAGES
SC-8820,33,32,JAZZ,10,extended_0_21_95_127,False,←,Power Kick 1,True,False,,False,False,False,75,VERIFIED_FROM_OFFICIAL_MANUAL_TEXT_AND_USER_COLUMN_IMAGES
SC-8820,33,32,JAZZ,11,extended_0_21_95_127,False,←,Power Kick 2,True,False,,False,False,False,75,VERIFIED_FROM_OFFICIAL_MANUAL_TEXT_AND_USER_COLUMN_IMAGES
SC-8820,33,32,JAZZ,12,extended_0_21_95_127,False,←,Electric Kick 2,True,False,,False,False,False,75,VERIFIED_FROM_OFFICIAL_MANUAL_TEXT_AND_USER_COLUMN_IMAGES
SC-8820,33,32,JAZZ,13,extended_0_21_95_127,False,←,Electric Kick 1,True,False,,True,False,False,75,VERIFIED_FROM_OFFICIAL_MANUAL_TEXT_AND_USER_COLUMN_IMAGES
SC-8820,33,32,JAZZ,14,extended_0_21_95_127,False,←,TR-808 Kick,True,False,,False,False,False,75,VERIFIED_FROM_OFFICIAL_MANUAL_TEXT_AND_USER_COLUMN_IMAGES
SC-8820,33,32,JAZZ,15,extended_0_21_95_127,False,←,TR-909 Kick,True,False,,False,False,False,75,VERIFIED_FROM_OFFICIAL_MANUAL_TEXT_AND_USER_COLUMN_IMAGES
SC-8820,33,32,JAZZ,16,extended_0_21_95_127,False,←,Dance Kick,True,False,,False,False,False,75,VERIFIED_FROM_OFFICIAL_MANUAL_TEXT_AND_USER_COLUMN_IMAGES
SC-8820,33,32,JAZZ,17,extended_0_21_95_127,False,←,Voice One,True,False,,False,False,False,75,VERIFIED_FROM_OFFICIAL_MANUAL_TEXT_AND_USER_COLUMN_IMAGES
SC-8820,33,32,JAZZ,18,extended_0_21_95_127,False,←,Voice Two,True,False,,False,False,False,75,VERIFIED_FROM_OFFICIAL_MANUAL_TEXT_AND_USER_COLUMN_IMAGES
SC-8820,33,32,JAZZ,19,extended_0_21_95_127,False,←,Voice Three,True,False,,False,False,False,75,VERIFIED_FROM_OFFICIAL_MANUAL_TEXT_AND_USER_COLUMN_IMAGES
SC-8820,33,32,JAZZ,20,extended_0_21_95_127,False,Brush Kick 2,Brush Kick 2,False,False,,False,False,False,75,VERIFIED_FROM_OFFICIAL_MANUAL_TEXT_AND_USER_COLUMN_IMAGES
SC-8820,33,32,JAZZ,21,extended_0_21_95_127,False,Brush Kick 1 *,Brush Kick 1,False,False,,True,False,False,75,VERIFIED_FROM_OFFICIAL_MANUAL_TEXT_AND_USER_COLUMN_IMAGES
SC-8820,33,32,JAZZ,22,main_22_94,False,←,MC-500 Beep 1,True,False,,False,False,False,68,VERIFIED_FROM_OFFICIAL_MANUAL_TEXT_AND_USER_COLUMN_IMAGES
SC-8820,33,32,JAZZ,23,main_22_94,False,←,MC-500 Beep 2,True,False,,False,False,False,68,VERIFIED_FROM_OFFICIAL_MANUAL_TEXT_AND_USER_COLUMN_IMAGES
SC-8820,33,32,JAZZ,24,main_22_94,False,←,Concert SD,True,False,,False,False,False,68,VERIFIED_FROM_OFFICIAL_MANUAL_TEXT_AND_USER_COLUMN_IMAGES
SC-8820,33,32,JAZZ,25,main_22_94,False,←,Snare Roll,True,False,,False,False,False,68,VERIFIED_FROM_OFFICIAL_MANUAL_TEXT_AND_USER_COLUMN_IMAGES
SC-8820,33,32,JAZZ,26,main_22_94,False,Finger Snap 2,Finger Snap 2,False,False,,False,False,False,68,VERIFIED_FROM_OFFICIAL_MANUAL_TEXT_AND_USER_COLUMN_IMAGES
SC-8820,33,32,JAZZ,27,main_22_94,False,←,High Q,True,False,,False,False,False,68,VERIFIED_FROM_OFFICIAL_MANUAL_TEXT_AND_USER_COLUMN_IMAGES
SC-8820,33,32,JAZZ,28,main_22_94,False,←,Slap,True,False,,False,False,False,68,VERIFIED_FROM_OFFICIAL_MANUAL_TEXT_AND_USER_COLUMN_IMAGES
SC-8820,33,32,JAZZ,29,main_22_94,False,←,Scratch Push,True,False,7,False,False,False,68,VERIFIED_FROM_OFFICIAL_MANUAL_TEXT_AND_USER_COLUMN_IMAGES
SC-8820,33,32,JAZZ,30,main_22_94,False,←,Scratch Pull,True,False,7,False,False,False,68,VERIFIED_FROM_OFFICIAL_MANUAL_TEXT_AND_USER_COLUMN_IMAGES
SC-8820,33,32,JAZZ,31,main_22_94,False,←,Sticks,True,False,,False,False,False,68,VERIFIED_FROM_OFFICIAL_MANUAL_TEXT_AND_USER_COLUMN_IMAGES
SC-8820,33,32,JAZZ,32,main_22_94,False,←,Square Click,True,False,,False,False,False,68,VERIFIED_FROM_OFFICIAL_MANUAL_TEXT_AND_USER_COLUMN_IMAGES
SC-8820,33,32,JAZZ,33,main_22_94,False,←,Metronome Click,True,False,,False,False,False,68,VERIFIED_FROM_OFFICIAL_MANUAL_TEXT_AND_USER_COLUMN_IMAGES
SC-8820,33,32,JAZZ,34,main_22_94,False,←,Metronome Bell,True,False,,False,False,False,68,VERIFIED_FROM_OFFICIAL_MANUAL_TEXT_AND_USER_COLUMN_IMAGES
SC-8820,33,32,JAZZ,35,main_22_94,True,Jazz Kick 2,Jazz Kick 2,False,False,,False,False,False,68,VERIFIED_FROM_OFFICIAL_MANUAL_TEXT_AND_USER_COLUMN_IMAGES
SC-8820,33,32,JAZZ,36,main_22_94,True,Jazz Kick 1,Jazz Kick 1,False,False,,False,False,False,68,VERIFIED_FROM_OFFICIAL_MANUAL_TEXT_AND_USER_COLUMN_IMAGES
SC-8820,33,32,JAZZ,37,main_22_94,True,←,Side Stick,True,False,,False,False,False,68,VERIFIED_FROM_OFFICIAL_MANUAL_TEXT_AND_USER_COLUMN_IMAGES
SC-8820,33,32,JAZZ,38,main_22_94,True,Jazz Snare 1,Jazz Snare 1,False,False,,False,False,False,68,VERIFIED_FROM_OFFICIAL_MANUAL_TEXT_AND_USER_COLUMN_IMAGES
SC-8820,33,32,JAZZ,39,main_22_94,True,Hand Clap 2,Hand Clap 2,False,False,,False,False,False,68,VERIFIED_FROM_OFFICIAL_MANUAL_TEXT_AND_USER_COLUMN_IMAGES
SC-8820,33,32,JAZZ,40,main_22_94,True,Jazz Snare 2,Jazz Snare 2,False,False,,False,False,False,68,VERIFIED_FROM_OFFICIAL_MANUAL_TEXT_AND_USER_COLUMN_IMAGES
SC-8820,33,32,JAZZ,41,main_22_94,True,Jazz Low Tom 2,Jazz Low Tom 2,False,False,,False,False,False,68,VERIFIED_FROM_OFFICIAL_MANUAL_TEXT_AND_USER_COLUMN_IMAGES
SC-8820,33,32,JAZZ,42,main_22_94,True,Closed Hi-Hat 2 [EXC1],Closed Hi-Hat 2,False,False,1,False,False,False,68,VERIFIED_FROM_OFFICIAL_MANUAL_TEXT_AND_USER_COLUMN_IMAGES
SC-8820,33,32,JAZZ,43,main_22_94,True,Jazz Low Tom 1,Jazz Low Tom 1,False,False,,False,False,False,68,VERIFIED_FROM_OFFICIAL_MANUAL_TEXT_AND_USER_COLUMN_IMAGES
SC-8820,33,32,JAZZ,44,main_22_94,True,Pedal Hi-Hat [EXC1],Pedal Hi-Hat,False,False,1,False,False,False,68,VERIFIED_FROM_OFFICIAL_MANUAL_TEXT_AND_USER_COLUMN_IMAGES
SC-8820,33,32,JAZZ,45,main_22_94,True,Jazz Mid Tom 2,Jazz Mid Tom 2,False,False,,False,False,False,68,VERIFIED_FROM_OFFICIAL_MANUAL_TEXT_AND_USER_COLUMN_IMAGES
SC-8820,33,32,JAZZ,46,main_22_94,True,Open Hi-Hat 2 [EXC1],Open Hi-Hat 2,False,False,1,False,False,False,68,VERIFIED_FROM_OFFICIAL_MANUAL_TEXT_AND_USER_COLUMN_IMAGES
SC-8820,33,32,JAZZ,47,main_22_94,True,Jazz Mid Tom 1,Jazz Mid Tom 1,False,False,,False,False,False,68,VERIFIED_FROM_OFFICIAL_MANUAL_TEXT_AND_USER_COLUMN_IMAGES
SC-8820,33,32,JAZZ,48,main_22_94,True,Jazz High Tom 2,Jazz High Tom 2,False,False,,False,False,False,68,VERIFIED_FROM_OFFICIAL_MANUAL_TEXT_AND_USER_COLUMN_IMAGES
SC-8820,33,32,JAZZ,49,main_22_94,True,Jazz Crash Cymbal,Jazz Crash Cymbal,False,False,,False,False,False,68,VERIFIED_FROM_OFFICIAL_MANUAL_TEXT_AND_USER_COLUMN_IMAGES
SC-8820,33,32,JAZZ,50,main_22_94,True,Jazz High Tom 1,Jazz High Tom 1,False,False,,False,False,False,68,VERIFIED_FROM_OFFICIAL_MANUAL_TEXT_AND_USER_COLUMN_IMAGES
SC-8820,33,32,JAZZ,51,main_22_94,True,Jazz Ride Cymbal,Jazz Ride Cymbal,False,False,,False,False,False,68,VERIFIED_FROM_OFFICIAL_MANUAL_TEXT_AND_USER_COLUMN_IMAGES
SC-8820,33,32,JAZZ,52,main_22_94,True,←,Chinese Cymbal,True,False,,False,False,False,68,VERIFIED_FROM_OFFICIAL_MANUAL_TEXT_AND_USER_COLUMN_IMAGES
SC-8820,33,32,JAZZ,53,main_22_94,True,Jazz Ride Bell,Jazz Ride Bell,False,False,,False,False,False,68,VERIFIED_FROM_OFFICIAL_MANUAL_TEXT_AND_USER_COLUMN_IMAGES
SC-8820,33,32,JAZZ,54,main_22_94,True,←,Tambourine,True,False,,False,False,False,68,VERIFIED_FROM_OFFICIAL_MANUAL_TEXT_AND_USER_COLUMN_IMAGES
SC-8820,33,32,JAZZ,55,main_22_94,True,←,Splash Cymbal,True,False,,False,False,False,68,VERIFIED_FROM_OFFICIAL_MANUAL_TEXT_AND_USER_COLUMN_IMAGES
SC-8820,33,32,JAZZ,56,main_22_94,True,←,Cowbell,True,False,,False,False,False,68,VERIFIED_FROM_OFFICIAL_MANUAL_TEXT_AND_USER_COLUMN_IMAGES
SC-8820,33,32,JAZZ,57,main_22_94,True,←,Crash Cymbal 2,True,False,,False,False,False,68,VERIFIED_FROM_OFFICIAL_MANUAL_TEXT_AND_USER_COLUMN_IMAGES
SC-8820,33,32,JAZZ,58,main_22_94,True,←,Vibra-slap,True,False,,False,False,False,68,VERIFIED_FROM_OFFICIAL_MANUAL_TEXT_AND_USER_COLUMN_IMAGES
SC-8820,33,32,JAZZ,59,main_22_94,True,Ride Cymbal Edge,Ride Cymbal Edge,False,False,,False,False,False,68,VERIFIED_FROM_OFFICIAL_MANUAL_TEXT_AND_USER_COLUMN_IMAGES
SC-8820,33,32,JAZZ,60,main_22_94,True,←,High Bongo,True,False,,False,False,False,68,VERIFIED_FROM_OFFICIAL_MANUAL_TEXT_AND_USER_COLUMN_IMAGES
SC-8820,33,32,JAZZ,61,main_22_94,True,←,Low Bongo,True,False,,False,False,False,68,VERIFIED_FROM_OFFICIAL_MANUAL_TEXT_AND_USER_COLUMN_IMAGES
SC-8820,33,32,JAZZ,62,main_22_94,True,←,Mute High Conga,True,False,,False,False,False,68,VERIFIED_FROM_OFFICIAL_MANUAL_TEXT_AND_USER_COLUMN_IMAGES
SC-8820,33,32,JAZZ,63,main_22_94,True,←,Open High Conga,True,False,,False,False,False,68,VERIFIED_FROM_OFFICIAL_MANUAL_TEXT_AND_USER_COLUMN_IMAGES
SC-8820,33,32,JAZZ,64,main_22_94,True,←,Low Conga,True,False,,False,False,False,68,VERIFIED_FROM_OFFICIAL_MANUAL_TEXT_AND_USER_COLUMN_IMAGES
SC-8820,33,32,JAZZ,65,main_22_94,True,←,High Timbale,True,False,,False,False,False,68,VERIFIED_FROM_OFFICIAL_MANUAL_TEXT_AND_USER_COLUMN_IMAGES
SC-8820,33,32,JAZZ,66,main_22_94,True,←,Low Timbale,True,False,,False,False,False,68,VERIFIED_FROM_OFFICIAL_MANUAL_TEXT_AND_USER_COLUMN_IMAGES
SC-8820,33,32,JAZZ,67,main_22_94,True,←,High Agogo,True,False,,False,False,False,68,VERIFIED_FROM_OFFICIAL_MANUAL_TEXT_AND_USER_COLUMN_IMAGES
SC-8820,33,32,JAZZ,68,main_22_94,True,←,Low Agogo,True,False,,False,False,False,68,VERIFIED_FROM_OFFICIAL_MANUAL_TEXT_AND_USER_COLUMN_IMAGES
SC-8820,33,32,JAZZ,69,main_22_94,True,←,Cabasa,True,False,,False,False,False,68,VERIFIED_FROM_OFFICIAL_MANUAL_TEXT_AND_USER_COLUMN_IMAGES
SC-8820,33,32,JAZZ,70,main_22_94,True,←,Maracas,True,False,,False,False,False,68,VERIFIED_FROM_OFFICIAL_MANUAL_TEXT_AND_USER_COLUMN_IMAGES
SC-8820,33,32,JAZZ,71,main_22_94,True,←,Short High Whistle,True,False,2,False,False,False,68,VERIFIED_FROM_OFFICIAL_MANUAL_TEXT_AND_USER_COLUMN_IMAGES
SC-8820,33,32,JAZZ,72,main_22_94,True,←,Long Low Whistle,True,False,2,False,False,False,68,VERIFIED_FROM_OFFICIAL_MANUAL_TEXT_AND_USER_COLUMN_IMAGES
SC-8820,33,32,JAZZ,73,main_22_94,True,←,Short Guiro,True,False,3,False,False,False,68,VERIFIED_FROM_OFFICIAL_MANUAL_TEXT_AND_USER_COLUMN_IMAGES
SC-8820,33,32,JAZZ,74,main_22_94,True,←,Long Guiro,True,False,3,False,False,False,68,VERIFIED_FROM_OFFICIAL_MANUAL_TEXT_AND_USER_COLUMN_IMAGES
SC-8820,33,32,JAZZ,75,main_22_94,True,←,Claves,True,False,,False,False,False,68,VERIFIED_FROM_OFFICIAL_MANUAL_TEXT_AND_USER_COLUMN_IMAGES
SC-8820,33,32,JAZZ,76,main_22_94,True,←,High Wood Block,True,False,,False,False,False,68,VERIFIED_FROM_OFFICIAL_MANUAL_TEXT_AND_USER_COLUMN_IMAGES
SC-8820,33,32,JAZZ,77,main_22_94,True,←,Low Wood Block,True,False,,False,False,False,68,VERIFIED_FROM_OFFICIAL_MANUAL_TEXT_AND_USER_COLUMN_IMAGES
SC-8820,33,32,JAZZ,78,main_22_94,True,←,Mute Cuica,True,False,4,False,False,False,68,VERIFIED_FROM_OFFICIAL_MANUAL_TEXT_AND_USER_COLUMN_IMAGES
SC-8820,33,32,JAZZ,79,main_22_94,True,←,Open Cuica,True,False,4,False,False,False,68,VERIFIED_FROM_OFFICIAL_MANUAL_TEXT_AND_USER_COLUMN_IMAGES
SC-8820,33,32,JAZZ,80,main_22_94,True,←,Mute Triangle,True,False,5,False,False,False,68,VERIFIED_FROM_OFFICIAL_MANUAL_TEXT_AND_USER_COLUMN_IMAGES
SC-8820,33,32,JAZZ,81,main_22_94,True,←,Open Triangle,True,False,5,False,False,False,68,VERIFIED_FROM_OFFICIAL_MANUAL_TEXT_AND_USER_COLUMN_IMAGES
SC-8820,33,32,JAZZ,82,main_22_94,False,←,Shaker,True,False,,False,False,False,68,VERIFIED_FROM_OFFICIAL_MANUAL_TEXT_AND_USER_COLUMN_IMAGES
SC-8820,33,32,JAZZ,83,main_22_94,False,←,Jingle Bell,True,False,,False,False,False,68,VERIFIED_FROM_OFFICIAL_MANUAL_TEXT_AND_USER_COLUMN_IMAGES
SC-8820,33,32,JAZZ,84,main_22_94,False,←,Bell Tree,True,False,,False,False,False,68,VERIFIED_FROM_OFFICIAL_MANUAL_TEXT_AND_USER_COLUMN_IMAGES
SC-8820,33,32,JAZZ,85,main_22_94,False,←,Castanets,True,False,,False,False,False,68,VERIFIED_FROM_OFFICIAL_MANUAL_TEXT_AND_USER_COLUMN_IMAGES
SC-8820,33,32,JAZZ,86,main_22_94,False,←,Mute Surdo,True,False,6,False,False,False,68,VERIFIED_FROM_OFFICIAL_MANUAL_TEXT_AND_USER_COLUMN_IMAGES
SC-8820,33,32,JAZZ,87,main_22_94,False,←,Open Surdo,True,False,6,False,False,False,68,VERIFIED_FROM_OFFICIAL_MANUAL_TEXT_AND_USER_COLUMN_IMAGES
SC-8820,33,32,JAZZ,88,main_22_94,False,Applause *,Applause,False,False,,True,False,False,68,VERIFIED_FROM_OFFICIAL_MANUAL_TEXT_AND_USER_COLUMN_IMAGES
SC-8820,33,32,JAZZ,89,main_22_94,False,---,,False,True,,False,False,False,68,VERIFIED_FROM_OFFICIAL_MANUAL_TEXT_AND_USER_COLUMN_IMAGES
SC-8820,33,32,JAZZ,90,main_22_94,False,---,,False,True,,False,False,False,68,VERIFIED_FROM_OFFICIAL_MANUAL_TEXT_AND_USER_COLUMN_IMAGES
SC-8820,33,32,JAZZ,91,main_22_94,False,---,,False,True,,False,False,False,68,VERIFIED_FROM_OFFICIAL_MANUAL_TEXT_AND_USER_COLUMN_IMAGES
SC-8820,33,32,JAZZ,92,main_22_94,False,---,,False,True,,False,False,False,68,VERIFIED_FROM_OFFICIAL_MANUAL_TEXT_AND_USER_COLUMN_IMAGES
SC-8820,33,32,JAZZ,93,main_22_94,False,---,,False,True,,False,False,False,68,VERIFIED_FROM_OFFICIAL_MANUAL_TEXT_AND_USER_COLUMN_IMAGES
SC-8820,33,32,JAZZ,94,main_22_94,False,---,,False,True,,False,False,False,68,VERIFIED_FROM_OFFICIAL_MANUAL_TEXT_AND_USER_COLUMN_IMAGES
SC-8820,33,32,JAZZ,95,extended_0_21_95_127,False,---,,False,True,,False,False,False,75,VERIFIED_FROM_OFFICIAL_MANUAL_TEXT_AND_USER_COLUMN_IMAGES
SC-8820,33,32,JAZZ,96,extended_0_21_95_127,False,---,,False,True,,False,False,False,75,VERIFIED_FROM_OFFICIAL_MANUAL_TEXT_AND_USER_COLUMN_IMAGES
SC-8820,33,32,JAZZ,97,extended_0_21_95_127,False,---,,False,True,,False,False,False,75,VERIFIED_FROM_OFFICIAL_MANUAL_TEXT_AND_USER_COLUMN_IMAGES
SC-8820,33,32,JAZZ,98,extended_0_21_95_127,False,Brush Tap 2,Brush Tap 2,False,False,,False,False,False,75,VERIFIED_FROM_OFFICIAL_MANUAL_TEXT_AND_USER_COLUMN_IMAGES
SC-8820,33,32,JAZZ,99,extended_0_21_95_127,False,Brush Slap 2,Brush Slap 2,False,False,,False,False,False,75,VERIFIED_FROM_OFFICIAL_MANUAL_TEXT_AND_USER_COLUMN_IMAGES
SC-8820,33,32,JAZZ,100,extended_0_21_95_127,False,Brush Tap 1,Brush Tap 1,False,False,,False,False,False,75,VERIFIED_FROM_OFFICIAL_MANUAL_TEXT_AND_USER_COLUMN_IMAGES
SC-8820,33,32,JAZZ,101,extended_0_21_95_127,False,Brush Tap 2,Brush Tap 2,False,False,,False,False,False,75,VERIFIED_FROM_OFFICIAL_MANUAL_TEXT_AND_USER_COLUMN_IMAGES
SC-8820,33,32,JAZZ,102,extended_0_21_95_127,False,Brush Slap 1,Brush Slap 1,False,False,,False,False,False,75,VERIFIED_FROM_OFFICIAL_MANUAL_TEXT_AND_USER_COLUMN_IMAGES
SC-8820,33,32,JAZZ,103,extended_0_21_95_127,False,Brush Slap 2,Brush Slap 2,False,False,,False,False,False,75,VERIFIED_FROM_OFFICIAL_MANUAL_TEXT_AND_USER_COLUMN_IMAGES
SC-8820,33,32,JAZZ,104,extended_0_21_95_127,False,Brush Slap 3,Brush Slap 3,False,False,,False,False,False,75,VERIFIED_FROM_OFFICIAL_MANUAL_TEXT_AND_USER_COLUMN_IMAGES
SC-8820,33,32,JAZZ,105,extended_0_21_95_127,False,Brush Swirl 1,Brush Swirl 1,False,False,,False,False,False,75,VERIFIED_FROM_OFFICIAL_MANUAL_TEXT_AND_USER_COLUMN_IMAGES
SC-8820,33,32,JAZZ,106,extended_0_21_95_127,False,Brush Swirl 2,Brush Swirl 2,False,False,,False,False,False,75,VERIFIED_FROM_OFFICIAL_MANUAL_TEXT_AND_USER_COLUMN_IMAGES
SC-8820,33,32,JAZZ,107,extended_0_21_95_127,False,Brush Long Swirl,Brush Long Swirl,False,False,,False,False,False,75,VERIFIED_FROM_OFFICIAL_MANUAL_TEXT_AND_USER_COLUMN_IMAGES
SC-8820,33,32,JAZZ,108,extended_0_21_95_127,False,Jazz Snare 1,Jazz Snare 1,False,False,,False,False,False,75,VERIFIED_FROM_OFFICIAL_MANUAL_TEXT_AND_USER_COLUMN_IMAGES
SC-8820,33,32,JAZZ,109,extended_0_21_95_127,False,Jazz Snare 2,Jazz Snare 2,False,False,,False,False,False,75,VERIFIED_FROM_OFFICIAL_MANUAL_TEXT_AND_USER_COLUMN_IMAGES
SC-8820,33,32,JAZZ,110,extended_0_21_95_127,False,Standard 1 Snare1,Standard 1 Snare1,False,False,,False,False,False,75,VERIFIED_FROM_OFFICIAL_MANUAL_TEXT_AND_USER_COLUMN_IMAGES
SC-8820,33,32,JAZZ,111,extended_0_21_95_127,False,Standard 1 Snare2,Standard 1 Snare2,False,False,,False,False,False,75,VERIFIED_FROM_OFFICIAL_MANUAL_TEXT_AND_USER_COLUMN_IMAGES
SC-8820,33,32,JAZZ,112,extended_0_21_95_127,False,Standard 2 Snare1,Standard 2 Snare1,False,False,,False,False,False,75,VERIFIED_FROM_OFFICIAL_MANUAL_TEXT_AND_USER_COLUMN_IMAGES
SC-8820,33,32,JAZZ,113,extended_0_21_95_127,False,Standard 2 Snare2,Standard 2 Snare2,False,False,,False,False,False,75,VERIFIED_FROM_OFFICIAL_MANUAL_TEXT_AND_USER_COLUMN_IMAGES
SC-8820,33,32,JAZZ,114,extended_0_21_95_127,False,Snare Drum 2,Snare Drum 2,False,False,,False,False,False,75,VERIFIED_FROM_OFFICIAL_MANUAL_TEXT_AND_USER_COLUMN_IMAGES
SC-8820,33,32,JAZZ,115,extended_0_21_95_127,False,Standard 1 Snare 1,Standard 1 Snare 1,False,False,,False,False,False,75,VERIFIED_FROM_OFFICIAL_MANUAL_TEXT_AND_USER_COLUMN_IMAGES
SC-8820,33,32,JAZZ,116,extended_0_21_95_127,False,Standard 1 Snare 2,Standard 1 Snare 2,False,False,,False,False,False,75,VERIFIED_FROM_OFFICIAL_MANUAL_TEXT_AND_USER_COLUMN_IMAGES
SC-8820,33,32,JAZZ,117,extended_0_21_95_127,False,Standard 1 Snare 3,Standard 1 Snare 3,False,False,,False,False,False,75,VERIFIED_FROM_OFFICIAL_MANUAL_TEXT_AND_USER_COLUMN_IMAGES
SC-8820,33,32,JAZZ,118,extended_0_21_95_127,False,Room Snare 1,Room Snare 1,False,False,,False,False,False,75,VERIFIED_FROM_OFFICIAL_MANUAL_TEXT_AND_USER_COLUMN_IMAGES
SC-8820,33,32,JAZZ,119,extended_0_21_95_127,False,Room Snare 2,Room Snare 2,False,False,,False,False,False,75,VERIFIED_FROM_OFFICIAL_MANUAL_TEXT_AND_USER_COLUMN_IMAGES
SC-8820,33,32,JAZZ,120,extended_0_21_95_127,False,Power Snare 1,Power Snare 1,False,False,,False,False,False,75,VERIFIED_FROM_OFFICIAL_MANUAL_TEXT_AND_USER_COLUMN_IMAGES
SC-8820,33,32,JAZZ,121,extended_0_21_95_127,False,Power Snare 2,Power Snare 2,False,False,,False,False,False,75,VERIFIED_FROM_OFFICIAL_MANUAL_TEXT_AND_USER_COLUMN_IMAGES
SC-8820,33,32,JAZZ,122,extended_0_21_95_127,False,Gated Snare,Gated Snare,False,False,,False,False,False,75,VERIFIED_FROM_OFFICIAL_MANUAL_TEXT_AND_USER_COLUMN_IMAGES
SC-8820,33,32,JAZZ,123,extended_0_21_95_127,False,Dance Snare 1,Dance Snare 1,False,False,,False,False,False,75,VERIFIED_FROM_OFFICIAL_MANUAL_TEXT_AND_USER_COLUMN_IMAGES
SC-8820,33,32,JAZZ,124,extended_0_21_95_127,False,Dance Snare 2,Dance Snare 2,False,False,,False,False,False,75,VERIFIED_FROM_OFFICIAL_MANUAL_TEXT_AND_USER_COLUMN_IMAGES
SC-8820,33,32,JAZZ,125,extended_0_21_95_127,False,Disco Snare,Disco Snare,False,False,,False,False,False,75,VERIFIED_FROM_OFFICIAL_MANUAL_TEXT_AND_USER_COLUMN_IMAGES
SC-8820,33,32,JAZZ,126,extended_0_21_95_127,False,Electric Snare 2,Electric Snare 2,False,False,,False,False,False,75,VERIFIED_FROM_OFFICIAL_MANUAL_TEXT_AND_USER_COLUMN_IMAGES
SC-8820,33,32,JAZZ,127,extended_0_21_95_127,False,Electric Snare 3 *,Electric Snare 3,False,False,,True,False,False,75,VERIFIED_FROM_OFFICIAL_MANUAL_TEXT_AND_USER_COLUMN_IMAGES
SC-8820,41,40,BRUSH,0,extended_0_21_95_127,False,←,Standard 1 Kick 1,True,False,,False,False,False,75,VERIFIED_FROM_OFFICIAL_MANUAL_TEXT_AND_USER_COLUMN_IMAGES
SC-8820,41,40,BRUSH,1,extended_0_21_95_127,False,←,Standard 1 Kick 2,True,False,,False,False,False,75,VERIFIED_FROM_OFFICIAL_MANUAL_TEXT_AND_USER_COLUMN_IMAGES
SC-8820,41,40,BRUSH,2,extended_0_21_95_127,False,←,Standard 2 Kick 1,True,False,,False,False,False,75,VERIFIED_FROM_OFFICIAL_MANUAL_TEXT_AND_USER_COLUMN_IMAGES
SC-8820,41,40,BRUSH,3,extended_0_21_95_127,False,←,Standard 2 Kick 2,True,False,,False,False,False,75,VERIFIED_FROM_OFFICIAL_MANUAL_TEXT_AND_USER_COLUMN_IMAGES
SC-8820,41,40,BRUSH,4,extended_0_21_95_127,False,←,Kick Drum 1,True,False,,False,False,False,75,VERIFIED_FROM_OFFICIAL_MANUAL_TEXT_AND_USER_COLUMN_IMAGES
SC-8820,41,40,BRUSH,5,extended_0_21_95_127,False,←,Kick Drum 2,True,False,,False,False,False,75,VERIFIED_FROM_OFFICIAL_MANUAL_TEXT_AND_USER_COLUMN_IMAGES
SC-8820,41,40,BRUSH,6,extended_0_21_95_127,False,←,Jazz Kick 1,True,False,,False,False,False,75,VERIFIED_FROM_OFFICIAL_MANUAL_TEXT_AND_USER_COLUMN_IMAGES
SC-8820,41,40,BRUSH,7,extended_0_21_95_127,False,←,Jazz Kick 2,True,False,,False,False,False,75,VERIFIED_FROM_OFFICIAL_MANUAL_TEXT_AND_USER_COLUMN_IMAGES
SC-8820,41,40,BRUSH,8,extended_0_21_95_127,False,←,Room Kick 1,True,False,,False,False,False,75,VERIFIED_FROM_OFFICIAL_MANUAL_TEXT_AND_USER_COLUMN_IMAGES
SC-8820,41,40,BRUSH,9,extended_0_21_95_127,False,←,Room Kick 2,True,False,,False,False,False,75,VERIFIED_FROM_OFFICIAL_MANUAL_TEXT_AND_USER_COLUMN_IMAGES
SC-8820,41,40,BRUSH,10,extended_0_21_95_127,False,←,Power Kick 1,True,False,,False,False,False,75,VERIFIED_FROM_OFFICIAL_MANUAL_TEXT_AND_USER_COLUMN_IMAGES
SC-8820,41,40,BRUSH,11,extended_0_21_95_127,False,←,Power Kick 2,True,False,,False,False,False,75,VERIFIED_FROM_OFFICIAL_MANUAL_TEXT_AND_USER_COLUMN_IMAGES
SC-8820,41,40,BRUSH,12,extended_0_21_95_127,False,←,Electric Kick 2,True,False,,False,False,False,75,VERIFIED_FROM_OFFICIAL_MANUAL_TEXT_AND_USER_COLUMN_IMAGES
SC-8820,41,40,BRUSH,13,extended_0_21_95_127,False,←,Electric Kick 1,True,False,,True,False,False,75,VERIFIED_FROM_OFFICIAL_MANUAL_TEXT_AND_USER_COLUMN_IMAGES
SC-8820,41,40,BRUSH,14,extended_0_21_95_127,False,←,TR-808 Kick,True,False,,False,False,False,75,VERIFIED_FROM_OFFICIAL_MANUAL_TEXT_AND_USER_COLUMN_IMAGES
SC-8820,41,40,BRUSH,15,extended_0_21_95_127,False,←,TR-909 Kick,True,False,,False,False,False,75,VERIFIED_FROM_OFFICIAL_MANUAL_TEXT_AND_USER_COLUMN_IMAGES
SC-8820,41,40,BRUSH,16,extended_0_21_95_127,False,←,Dance Kick,True,False,,False,False,False,75,VERIFIED_FROM_OFFICIAL_MANUAL_TEXT_AND_USER_COLUMN_IMAGES
SC-8820,41,40,BRUSH,17,extended_0_21_95_127,False,←,Voice One,True,False,,False,False,False,75,VERIFIED_FROM_OFFICIAL_MANUAL_TEXT_AND_USER_COLUMN_IMAGES
SC-8820,41,40,BRUSH,18,extended_0_21_95_127,False,←,Voice Two,True,False,,False,False,False,75,VERIFIED_FROM_OFFICIAL_MANUAL_TEXT_AND_USER_COLUMN_IMAGES
SC-8820,41,40,BRUSH,19,extended_0_21_95_127,False,←,Voice Three,True,False,,False,False,False,75,VERIFIED_FROM_OFFICIAL_MANUAL_TEXT_AND_USER_COLUMN_IMAGES
SC-8820,41,40,BRUSH,20,extended_0_21_95_127,False,---,,False,True,,False,False,False,75,VERIFIED_FROM_OFFICIAL_MANUAL_TEXT_AND_USER_COLUMN_IMAGES
SC-8820,41,40,BRUSH,21,extended_0_21_95_127,False,---,,False,True,,False,False,False,75,VERIFIED_FROM_OFFICIAL_MANUAL_TEXT_AND_USER_COLUMN_IMAGES
SC-8820,41,40,BRUSH,22,main_22_94,False,←,MC-500 Beep 1,True,False,,False,False,False,68,VERIFIED_FROM_OFFICIAL_MANUAL_TEXT_AND_USER_COLUMN_IMAGES
SC-8820,41,40,BRUSH,23,main_22_94,False,←,MC-500 Beep 2,True,False,,False,False,False,68,VERIFIED_FROM_OFFICIAL_MANUAL_TEXT_AND_USER_COLUMN_IMAGES
SC-8820,41,40,BRUSH,24,main_22_94,False,←,Concert SD,True,False,,False,False,False,68,VERIFIED_FROM_OFFICIAL_MANUAL_TEXT_AND_USER_COLUMN_IMAGES
SC-8820,41,40,BRUSH,25,main_22_94,False,←,Snare Roll,True,False,,False,False,False,68,VERIFIED_FROM_OFFICIAL_MANUAL_TEXT_AND_USER_COLUMN_IMAGES
SC-8820,41,40,BRUSH,26,main_22_94,False,Finger Snap 2,Finger Snap 2,False,False,,False,False,False,68,VERIFIED_FROM_OFFICIAL_MANUAL_TEXT_AND_USER_COLUMN_IMAGES
SC-8820,41,40,BRUSH,27,main_22_94,False,←,High Q,True,False,,False,False,False,68,VERIFIED_FROM_OFFICIAL_MANUAL_TEXT_AND_USER_COLUMN_IMAGES
SC-8820,41,40,BRUSH,28,main_22_94,False,←,Slap,True,False,,False,False,False,68,VERIFIED_FROM_OFFICIAL_MANUAL_TEXT_AND_USER_COLUMN_IMAGES
SC-8820,41,40,BRUSH,29,main_22_94,False,←,Scratch Push,True,False,7,False,False,False,68,VERIFIED_FROM_OFFICIAL_MANUAL_TEXT_AND_USER_COLUMN_IMAGES
SC-8820,41,40,BRUSH,30,main_22_94,False,←,Scratch Pull,True,False,7,False,False,False,68,VERIFIED_FROM_OFFICIAL_MANUAL_TEXT_AND_USER_COLUMN_IMAGES
SC-8820,41,40,BRUSH,31,main_22_94,False,←,Sticks,True,False,,False,False,False,68,VERIFIED_FROM_OFFICIAL_MANUAL_TEXT_AND_USER_COLUMN_IMAGES
SC-8820,41,40,BRUSH,32,main_22_94,False,←,Square Click,True,False,,False,False,False,68,VERIFIED_FROM_OFFICIAL_MANUAL_TEXT_AND_USER_COLUMN_IMAGES
SC-8820,41,40,BRUSH,33,main_22_94,False,←,Metronome Click,True,False,,False,False,False,68,VERIFIED_FROM_OFFICIAL_MANUAL_TEXT_AND_USER_COLUMN_IMAGES
SC-8820,41,40,BRUSH,34,main_22_94,False,←,Metronome Bell,True,False,,False,False,False,68,VERIFIED_FROM_OFFICIAL_MANUAL_TEXT_AND_USER_COLUMN_IMAGES
SC-8820,41,40,BRUSH,35,main_22_94,True,Jazz Kick 2,Jazz Kick 2,False,False,,False,False,False,68,VERIFIED_FROM_OFFICIAL_MANUAL_TEXT_AND_USER_COLUMN_IMAGES
SC-8820,41,40,BRUSH,36,main_22_94,True,Jazz Kick 1,Jazz Kick 1,False,False,,False,False,False,68,VERIFIED_FROM_OFFICIAL_MANUAL_TEXT_AND_USER_COLUMN_IMAGES
SC-8820,41,40,BRUSH,37,main_22_94,True,←,Side Stick,True,False,,False,False,False,68,VERIFIED_FROM_OFFICIAL_MANUAL_TEXT_AND_USER_COLUMN_IMAGES
SC-8820,41,40,BRUSH,38,main_22_94,True,Brush Tap 1,Brush Tap 1,False,False,,False,False,False,68,VERIFIED_FROM_OFFICIAL_MANUAL_TEXT_AND_USER_COLUMN_IMAGES
SC-8820,41,40,BRUSH,39,main_22_94,True,Brush Slap 1,Brush Slap 1,False,False,,False,False,False,68,VERIFIED_FROM_OFFICIAL_MANUAL_TEXT_AND_USER_COLUMN_IMAGES
SC-8820,41,40,BRUSH,40,main_22_94,True,Brush Swirl 1,Brush Swirl 1,False,False,,False,False,False,68,VERIFIED_FROM_OFFICIAL_MANUAL_TEXT_AND_USER_COLUMN_IMAGES
SC-8820,41,40,BRUSH,41,main_22_94,True,Brush Low Tom 2 *,Brush Low Tom 2,False,False,,True,False,False,68,VERIFIED_FROM_OFFICIAL_MANUAL_TEXT_AND_USER_COLUMN_IMAGES
SC-8820,41,40,BRUSH,42,main_22_94,True,Brush Closed Hi-Hat [EXC1],Brush Closed Hi-Hat,False,False,1,False,False,False,68,VERIFIED_FROM_OFFICIAL_MANUAL_TEXT_AND_USER_COLUMN_IMAGES
SC-8820,41,40,BRUSH,43,main_22_94,True,Brush Low Tom 1 *,Brush Low Tom 1,False,False,,True,False,False,68,VERIFIED_FROM_OFFICIAL_MANUAL_TEXT_AND_USER_COLUMN_IMAGES
SC-8820,41,40,BRUSH,44,main_22_94,True,Pedal Hi-Hat [EXC1],Pedal Hi-Hat,False,False,1,False,False,False,68,VERIFIED_FROM_OFFICIAL_MANUAL_TEXT_AND_USER_COLUMN_IMAGES
SC-8820,41,40,BRUSH,45,main_22_94,True,Brush Mid Tom 2 *,Brush Mid Tom 2,False,False,,True,False,False,68,VERIFIED_FROM_OFFICIAL_MANUAL_TEXT_AND_USER_COLUMN_IMAGES
SC-8820,41,40,BRUSH,46,main_22_94,True,Brush Open Hi-Hat [EXC1],Brush Open Hi-Hat,False,False,1,False,False,False,68,VERIFIED_FROM_OFFICIAL_MANUAL_TEXT_AND_USER_COLUMN_IMAGES
SC-8820,41,40,BRUSH,47,main_22_94,True,Brush Mid Tom 1 *,Brush Mid Tom 1,False,False,,True,False,False,68,VERIFIED_FROM_OFFICIAL_MANUAL_TEXT_AND_USER_COLUMN_IMAGES
SC-8820,41,40,BRUSH,48,main_22_94,True,Brush High Tom 2 *,Brush High Tom 2,False,False,,True,False,False,68,VERIFIED_FROM_OFFICIAL_MANUAL_TEXT_AND_USER_COLUMN_IMAGES
SC-8820,41,40,BRUSH,49,main_22_94,True,Brush Crash Cymbal,Brush Crash Cymbal,False,False,,False,False,False,68,VERIFIED_FROM_OFFICIAL_MANUAL_TEXT_AND_USER_COLUMN_IMAGES
SC-8820,41,40,BRUSH,50,main_22_94,True,Brush High Tom 1 *,Brush High Tom 1,False,False,,True,False,False,68,VERIFIED_FROM_OFFICIAL_MANUAL_TEXT_AND_USER_COLUMN_IMAGES
SC-8820,41,40,BRUSH,51,main_22_94,True,Ride Cymbal Inner,Ride Cymbal Inner,False,False,,False,False,False,68,VERIFIED_FROM_OFFICIAL_MANUAL_TEXT_AND_USER_COLUMN_IMAGES
SC-8820,41,40,BRUSH,52,main_22_94,True,←,Chinese Cymbal,True,False,,False,False,False,68,VERIFIED_FROM_OFFICIAL_MANUAL_TEXT_AND_USER_COLUMN_IMAGES
SC-8820,41,40,BRUSH,53,main_22_94,True,Brush Ride Bell,Brush Ride Bell,False,False,,False,False,False,68,VERIFIED_FROM_OFFICIAL_MANUAL_TEXT_AND_USER_COLUMN_IMAGES
SC-8820,41,40,BRUSH,54,main_22_94,True,←,Tambourine,True,False,,False,False,False,68,VERIFIED_FROM_OFFICIAL_MANUAL_TEXT_AND_USER_COLUMN_IMAGES
SC-8820,41,40,BRUSH,55,main_22_94,True,←,Splash Cymbal,True,False,,False,False,False,68,VERIFIED_FROM_OFFICIAL_MANUAL_TEXT_AND_USER_COLUMN_IMAGES
SC-8820,41,40,BRUSH,56,main_22_94,True,←,Cowbell,True,False,,False,False,False,68,VERIFIED_FROM_OFFICIAL_MANUAL_TEXT_AND_USER_COLUMN_IMAGES
SC-8820,41,40,BRUSH,57,main_22_94,True,←,Crash Cymbal 2,True,False,,False,False,False,68,VERIFIED_FROM_OFFICIAL_MANUAL_TEXT_AND_USER_COLUMN_IMAGES
SC-8820,41,40,BRUSH,58,main_22_94,True,←,Vibra-slap,True,False,,False,False,False,68,VERIFIED_FROM_OFFICIAL_MANUAL_TEXT_AND_USER_COLUMN_IMAGES
SC-8820,41,40,BRUSH,59,main_22_94,True,Ride Cymbal Edge,Ride Cymbal Edge,False,False,,False,False,False,68,VERIFIED_FROM_OFFICIAL_MANUAL_TEXT_AND_USER_COLUMN_IMAGES
SC-8820,41,40,BRUSH,60,main_22_94,True,←,High Bongo,True,False,,False,False,False,68,VERIFIED_FROM_OFFICIAL_MANUAL_TEXT_AND_USER_COLUMN_IMAGES
SC-8820,41,40,BRUSH,61,main_22_94,True,←,Low Bongo,True,False,,False,False,False,68,VERIFIED_FROM_OFFICIAL_MANUAL_TEXT_AND_USER_COLUMN_IMAGES
SC-8820,41,40,BRUSH,62,main_22_94,True,←,Mute High Conga,True,False,,False,False,False,68,VERIFIED_FROM_OFFICIAL_MANUAL_TEXT_AND_USER_COLUMN_IMAGES
SC-8820,41,40,BRUSH,63,main_22_94,True,←,Open High Conga,True,False,,False,False,False,68,VERIFIED_FROM_OFFICIAL_MANUAL_TEXT_AND_USER_COLUMN_IMAGES
SC-8820,41,40,BRUSH,64,main_22_94,True,←,Low Conga,True,False,,False,False,False,68,VERIFIED_FROM_OFFICIAL_MANUAL_TEXT_AND_USER_COLUMN_IMAGES
SC-8820,41,40,BRUSH,65,main_22_94,True,←,High Timbale,True,False,,False,False,False,68,VERIFIED_FROM_OFFICIAL_MANUAL_TEXT_AND_USER_COLUMN_IMAGES
SC-8820,41,40,BRUSH,66,main_22_94,True,←,Low Timbale,True,False,,False,False,False,68,VERIFIED_FROM_OFFICIAL_MANUAL_TEXT_AND_USER_COLUMN_IMAGES
SC-8820,41,40,BRUSH,67,main_22_94,True,←,High Agogo,True,False,,False,False,False,68,VERIFIED_FROM_OFFICIAL_MANUAL_TEXT_AND_USER_COLUMN_IMAGES
SC-8820,41,40,BRUSH,68,main_22_94,True,←,Low Agogo,True,False,,False,False,False,68,VERIFIED_FROM_OFFICIAL_MANUAL_TEXT_AND_USER_COLUMN_IMAGES
SC-8820,41,40,BRUSH,69,main_22_94,True,←,Cabasa,True,False,,False,False,False,68,VERIFIED_FROM_OFFICIAL_MANUAL_TEXT_AND_USER_COLUMN_IMAGES
SC-8820,41,40,BRUSH,70,main_22_94,True,←,Maracas,True,False,,False,False,False,68,VERIFIED_FROM_OFFICIAL_MANUAL_TEXT_AND_USER_COLUMN_IMAGES
SC-8820,41,40,BRUSH,71,main_22_94,True,←,Short High Whistle,True,False,2,False,False,False,68,VERIFIED_FROM_OFFICIAL_MANUAL_TEXT_AND_USER_COLUMN_IMAGES
SC-8820,41,40,BRUSH,72,main_22_94,True,←,Long Low Whistle,True,False,2,False,False,False,68,VERIFIED_FROM_OFFICIAL_MANUAL_TEXT_AND_USER_COLUMN_IMAGES
SC-8820,41,40,BRUSH,73,main_22_94,True,←,Short Guiro,True,False,3,False,False,False,68,VERIFIED_FROM_OFFICIAL_MANUAL_TEXT_AND_USER_COLUMN_IMAGES
SC-8820,41,40,BRUSH,74,main_22_94,True,←,Long Guiro,True,False,3,False,False,False,68,VERIFIED_FROM_OFFICIAL_MANUAL_TEXT_AND_USER_COLUMN_IMAGES
SC-8820,41,40,BRUSH,75,main_22_94,True,←,Claves,True,False,,False,False,False,68,VERIFIED_FROM_OFFICIAL_MANUAL_TEXT_AND_USER_COLUMN_IMAGES
SC-8820,41,40,BRUSH,76,main_22_94,True,←,High Wood Block,True,False,,False,False,False,68,VERIFIED_FROM_OFFICIAL_MANUAL_TEXT_AND_USER_COLUMN_IMAGES
SC-8820,41,40,BRUSH,77,main_22_94,True,←,Low Wood Block,True,False,,False,False,False,68,VERIFIED_FROM_OFFICIAL_MANUAL_TEXT_AND_USER_COLUMN_IMAGES
SC-8820,41,40,BRUSH,78,main_22_94,True,←,Mute Cuica,True,False,4,False,False,False,68,VERIFIED_FROM_OFFICIAL_MANUAL_TEXT_AND_USER_COLUMN_IMAGES
SC-8820,41,40,BRUSH,79,main_22_94,True,←,Open Cuica,True,False,4,False,False,False,68,VERIFIED_FROM_OFFICIAL_MANUAL_TEXT_AND_USER_COLUMN_IMAGES
SC-8820,41,40,BRUSH,80,main_22_94,True,←,Mute Triangle,True,False,5,False,False,False,68,VERIFIED_FROM_OFFICIAL_MANUAL_TEXT_AND_USER_COLUMN_IMAGES
SC-8820,41,40,BRUSH,81,main_22_94,True,←,Open Triangle,True,False,5,False,False,False,68,VERIFIED_FROM_OFFICIAL_MANUAL_TEXT_AND_USER_COLUMN_IMAGES
SC-8820,41,40,BRUSH,82,main_22_94,False,←,Shaker,True,False,,False,False,False,68,VERIFIED_FROM_OFFICIAL_MANUAL_TEXT_AND_USER_COLUMN_IMAGES
SC-8820,41,40,BRUSH,83,main_22_94,False,←,Jingle Bell,True,False,,False,False,False,68,VERIFIED_FROM_OFFICIAL_MANUAL_TEXT_AND_USER_COLUMN_IMAGES
SC-8820,41,40,BRUSH,84,main_22_94,False,←,Bell Tree,True,False,,False,False,False,68,VERIFIED_FROM_OFFICIAL_MANUAL_TEXT_AND_USER_COLUMN_IMAGES
SC-8820,41,40,BRUSH,85,main_22_94,False,←,Castanets,True,False,,False,False,False,68,VERIFIED_FROM_OFFICIAL_MANUAL_TEXT_AND_USER_COLUMN_IMAGES
SC-8820,41,40,BRUSH,86,main_22_94,False,←,Mute Surdo,True,False,6,False,False,False,68,VERIFIED_FROM_OFFICIAL_MANUAL_TEXT_AND_USER_COLUMN_IMAGES
SC-8820,41,40,BRUSH,87,main_22_94,False,←,Open Surdo,True,False,6,False,False,False,68,VERIFIED_FROM_OFFICIAL_MANUAL_TEXT_AND_USER_COLUMN_IMAGES
SC-8820,41,40,BRUSH,88,main_22_94,False,Applause *,Applause,False,False,,True,False,False,68,VERIFIED_FROM_OFFICIAL_MANUAL_TEXT_AND_USER_COLUMN_IMAGES
SC-8820,41,40,BRUSH,89,main_22_94,False,---,,False,True,,False,False,False,68,VERIFIED_FROM_OFFICIAL_MANUAL_TEXT_AND_USER_COLUMN_IMAGES
SC-8820,41,40,BRUSH,90,main_22_94,False,---,,False,True,,False,False,False,68,VERIFIED_FROM_OFFICIAL_MANUAL_TEXT_AND_USER_COLUMN_IMAGES
SC-8820,41,40,BRUSH,91,main_22_94,False,---,,False,True,,False,False,False,68,VERIFIED_FROM_OFFICIAL_MANUAL_TEXT_AND_USER_COLUMN_IMAGES
SC-8820,41,40,BRUSH,92,main_22_94,False,---,,False,True,,False,False,False,68,VERIFIED_FROM_OFFICIAL_MANUAL_TEXT_AND_USER_COLUMN_IMAGES
SC-8820,41,40,BRUSH,93,main_22_94,False,---,,False,True,,False,False,False,68,VERIFIED_FROM_OFFICIAL_MANUAL_TEXT_AND_USER_COLUMN_IMAGES
SC-8820,41,40,BRUSH,94,main_22_94,False,---,,False,True,,False,False,False,68,VERIFIED_FROM_OFFICIAL_MANUAL_TEXT_AND_USER_COLUMN_IMAGES
SC-8820,41,40,BRUSH,95,extended_0_21_95_127,False,---,,False,True,,False,False,False,75,VERIFIED_FROM_OFFICIAL_MANUAL_TEXT_AND_USER_COLUMN_IMAGES
SC-8820,41,40,BRUSH,96,extended_0_21_95_127,False,---,,False,True,,False,False,False,75,VERIFIED_FROM_OFFICIAL_MANUAL_TEXT_AND_USER_COLUMN_IMAGES
SC-8820,41,40,BRUSH,97,extended_0_21_95_127,False,---,,False,True,,False,False,False,75,VERIFIED_FROM_OFFICIAL_MANUAL_TEXT_AND_USER_COLUMN_IMAGES
SC-8820,41,40,BRUSH,98,extended_0_21_95_127,False,---,,False,True,,False,False,False,75,VERIFIED_FROM_OFFICIAL_MANUAL_TEXT_AND_USER_COLUMN_IMAGES
SC-8820,41,40,BRUSH,99,extended_0_21_95_127,False,---,,False,True,,False,False,False,75,VERIFIED_FROM_OFFICIAL_MANUAL_TEXT_AND_USER_COLUMN_IMAGES
SC-8820,41,40,BRUSH,100,extended_0_21_95_127,False,Brush Tap 1,Brush Tap 1,False,False,,False,False,False,75,VERIFIED_FROM_OFFICIAL_MANUAL_TEXT_AND_USER_COLUMN_IMAGES
SC-8820,41,40,BRUSH,101,extended_0_21_95_127,False,Brush Tap 2,Brush Tap 2,False,False,,False,False,False,75,VERIFIED_FROM_OFFICIAL_MANUAL_TEXT_AND_USER_COLUMN_IMAGES
SC-8820,41,40,BRUSH,102,extended_0_21_95_127,False,Brush Slap 1,Brush Slap 1,False,False,,False,False,False,75,VERIFIED_FROM_OFFICIAL_MANUAL_TEXT_AND_USER_COLUMN_IMAGES
SC-8820,41,40,BRUSH,103,extended_0_21_95_127,False,Brush Slap 2,Brush Slap 2,False,False,,False,False,False,75,VERIFIED_FROM_OFFICIAL_MANUAL_TEXT_AND_USER_COLUMN_IMAGES
SC-8820,41,40,BRUSH,104,extended_0_21_95_127,False,Brush Slap 3,Brush Slap 3,False,False,,False,False,False,75,VERIFIED_FROM_OFFICIAL_MANUAL_TEXT_AND_USER_COLUMN_IMAGES
SC-8820,41,40,BRUSH,105,extended_0_21_95_127,False,Brush Swirl 1,Brush Swirl 1,False,False,,False,False,False,75,VERIFIED_FROM_OFFICIAL_MANUAL_TEXT_AND_USER_COLUMN_IMAGES
SC-8820,41,40,BRUSH,106,extended_0_21_95_127,False,Brush Swirl 2,Brush Swirl 2,False,False,,False,False,False,75,VERIFIED_FROM_OFFICIAL_MANUAL_TEXT_AND_USER_COLUMN_IMAGES
SC-8820,41,40,BRUSH,107,extended_0_21_95_127,False,Brush Long Swirl,Brush Long Swirl,False,False,,False,False,False,75,VERIFIED_FROM_OFFICIAL_MANUAL_TEXT_AND_USER_COLUMN_IMAGES
SC-8820,41,40,BRUSH,108,extended_0_21_95_127,False,Jazz Snare 1,Jazz Snare 1,False,False,,False,False,False,75,VERIFIED_FROM_OFFICIAL_MANUAL_TEXT_AND_USER_COLUMN_IMAGES
SC-8820,41,40,BRUSH,109,extended_0_21_95_127,False,Jazz Snare 2,Jazz Snare 2,False,False,,False,False,False,75,VERIFIED_FROM_OFFICIAL_MANUAL_TEXT_AND_USER_COLUMN_IMAGES
SC-8820,41,40,BRUSH,110,extended_0_21_95_127,False,Standard 1 Snare1,Standard 1 Snare1,False,False,,False,False,False,75,VERIFIED_FROM_OFFICIAL_MANUAL_TEXT_AND_USER_COLUMN_IMAGES
SC-8820,41,40,BRUSH,111,extended_0_21_95_127,False,Standard 1 Snare2,Standard 1 Snare2,False,False,,False,False,False,75,VERIFIED_FROM_OFFICIAL_MANUAL_TEXT_AND_USER_COLUMN_IMAGES
SC-8820,41,40,BRUSH,112,extended_0_21_95_127,False,Standard 2 Snare1,Standard 2 Snare1,False,False,,False,False,False,75,VERIFIED_FROM_OFFICIAL_MANUAL_TEXT_AND_USER_COLUMN_IMAGES
SC-8820,41,40,BRUSH,113,extended_0_21_95_127,False,Standard 2 Snare2,Standard 2 Snare2,False,False,,False,False,False,75,VERIFIED_FROM_OFFICIAL_MANUAL_TEXT_AND_USER_COLUMN_IMAGES
SC-8820,41,40,BRUSH,114,extended_0_21_95_127,False,Snare Drum 2,Snare Drum 2,False,False,,False,False,False,75,VERIFIED_FROM_OFFICIAL_MANUAL_TEXT_AND_USER_COLUMN_IMAGES
SC-8820,41,40,BRUSH,115,extended_0_21_95_127,False,Standard 1 Snare 1,Standard 1 Snare 1,False,False,,False,False,False,75,VERIFIED_FROM_OFFICIAL_MANUAL_TEXT_AND_USER_COLUMN_IMAGES
SC-8820,41,40,BRUSH,116,extended_0_21_95_127,False,Standard 1 Snare 2,Standard 1 Snare 2,False,False,,False,False,False,75,VERIFIED_FROM_OFFICIAL_MANUAL_TEXT_AND_USER_COLUMN_IMAGES
SC-8820,41,40,BRUSH,117,extended_0_21_95_127,False,Standard 1 Snare 3,Standard 1 Snare 3,False,False,,False,False,False,75,VERIFIED_FROM_OFFICIAL_MANUAL_TEXT_AND_USER_COLUMN_IMAGES
SC-8820,41,40,BRUSH,118,extended_0_21_95_127,False,Room Snare 1,Room Snare 1,False,False,,False,False,False,75,VERIFIED_FROM_OFFICIAL_MANUAL_TEXT_AND_USER_COLUMN_IMAGES
SC-8820,41,40,BRUSH,119,extended_0_21_95_127,False,Room Snare 2,Room Snare 2,False,False,,False,False,False,75,VERIFIED_FROM_OFFICIAL_MANUAL_TEXT_AND_USER_COLUMN_IMAGES
SC-8820,41,40,BRUSH,120,extended_0_21_95_127,False,Power Snare 1,Power Snare 1,False,False,,False,False,False,75,VERIFIED_FROM_OFFICIAL_MANUAL_TEXT_AND_USER_COLUMN_IMAGES
SC-8820,41,40,BRUSH,121,extended_0_21_95_127,False,Power Snare 2,Power Snare 2,False,False,,False,False,False,75,VERIFIED_FROM_OFFICIAL_MANUAL_TEXT_AND_USER_COLUMN_IMAGES
SC-8820,41,40,BRUSH,122,extended_0_21_95_127,False,Gated Snare,Gated Snare,False,False,,False,False,False,75,VERIFIED_FROM_OFFICIAL_MANUAL_TEXT_AND_USER_COLUMN_IMAGES
SC-8820,41,40,BRUSH,123,extended_0_21_95_127,False,Dance Snare 1,Dance Snare 1,False,False,,False,False,False,75,VERIFIED_FROM_OFFICIAL_MANUAL_TEXT_AND_USER_COLUMN_IMAGES
SC-8820,41,40,BRUSH,124,extended_0_21_95_127,False,Dance Snare 2,Dance Snare 2,False,False,,False,False,False,75,VERIFIED_FROM_OFFICIAL_MANUAL_TEXT_AND_USER_COLUMN_IMAGES
SC-8820,41,40,BRUSH,125,extended_0_21_95_127,False,Disco Snare,Disco Snare,False,False,,False,False,False,75,VERIFIED_FROM_OFFICIAL_MANUAL_TEXT_AND_USER_COLUMN_IMAGES
SC-8820,41,40,BRUSH,126,extended_0_21_95_127,False,Electric Snare 2,Electric Snare 2,False,False,,False,False,False,75,VERIFIED_FROM_OFFICIAL_MANUAL_TEXT_AND_USER_COLUMN_IMAGES
SC-8820,41,40,BRUSH,127,extended_0_21_95_127,False,Electric Snare 3 *,Electric Snare 3,False,False,,True,False,False,75,VERIFIED_FROM_OFFICIAL_MANUAL_TEXT_AND_USER_COLUMN_IMAGES
SC-8820,49,48,ORCHESTRA,0,extended_0_21_95_127,False,←,Standard 1 Kick 1,True,False,,False,False,False,76,VERIFIED_FROM_OFFICIAL_MANUAL_TEXT_AND_USER_COLUMN_IMAGES
SC-8820,49,48,ORCHESTRA,1,extended_0_21_95_127,False,←,Standard 1 Kick 2,True,False,,False,False,False,76,VERIFIED_FROM_OFFICIAL_MANUAL_TEXT_AND_USER_COLUMN_IMAGES
SC-8820,49,48,ORCHESTRA,2,extended_0_21_95_127,False,←,Standard 2 Kick 1,True,False,,False,False,False,76,VERIFIED_FROM_OFFICIAL_MANUAL_TEXT_AND_USER_COLUMN_IMAGES
SC-8820,49,48,ORCHESTRA,3,extended_0_21_95_127,False,←,Standard 2 Kick 2,True,False,,False,False,False,76,VERIFIED_FROM_OFFICIAL_MANUAL_TEXT_AND_USER_COLUMN_IMAGES
SC-8820,49,48,ORCHESTRA,4,extended_0_21_95_127,False,←,Kick Drum 1,True,False,,False,False,False,76,VERIFIED_FROM_OFFICIAL_MANUAL_TEXT_AND_USER_COLUMN_IMAGES
SC-8820,49,48,ORCHESTRA,5,extended_0_21_95_127,False,←,Kick Drum 2,True,False,,False,False,False,76,VERIFIED_FROM_OFFICIAL_MANUAL_TEXT_AND_USER_COLUMN_IMAGES
SC-8820,49,48,ORCHESTRA,6,extended_0_21_95_127,False,←,Jazz Kick 1,True,False,,False,False,False,76,VERIFIED_FROM_OFFICIAL_MANUAL_TEXT_AND_USER_COLUMN_IMAGES
SC-8820,49,48,ORCHESTRA,7,extended_0_21_95_127,False,←,Jazz Kick 2,True,False,,False,False,False,76,VERIFIED_FROM_OFFICIAL_MANUAL_TEXT_AND_USER_COLUMN_IMAGES
SC-8820,49,48,ORCHESTRA,8,extended_0_21_95_127,False,←,Room Kick 1,True,False,,False,False,False,76,VERIFIED_FROM_OFFICIAL_MANUAL_TEXT_AND_USER_COLUMN_IMAGES
SC-8820,49,48,ORCHESTRA,9,extended_0_21_95_127,False,←,Room Kick 2,True,False,,False,False,False,76,VERIFIED_FROM_OFFICIAL_MANUAL_TEXT_AND_USER_COLUMN_IMAGES
SC-8820,49,48,ORCHESTRA,10,extended_0_21_95_127,False,←,Power Kick 1,True,False,,False,False,False,76,VERIFIED_FROM_OFFICIAL_MANUAL_TEXT_AND_USER_COLUMN_IMAGES
SC-8820,49,48,ORCHESTRA,11,extended_0_21_95_127,False,←,Power Kick 2,True,False,,False,False,False,76,VERIFIED_FROM_OFFICIAL_MANUAL_TEXT_AND_USER_COLUMN_IMAGES
SC-8820,49,48,ORCHESTRA,12,extended_0_21_95_127,False,←,Electric Kick 2,True,False,,False,False,False,76,VERIFIED_FROM_OFFICIAL_MANUAL_TEXT_AND_USER_COLUMN_IMAGES
SC-8820,49,48,ORCHESTRA,13,extended_0_21_95_127,False,←,Electric Kick 1,True,False,,True,False,False,76,VERIFIED_FROM_OFFICIAL_MANUAL_TEXT_AND_USER_COLUMN_IMAGES
SC-8820,49,48,ORCHESTRA,14,extended_0_21_95_127,False,←,TR-808 Kick,True,False,,False,False,False,76,VERIFIED_FROM_OFFICIAL_MANUAL_TEXT_AND_USER_COLUMN_IMAGES
SC-8820,49,48,ORCHESTRA,15,extended_0_21_95_127,False,←,TR-909 Kick,True,False,,False,False,False,76,VERIFIED_FROM_OFFICIAL_MANUAL_TEXT_AND_USER_COLUMN_IMAGES
SC-8820,49,48,ORCHESTRA,16,extended_0_21_95_127,False,←,Dance Kick,True,False,,False,False,False,76,VERIFIED_FROM_OFFICIAL_MANUAL_TEXT_AND_USER_COLUMN_IMAGES
SC-8820,49,48,ORCHESTRA,17,extended_0_21_95_127,False,←,Voice One,True,False,,False,False,False,76,VERIFIED_FROM_OFFICIAL_MANUAL_TEXT_AND_USER_COLUMN_IMAGES
SC-8820,49,48,ORCHESTRA,18,extended_0_21_95_127,False,←,Voice Two,True,False,,False,False,False,76,VERIFIED_FROM_OFFICIAL_MANUAL_TEXT_AND_USER_COLUMN_IMAGES
SC-8820,49,48,ORCHESTRA,19,extended_0_21_95_127,False,←,Voice Three,True,False,,False,False,False,76,VERIFIED_FROM_OFFICIAL_MANUAL_TEXT_AND_USER_COLUMN_IMAGES
SC-8820,49,48,ORCHESTRA,20,extended_0_21_95_127,False,---,,False,True,,False,False,False,76,VERIFIED_FROM_OFFICIAL_MANUAL_TEXT_AND_USER_COLUMN_IMAGES
SC-8820,49,48,ORCHESTRA,21,extended_0_21_95_127,False,---,,False,True,,False,False,False,76,VERIFIED_FROM_OFFICIAL_MANUAL_TEXT_AND_USER_COLUMN_IMAGES
SC-8820,49,48,ORCHESTRA,22,main_22_94,False,←,MC-500 Beep 1,True,False,,False,False,False,69,VERIFIED_FROM_OFFICIAL_MANUAL_TEXT_AND_USER_COLUMN_IMAGES
SC-8820,49,48,ORCHESTRA,23,main_22_94,False,←,MC-500 Beep 2,True,False,,False,False,False,69,VERIFIED_FROM_OFFICIAL_MANUAL_TEXT_AND_USER_COLUMN_IMAGES
SC-8820,49,48,ORCHESTRA,24,main_22_94,False,←,Concert SD,True,False,,False,False,False,69,VERIFIED_FROM_OFFICIAL_MANUAL_TEXT_AND_USER_COLUMN_IMAGES
SC-8820,49,48,ORCHESTRA,25,main_22_94,False,←,Snare Roll,True,False,,False,False,False,69,VERIFIED_FROM_OFFICIAL_MANUAL_TEXT_AND_USER_COLUMN_IMAGES
SC-8820,49,48,ORCHESTRA,26,main_22_94,False,Finger Snap,Finger Snap,False,False,,False,False,False,69,VERIFIED_FROM_OFFICIAL_MANUAL_TEXT_AND_USER_COLUMN_IMAGES
SC-8820,49,48,ORCHESTRA,27,main_22_94,False,Closed Hi-Hat 2 [EXC1],Closed Hi-Hat 2,False,False,1,False,False,False,69,VERIFIED_FROM_OFFICIAL_MANUAL_TEXT_AND_USER_COLUMN_IMAGES
SC-8820,49,48,ORCHESTRA,28,main_22_94,False,Pedal Hi-Hat [EXC1],Pedal Hi-Hat,False,False,1,False,False,False,69,VERIFIED_FROM_OFFICIAL_MANUAL_TEXT_AND_USER_COLUMN_IMAGES
SC-8820,49,48,ORCHESTRA,29,main_22_94,False,Open Hi-Hat 2 [EXC1],Open Hi-Hat 2,False,False,1,False,False,False,69,VERIFIED_FROM_OFFICIAL_MANUAL_TEXT_AND_USER_COLUMN_IMAGES
SC-8820,49,48,ORCHESTRA,30,main_22_94,False,Ride Cymbal 1,Ride Cymbal 1,False,False,,False,False,False,69,VERIFIED_FROM_OFFICIAL_MANUAL_TEXT_AND_USER_COLUMN_IMAGES
SC-8820,49,48,ORCHESTRA,31,main_22_94,False,←,Sticks,True,False,,False,False,False,69,VERIFIED_FROM_OFFICIAL_MANUAL_TEXT_AND_USER_COLUMN_IMAGES
SC-8820,49,48,ORCHESTRA,32,main_22_94,False,←,Square Click,True,False,,False,False,False,69,VERIFIED_FROM_OFFICIAL_MANUAL_TEXT_AND_USER_COLUMN_IMAGES
SC-8820,49,48,ORCHESTRA,33,main_22_94,False,←,Metronome Click,True,False,,False,False,False,69,VERIFIED_FROM_OFFICIAL_MANUAL_TEXT_AND_USER_COLUMN_IMAGES
SC-8820,49,48,ORCHESTRA,34,main_22_94,False,←,Metronome Bell,True,False,,False,False,False,69,VERIFIED_FROM_OFFICIAL_MANUAL_TEXT_AND_USER_COLUMN_IMAGES
SC-8820,49,48,ORCHESTRA,35,main_22_94,True,Jazz Kick 1,Jazz Kick 1,False,False,,False,False,False,69,VERIFIED_FROM_OFFICIAL_MANUAL_TEXT_AND_USER_COLUMN_IMAGES
SC-8820,49,48,ORCHESTRA,36,main_22_94,True,Concert BD 1,Concert BD 1,False,False,,False,False,False,69,VERIFIED_FROM_OFFICIAL_MANUAL_TEXT_AND_USER_COLUMN_IMAGES
SC-8820,49,48,ORCHESTRA,37,main_22_94,True,←,Side Stick,True,False,,False,False,False,69,VERIFIED_FROM_OFFICIAL_MANUAL_TEXT_AND_USER_COLUMN_IMAGES
SC-8820,49,48,ORCHESTRA,38,main_22_94,True,Concert SD,Concert SD,False,False,,False,False,False,69,VERIFIED_FROM_OFFICIAL_MANUAL_TEXT_AND_USER_COLUMN_IMAGES
SC-8820,49,48,ORCHESTRA,39,main_22_94,True,Castanets,Castanets,False,False,,False,False,False,69,VERIFIED_FROM_OFFICIAL_MANUAL_TEXT_AND_USER_COLUMN_IMAGES
SC-8820,49,48,ORCHESTRA,40,main_22_94,True,Concert SD,Concert SD,False,False,,False,False,False,69,VERIFIED_FROM_OFFICIAL_MANUAL_TEXT_AND_USER_COLUMN_IMAGES
SC-8820,49,48,ORCHESTRA,41,main_22_94,True,Timpani F,Timpani F,False,False,,False,False,False,69,VERIFIED_FROM_OFFICIAL_MANUAL_TEXT_AND_USER_COLUMN_IMAGES
SC-8820,49,48,ORCHESTRA,42,main_22_94,True,Timpani F#,Timpani F#,False,False,,False,False,False,69,VERIFIED_FROM_OFFICIAL_MANUAL_TEXT_AND_USER_COLUMN_IMAGES
SC-8820,49,48,ORCHESTRA,43,main_22_94,True,Timpani G,Timpani G,False,False,,False,False,False,69,VERIFIED_FROM_OFFICIAL_MANUAL_TEXT_AND_USER_COLUMN_IMAGES
SC-8820,49,48,ORCHESTRA,44,main_22_94,True,Timpani G#,Timpani G#,False,False,,False,False,False,69,VERIFIED_FROM_OFFICIAL_MANUAL_TEXT_AND_USER_COLUMN_IMAGES
SC-8820,49,48,ORCHESTRA,45,main_22_94,True,Timpani A,Timpani A,False,False,,False,False,False,69,VERIFIED_FROM_OFFICIAL_MANUAL_TEXT_AND_USER_COLUMN_IMAGES
SC-8820,49,48,ORCHESTRA,46,main_22_94,True,Timpani A#,Timpani A#,False,False,,False,False,False,69,VERIFIED_FROM_OFFICIAL_MANUAL_TEXT_AND_USER_COLUMN_IMAGES
SC-8820,49,48,ORCHESTRA,47,main_22_94,True,Timpani B,Timpani B,False,False,,False,False,False,69,VERIFIED_FROM_OFFICIAL_MANUAL_TEXT_AND_USER_COLUMN_IMAGES
SC-8820,49,48,ORCHESTRA,48,main_22_94,True,Timpani c,Timpani c,False,False,,False,False,False,69,VERIFIED_FROM_OFFICIAL_MANUAL_TEXT_AND_USER_COLUMN_IMAGES
SC-8820,49,48,ORCHESTRA,49,main_22_94,True,Timpani c#,Timpani c#,False,False,,False,False,False,69,VERIFIED_FROM_OFFICIAL_MANUAL_TEXT_AND_USER_COLUMN_IMAGES
SC-8820,49,48,ORCHESTRA,50,main_22_94,True,Timpani d,Timpani d,False,False,,False,False,False,69,VERIFIED_FROM_OFFICIAL_MANUAL_TEXT_AND_USER_COLUMN_IMAGES
SC-8820,49,48,ORCHESTRA,51,main_22_94,True,Timpani d#,Timpani d#,False,False,,False,False,False,69,VERIFIED_FROM_OFFICIAL_MANUAL_TEXT_AND_USER_COLUMN_IMAGES
SC-8820,49,48,ORCHESTRA,52,main_22_94,True,Timpani e,Timpani e,False,False,,False,False,False,69,VERIFIED_FROM_OFFICIAL_MANUAL_TEXT_AND_USER_COLUMN_IMAGES
SC-8820,49,48,ORCHESTRA,53,main_22_94,True,Timpani f,Timpani f,False,False,,False,False,False,69,VERIFIED_FROM_OFFICIAL_MANUAL_TEXT_AND_USER_COLUMN_IMAGES
SC-8820,49,48,ORCHESTRA,54,main_22_94,True,←,Tambourine,True,False,,False,False,False,69,VERIFIED_FROM_OFFICIAL_MANUAL_TEXT_AND_USER_COLUMN_IMAGES
SC-8820,49,48,ORCHESTRA,55,main_22_94,True,←,Splash Cymbal,True,False,,False,False,False,69,VERIFIED_FROM_OFFICIAL_MANUAL_TEXT_AND_USER_COLUMN_IMAGES
SC-8820,49,48,ORCHESTRA,56,main_22_94,True,←,Cowbell,True,False,,False,False,False,69,VERIFIED_FROM_OFFICIAL_MANUAL_TEXT_AND_USER_COLUMN_IMAGES
SC-8820,49,48,ORCHESTRA,57,main_22_94,True,Concert Cymbal 2,Concert Cymbal 2,False,False,,False,False,False,69,VERIFIED_FROM_OFFICIAL_MANUAL_TEXT_AND_USER_COLUMN_IMAGES
SC-8820,49,48,ORCHESTRA,58,main_22_94,True,←,Vibra-slap,True,False,,False,False,False,69,VERIFIED_FROM_OFFICIAL_MANUAL_TEXT_AND_USER_COLUMN_IMAGES
SC-8820,49,48,ORCHESTRA,59,main_22_94,True,Concert Cymbal 1,Concert Cymbal 1,False,False,,False,False,False,69,VERIFIED_FROM_OFFICIAL_MANUAL_TEXT_AND_USER_COLUMN_IMAGES
SC-8820,49,48,ORCHESTRA,60,main_22_94,True,←,High Bongo,True,False,,False,False,False,69,VERIFIED_FROM_OFFICIAL_MANUAL_TEXT_AND_USER_COLUMN_IMAGES
SC-8820,49,48,ORCHESTRA,61,main_22_94,True,←,Low Bongo,True,False,,False,False,False,69,VERIFIED_FROM_OFFICIAL_MANUAL_TEXT_AND_USER_COLUMN_IMAGES
SC-8820,49,48,ORCHESTRA,62,main_22_94,True,←,Mute High Conga,True,False,,False,False,False,69,VERIFIED_FROM_OFFICIAL_MANUAL_TEXT_AND_USER_COLUMN_IMAGES
SC-8820,49,48,ORCHESTRA,63,main_22_94,True,←,Open High Conga,True,False,,False,False,False,69,VERIFIED_FROM_OFFICIAL_MANUAL_TEXT_AND_USER_COLUMN_IMAGES
SC-8820,49,48,ORCHESTRA,64,main_22_94,True,←,Low Conga,True,False,,False,False,False,69,VERIFIED_FROM_OFFICIAL_MANUAL_TEXT_AND_USER_COLUMN_IMAGES
SC-8820,49,48,ORCHESTRA,65,main_22_94,True,←,High Timbale,True,False,,False,False,False,69,VERIFIED_FROM_OFFICIAL_MANUAL_TEXT_AND_USER_COLUMN_IMAGES
SC-8820,49,48,ORCHESTRA,66,main_22_94,True,←,Low Timbale,True,False,,False,False,False,69,VERIFIED_FROM_OFFICIAL_MANUAL_TEXT_AND_USER_COLUMN_IMAGES
SC-8820,49,48,ORCHESTRA,67,main_22_94,True,←,High Agogo,True,False,,False,False,False,69,VERIFIED_FROM_OFFICIAL_MANUAL_TEXT_AND_USER_COLUMN_IMAGES
SC-8820,49,48,ORCHESTRA,68,main_22_94,True,←,Low Agogo,True,False,,False,False,False,69,VERIFIED_FROM_OFFICIAL_MANUAL_TEXT_AND_USER_COLUMN_IMAGES
SC-8820,49,48,ORCHESTRA,69,main_22_94,True,←,Cabasa,True,False,,False,False,False,69,VERIFIED_FROM_OFFICIAL_MANUAL_TEXT_AND_USER_COLUMN_IMAGES
SC-8820,49,48,ORCHESTRA,70,main_22_94,True,←,Maracas,True,False,,False,False,False,69,VERIFIED_FROM_OFFICIAL_MANUAL_TEXT_AND_USER_COLUMN_IMAGES
SC-8820,49,48,ORCHESTRA,71,main_22_94,True,←,Short High Whistle,True,False,2,False,False,False,69,VERIFIED_FROM_OFFICIAL_MANUAL_TEXT_AND_USER_COLUMN_IMAGES
SC-8820,49,48,ORCHESTRA,72,main_22_94,True,←,Long Low Whistle,True,False,2,False,False,False,69,VERIFIED_FROM_OFFICIAL_MANUAL_TEXT_AND_USER_COLUMN_IMAGES
SC-8820,49,48,ORCHESTRA,73,main_22_94,True,←,Short Guiro,True,False,3,False,False,False,69,VERIFIED_FROM_OFFICIAL_MANUAL_TEXT_AND_USER_COLUMN_IMAGES
SC-8820,49,48,ORCHESTRA,74,main_22_94,True,←,Long Guiro,True,False,3,False,False,False,69,VERIFIED_FROM_OFFICIAL_MANUAL_TEXT_AND_USER_COLUMN_IMAGES
SC-8820,49,48,ORCHESTRA,75,main_22_94,True,←,Claves,True,False,,False,False,False,69,VERIFIED_FROM_OFFICIAL_MANUAL_TEXT_AND_USER_COLUMN_IMAGES
SC-8820,49,48,ORCHESTRA,76,main_22_94,True,←,High Wood Block,True,False,,False,False,False,69,VERIFIED_FROM_OFFICIAL_MANUAL_TEXT_AND_USER_COLUMN_IMAGES
SC-8820,49,48,ORCHESTRA,77,main_22_94,True,←,Low Wood Block,True,False,,False,False,False,69,VERIFIED_FROM_OFFICIAL_MANUAL_TEXT_AND_USER_COLUMN_IMAGES
SC-8820,49,48,ORCHESTRA,78,main_22_94,True,←,Mute Cuica,True,False,4,False,False,False,69,VERIFIED_FROM_OFFICIAL_MANUAL_TEXT_AND_USER_COLUMN_IMAGES
SC-8820,49,48,ORCHESTRA,79,main_22_94,True,←,Open Cuica,True,False,4,False,False,False,69,VERIFIED_FROM_OFFICIAL_MANUAL_TEXT_AND_USER_COLUMN_IMAGES
SC-8820,49,48,ORCHESTRA,80,main_22_94,True,←,Mute Triangle,True,False,5,False,False,False,69,VERIFIED_FROM_OFFICIAL_MANUAL_TEXT_AND_USER_COLUMN_IMAGES
SC-8820,49,48,ORCHESTRA,81,main_22_94,True,←,Open Triangle,True,False,5,False,False,False,69,VERIFIED_FROM_OFFICIAL_MANUAL_TEXT_AND_USER_COLUMN_IMAGES
SC-8820,49,48,ORCHESTRA,82,main_22_94,False,←,Shaker,True,False,,False,False,False,69,VERIFIED_FROM_OFFICIAL_MANUAL_TEXT_AND_USER_COLUMN_IMAGES
SC-8820,49,48,ORCHESTRA,83,main_22_94,False,←,Jingle Bell,True,False,,False,False,False,69,VERIFIED_FROM_OFFICIAL_MANUAL_TEXT_AND_USER_COLUMN_IMAGES
SC-8820,49,48,ORCHESTRA,84,main_22_94,False,←,Bell Tree,True,False,,False,False,False,69,VERIFIED_FROM_OFFICIAL_MANUAL_TEXT_AND_USER_COLUMN_IMAGES
SC-8820,49,48,ORCHESTRA,85,main_22_94,False,←,Castanets,True,False,,False,False,False,69,VERIFIED_FROM_OFFICIAL_MANUAL_TEXT_AND_USER_COLUMN_IMAGES
SC-8820,49,48,ORCHESTRA,86,main_22_94,False,←,Mute Surdo,True,False,6,False,False,False,69,VERIFIED_FROM_OFFICIAL_MANUAL_TEXT_AND_USER_COLUMN_IMAGES
SC-8820,49,48,ORCHESTRA,87,main_22_94,False,←,Open Surdo,True,False,6,False,False,False,69,VERIFIED_FROM_OFFICIAL_MANUAL_TEXT_AND_USER_COLUMN_IMAGES
SC-8820,49,48,ORCHESTRA,88,main_22_94,False,Applause,Applause,False,False,,False,False,False,69,VERIFIED_FROM_OFFICIAL_MANUAL_TEXT_AND_USER_COLUMN_IMAGES
SC-8820,49,48,ORCHESTRA,89,main_22_94,False,---,,False,True,,False,False,False,69,VERIFIED_FROM_OFFICIAL_MANUAL_TEXT_AND_USER_COLUMN_IMAGES
SC-8820,49,48,ORCHESTRA,90,main_22_94,False,---,,False,True,,False,False,False,69,VERIFIED_FROM_OFFICIAL_MANUAL_TEXT_AND_USER_COLUMN_IMAGES
SC-8820,49,48,ORCHESTRA,91,main_22_94,False,---,,False,True,,False,False,False,69,VERIFIED_FROM_OFFICIAL_MANUAL_TEXT_AND_USER_COLUMN_IMAGES
SC-8820,49,48,ORCHESTRA,92,main_22_94,False,---,,False,True,,False,False,False,69,VERIFIED_FROM_OFFICIAL_MANUAL_TEXT_AND_USER_COLUMN_IMAGES
SC-8820,49,48,ORCHESTRA,93,main_22_94,False,---,,False,True,,False,False,False,69,VERIFIED_FROM_OFFICIAL_MANUAL_TEXT_AND_USER_COLUMN_IMAGES
SC-8820,49,48,ORCHESTRA,94,main_22_94,False,---,,False,True,,False,False,False,69,VERIFIED_FROM_OFFICIAL_MANUAL_TEXT_AND_USER_COLUMN_IMAGES
SC-8820,49,48,ORCHESTRA,95,extended_0_21_95_127,False,---,,False,True,,False,False,False,76,VERIFIED_FROM_OFFICIAL_MANUAL_TEXT_AND_USER_COLUMN_IMAGES
SC-8820,49,48,ORCHESTRA,96,extended_0_21_95_127,False,---,,False,True,,False,False,False,76,VERIFIED_FROM_OFFICIAL_MANUAL_TEXT_AND_USER_COLUMN_IMAGES
SC-8820,49,48,ORCHESTRA,97,extended_0_21_95_127,False,Applause 2 *,Applause 2,False,False,,True,False,False,76,VERIFIED_FROM_OFFICIAL_MANUAL_TEXT_AND_USER_COLUMN_IMAGES
SC-8820,49,48,ORCHESTRA,98,extended_0_21_95_127,False,Small Club 1 *,Small Club 1,False,False,,True,False,False,76,VERIFIED_FROM_OFFICIAL_MANUAL_TEXT_AND_USER_COLUMN_IMAGES
SC-8820,49,48,ORCHESTRA,99,extended_0_21_95_127,False,Timpani D#,Timpani D#,False,False,,False,False,False,76,VERIFIED_FROM_OFFICIAL_MANUAL_TEXT_AND_USER_COLUMN_IMAGES
SC-8820,49,48,ORCHESTRA,100,extended_0_21_95_127,False,Timpani E,Timpani E,False,False,,False,False,False,76,VERIFIED_FROM_OFFICIAL_MANUAL_TEXT_AND_USER_COLUMN_IMAGES
SC-8820,49,48,ORCHESTRA,101,extended_0_21_95_127,False,Timpani F,Timpani F,False,False,,False,False,False,76,VERIFIED_FROM_OFFICIAL_MANUAL_TEXT_AND_USER_COLUMN_IMAGES
SC-8820,49,48,ORCHESTRA,102,extended_0_21_95_127,False,Timpani F#,Timpani F#,False,False,,False,False,False,76,VERIFIED_FROM_OFFICIAL_MANUAL_TEXT_AND_USER_COLUMN_IMAGES
SC-8820,49,48,ORCHESTRA,103,extended_0_21_95_127,False,Timpani G,Timpani G,False,False,,False,False,False,76,VERIFIED_FROM_OFFICIAL_MANUAL_TEXT_AND_USER_COLUMN_IMAGES
SC-8820,49,48,ORCHESTRA,104,extended_0_21_95_127,False,Timpani G#,Timpani G#,False,False,,False,False,False,76,VERIFIED_FROM_OFFICIAL_MANUAL_TEXT_AND_USER_COLUMN_IMAGES
SC-8820,49,48,ORCHESTRA,105,extended_0_21_95_127,False,Timpani A,Timpani A,False,False,,False,False,False,76,VERIFIED_FROM_OFFICIAL_MANUAL_TEXT_AND_USER_COLUMN_IMAGES
SC-8820,49,48,ORCHESTRA,106,extended_0_21_95_127,False,Timpani A#,Timpani A#,False,False,,False,False,False,76,VERIFIED_FROM_OFFICIAL_MANUAL_TEXT_AND_USER_COLUMN_IMAGES
SC-8820,49,48,ORCHESTRA,107,extended_0_21_95_127,False,Timpani B,Timpani B,False,False,,False,False,False,76,VERIFIED_FROM_OFFICIAL_MANUAL_TEXT_AND_USER_COLUMN_IMAGES
SC-8820,49,48,ORCHESTRA,108,extended_0_21_95_127,False,Timpani c,Timpani c,False,False,,False,False,False,76,VERIFIED_FROM_OFFICIAL_MANUAL_TEXT_AND_USER_COLUMN_IMAGES
SC-8820,49,48,ORCHESTRA,109,extended_0_21_95_127,False,Timpani c#,Timpani c#,False,False,,False,False,False,76,VERIFIED_FROM_OFFICIAL_MANUAL_TEXT_AND_USER_COLUMN_IMAGES
SC-8820,49,48,ORCHESTRA,110,extended_0_21_95_127,False,Timpani d,Timpani d,False,False,,False,False,False,76,VERIFIED_FROM_OFFICIAL_MANUAL_TEXT_AND_USER_COLUMN_IMAGES
SC-8820,49,48,ORCHESTRA,111,extended_0_21_95_127,False,Timpani d#,Timpani d#,False,False,,False,False,False,76,VERIFIED_FROM_OFFICIAL_MANUAL_TEXT_AND_USER_COLUMN_IMAGES
SC-8820,49,48,ORCHESTRA,112,extended_0_21_95_127,False,Timpani e,Timpani e,False,False,,False,False,False,76,VERIFIED_FROM_OFFICIAL_MANUAL_TEXT_AND_USER_COLUMN_IMAGES
SC-8820,49,48,ORCHESTRA,113,extended_0_21_95_127,False,Timpani f,Timpani f,False,False,,False,False,False,76,VERIFIED_FROM_OFFICIAL_MANUAL_TEXT_AND_USER_COLUMN_IMAGES
SC-8820,49,48,ORCHESTRA,114,extended_0_21_95_127,False,---,,False,True,,False,False,False,76,VERIFIED_FROM_OFFICIAL_MANUAL_TEXT_AND_USER_COLUMN_IMAGES
SC-8820,49,48,ORCHESTRA,115,extended_0_21_95_127,False,---,,False,True,,False,False,False,76,VERIFIED_FROM_OFFICIAL_MANUAL_TEXT_AND_USER_COLUMN_IMAGES
SC-8820,49,48,ORCHESTRA,116,extended_0_21_95_127,False,---,,False,True,,False,False,False,76,VERIFIED_FROM_OFFICIAL_MANUAL_TEXT_AND_USER_COLUMN_IMAGES
SC-8820,49,48,ORCHESTRA,117,extended_0_21_95_127,False,---,,False,True,,False,False,False,76,VERIFIED_FROM_OFFICIAL_MANUAL_TEXT_AND_USER_COLUMN_IMAGES
SC-8820,49,48,ORCHESTRA,118,extended_0_21_95_127,False,---,,False,True,,False,False,False,76,VERIFIED_FROM_OFFICIAL_MANUAL_TEXT_AND_USER_COLUMN_IMAGES
SC-8820,49,48,ORCHESTRA,119,extended_0_21_95_127,False,---,,False,True,,False,False,False,76,VERIFIED_FROM_OFFICIAL_MANUAL_TEXT_AND_USER_COLUMN_IMAGES
SC-8820,49,48,ORCHESTRA,120,extended_0_21_95_127,False,---,,False,True,,False,False,False,76,VERIFIED_FROM_OFFICIAL_MANUAL_TEXT_AND_USER_COLUMN_IMAGES
SC-8820,49,48,ORCHESTRA,121,extended_0_21_95_127,False,---,,False,True,,False,False,False,76,VERIFIED_FROM_OFFICIAL_MANUAL_TEXT_AND_USER_COLUMN_IMAGES
SC-8820,49,48,ORCHESTRA,122,extended_0_21_95_127,False,---,,False,True,,False,False,False,76,VERIFIED_FROM_OFFICIAL_MANUAL_TEXT_AND_USER_COLUMN_IMAGES
SC-8820,49,48,ORCHESTRA,123,extended_0_21_95_127,False,---,,False,True,,False,False,False,76,VERIFIED_FROM_OFFICIAL_MANUAL_TEXT_AND_USER_COLUMN_IMAGES
SC-8820,49,48,ORCHESTRA,124,extended_0_21_95_127,False,---,,False,True,,False,False,False,76,VERIFIED_FROM_OFFICIAL_MANUAL_TEXT_AND_USER_COLUMN_IMAGES
SC-8820,49,48,ORCHESTRA,125,extended_0_21_95_127,False,---,,False,True,,False,False,False,76,VERIFIED_FROM_OFFICIAL_MANUAL_TEXT_AND_USER_COLUMN_IMAGES
SC-8820,49,48,ORCHESTRA,126,extended_0_21_95_127,False,---,,False,True,,False,False,False,76,VERIFIED_FROM_OFFICIAL_MANUAL_TEXT_AND_USER_COLUMN_IMAGES
SC-8820,49,48,ORCHESTRA,127,extended_0_21_95_127,False,---,,False,True,,False,False,False,76,VERIFIED_FROM_OFFICIAL_MANUAL_TEXT_AND_USER_COLUMN_IMAGES
SC-8820,50,49,ETHNIC,0,extended_0_21_95_127,False,---,,False,True,,False,False,False,76,VERIFIED_FROM_OFFICIAL_MANUAL_TEXT_AND_USER_COLUMN_IMAGES
SC-8820,50,49,ETHNIC,1,extended_0_21_95_127,False,---,,False,True,,False,False,False,76,VERIFIED_FROM_OFFICIAL_MANUAL_TEXT_AND_USER_COLUMN_IMAGES
SC-8820,50,49,ETHNIC,2,extended_0_21_95_127,False,---,,False,True,,False,False,False,76,VERIFIED_FROM_OFFICIAL_MANUAL_TEXT_AND_USER_COLUMN_IMAGES
SC-8820,50,49,ETHNIC,3,extended_0_21_95_127,False,---,,False,True,,False,False,False,76,VERIFIED_FROM_OFFICIAL_MANUAL_TEXT_AND_USER_COLUMN_IMAGES
SC-8820,50,49,ETHNIC,4,extended_0_21_95_127,False,---,,False,True,,False,False,False,76,VERIFIED_FROM_OFFICIAL_MANUAL_TEXT_AND_USER_COLUMN_IMAGES
SC-8820,50,49,ETHNIC,5,extended_0_21_95_127,False,---,,False,True,,False,False,False,76,VERIFIED_FROM_OFFICIAL_MANUAL_TEXT_AND_USER_COLUMN_IMAGES
SC-8820,50,49,ETHNIC,6,extended_0_21_95_127,False,---,,False,True,,False,False,False,76,VERIFIED_FROM_OFFICIAL_MANUAL_TEXT_AND_USER_COLUMN_IMAGES
SC-8820,50,49,ETHNIC,7,extended_0_21_95_127,False,---,,False,True,,False,False,False,76,VERIFIED_FROM_OFFICIAL_MANUAL_TEXT_AND_USER_COLUMN_IMAGES
SC-8820,50,49,ETHNIC,8,extended_0_21_95_127,False,---,,False,True,,False,False,False,76,VERIFIED_FROM_OFFICIAL_MANUAL_TEXT_AND_USER_COLUMN_IMAGES
SC-8820,50,49,ETHNIC,9,extended_0_21_95_127,False,---,,False,True,,False,False,False,76,VERIFIED_FROM_OFFICIAL_MANUAL_TEXT_AND_USER_COLUMN_IMAGES
SC-8820,50,49,ETHNIC,10,extended_0_21_95_127,False,---,,False,True,,False,False,False,76,VERIFIED_FROM_OFFICIAL_MANUAL_TEXT_AND_USER_COLUMN_IMAGES
SC-8820,50,49,ETHNIC,11,extended_0_21_95_127,False,---,,False,True,,False,False,False,76,VERIFIED_FROM_OFFICIAL_MANUAL_TEXT_AND_USER_COLUMN_IMAGES
SC-8820,50,49,ETHNIC,12,extended_0_21_95_127,False,---,,False,True,,False,False,False,76,VERIFIED_FROM_OFFICIAL_MANUAL_TEXT_AND_USER_COLUMN_IMAGES
SC-8820,50,49,ETHNIC,13,extended_0_21_95_127,False,---,,False,True,,False,False,False,76,VERIFIED_FROM_OFFICIAL_MANUAL_TEXT_AND_USER_COLUMN_IMAGES
SC-8820,50,49,ETHNIC,14,extended_0_21_95_127,False,---,,False,True,,False,False,False,76,VERIFIED_FROM_OFFICIAL_MANUAL_TEXT_AND_USER_COLUMN_IMAGES
SC-8820,50,49,ETHNIC,15,extended_0_21_95_127,False,---,,False,True,,False,False,False,76,VERIFIED_FROM_OFFICIAL_MANUAL_TEXT_AND_USER_COLUMN_IMAGES
SC-8820,50,49,ETHNIC,16,extended_0_21_95_127,False,---,,False,True,,False,False,False,76,VERIFIED_FROM_OFFICIAL_MANUAL_TEXT_AND_USER_COLUMN_IMAGES
SC-8820,50,49,ETHNIC,17,extended_0_21_95_127,False,---,,False,True,,False,False,False,76,VERIFIED_FROM_OFFICIAL_MANUAL_TEXT_AND_USER_COLUMN_IMAGES
SC-8820,50,49,ETHNIC,18,extended_0_21_95_127,False,---,,False,True,,False,False,False,76,VERIFIED_FROM_OFFICIAL_MANUAL_TEXT_AND_USER_COLUMN_IMAGES
SC-8820,50,49,ETHNIC,19,extended_0_21_95_127,False,---,,False,True,,False,False,False,76,VERIFIED_FROM_OFFICIAL_MANUAL_TEXT_AND_USER_COLUMN_IMAGES
SC-8820,50,49,ETHNIC,20,extended_0_21_95_127,False,---,,False,True,,False,False,False,76,VERIFIED_FROM_OFFICIAL_MANUAL_TEXT_AND_USER_COLUMN_IMAGES
SC-8820,50,49,ETHNIC,21,extended_0_21_95_127,False,---,,False,True,,False,False,False,76,VERIFIED_FROM_OFFICIAL_MANUAL_TEXT_AND_USER_COLUMN_IMAGES
SC-8820,50,49,ETHNIC,22,main_22_94,False,---,,False,True,,False,False,False,69,VERIFIED_FROM_OFFICIAL_MANUAL_TEXT_AND_USER_COLUMN_IMAGES
SC-8820,50,49,ETHNIC,23,main_22_94,False,---,,False,True,,False,False,False,69,VERIFIED_FROM_OFFICIAL_MANUAL_TEXT_AND_USER_COLUMN_IMAGES
SC-8820,50,49,ETHNIC,24,main_22_94,False,---,,False,True,,False,False,False,69,VERIFIED_FROM_OFFICIAL_MANUAL_TEXT_AND_USER_COLUMN_IMAGES
SC-8820,50,49,ETHNIC,25,main_22_94,False,Finger Snap,Finger Snap,False,False,,False,False,False,69,VERIFIED_FROM_OFFICIAL_MANUAL_TEXT_AND_USER_COLUMN_IMAGES
SC-8820,50,49,ETHNIC,26,main_22_94,False,Tambourine,Tambourine,False,False,,False,False,False,69,VERIFIED_FROM_OFFICIAL_MANUAL_TEXT_AND_USER_COLUMN_IMAGES
SC-8820,50,49,ETHNIC,27,main_22_94,False,Castanets,Castanets,False,False,,False,False,False,69,VERIFIED_FROM_OFFICIAL_MANUAL_TEXT_AND_USER_COLUMN_IMAGES
SC-8820,50,49,ETHNIC,28,main_22_94,False,Crash Cymbal 1,Crash Cymbal 1,False,False,,False,False,False,69,VERIFIED_FROM_OFFICIAL_MANUAL_TEXT_AND_USER_COLUMN_IMAGES
SC-8820,50,49,ETHNIC,29,main_22_94,False,Snare Roll,Snare Roll,False,False,,False,False,False,69,VERIFIED_FROM_OFFICIAL_MANUAL_TEXT_AND_USER_COLUMN_IMAGES
SC-8820,50,49,ETHNIC,30,main_22_94,False,Concert SD,Concert SD,False,False,,False,False,False,69,VERIFIED_FROM_OFFICIAL_MANUAL_TEXT_AND_USER_COLUMN_IMAGES
SC-8820,50,49,ETHNIC,31,main_22_94,False,Concert Cymbal,Concert Cymbal,False,False,,False,False,False,69,VERIFIED_FROM_OFFICIAL_MANUAL_TEXT_AND_USER_COLUMN_IMAGES
SC-8820,50,49,ETHNIC,32,main_22_94,False,Concert BD 1,Concert BD 1,False,False,,False,False,False,69,VERIFIED_FROM_OFFICIAL_MANUAL_TEXT_AND_USER_COLUMN_IMAGES
SC-8820,50,49,ETHNIC,33,main_22_94,False,Jingle Bell,Jingle Bell,False,False,,False,False,False,69,VERIFIED_FROM_OFFICIAL_MANUAL_TEXT_AND_USER_COLUMN_IMAGES
SC-8820,50,49,ETHNIC,34,main_22_94,False,Bell Tree,Bell Tree,False,False,,False,False,False,69,VERIFIED_FROM_OFFICIAL_MANUAL_TEXT_AND_USER_COLUMN_IMAGES
SC-8820,50,49,ETHNIC,35,main_22_94,True,Bar Chimes,Bar Chimes,False,False,,False,False,False,69,VERIFIED_FROM_OFFICIAL_MANUAL_TEXT_AND_USER_COLUMN_IMAGES
SC-8820,50,49,ETHNIC,36,main_22_94,True,Wadaiko *,Wadaiko,False,False,,True,False,False,69,VERIFIED_FROM_OFFICIAL_MANUAL_TEXT_AND_USER_COLUMN_IMAGES
SC-8820,50,49,ETHNIC,37,main_22_94,True,Wadaiko Rim *,Wadaiko Rim,False,False,,True,False,False,69,VERIFIED_FROM_OFFICIAL_MANUAL_TEXT_AND_USER_COLUMN_IMAGES
SC-8820,50,49,ETHNIC,38,main_22_94,True,Shime Taiko,Shime Taiko,False,False,,False,False,False,69,VERIFIED_FROM_OFFICIAL_MANUAL_TEXT_AND_USER_COLUMN_IMAGES
SC-8820,50,49,ETHNIC,39,main_22_94,True,Atarigane,Atarigane,False,False,,False,False,False,69,VERIFIED_FROM_OFFICIAL_MANUAL_TEXT_AND_USER_COLUMN_IMAGES
SC-8820,50,49,ETHNIC,40,main_22_94,True,Hyoushigi,Hyoushigi,False,False,,False,False,False,69,VERIFIED_FROM_OFFICIAL_MANUAL_TEXT_AND_USER_COLUMN_IMAGES
SC-8820,50,49,ETHNIC,41,main_22_94,True,Ohkawa,Ohkawa,False,False,,False,False,False,69,VERIFIED_FROM_OFFICIAL_MANUAL_TEXT_AND_USER_COLUMN_IMAGES
SC-8820,50,49,ETHNIC,42,main_22_94,True,High Kotsuzumi,High Kotsuzumi,False,False,,False,False,False,69,VERIFIED_FROM_OFFICIAL_MANUAL_TEXT_AND_USER_COLUMN_IMAGES
SC-8820,50,49,ETHNIC,43,main_22_94,True,Low Kotsuzumi,Low Kotsuzumi,False,False,,False,False,False,69,VERIFIED_FROM_OFFICIAL_MANUAL_TEXT_AND_USER_COLUMN_IMAGES
SC-8820,50,49,ETHNIC,44,main_22_94,True,Ban Gu,Ban Gu,False,False,,False,False,False,69,VERIFIED_FROM_OFFICIAL_MANUAL_TEXT_AND_USER_COLUMN_IMAGES
SC-8820,50,49,ETHNIC,45,main_22_94,True,Big Gong,Big Gong,False,False,,False,False,False,69,VERIFIED_FROM_OFFICIAL_MANUAL_TEXT_AND_USER_COLUMN_IMAGES
SC-8820,50,49,ETHNIC,46,main_22_94,True,Small Gong,Small Gong,False,False,,False,False,False,69,VERIFIED_FROM_OFFICIAL_MANUAL_TEXT_AND_USER_COLUMN_IMAGES
SC-8820,50,49,ETHNIC,47,main_22_94,True,Bend Gong,Bend Gong,False,False,,False,False,False,69,VERIFIED_FROM_OFFICIAL_MANUAL_TEXT_AND_USER_COLUMN_IMAGES
SC-8820,50,49,ETHNIC,48,main_22_94,True,Thai Gong,Thai Gong,False,False,,False,False,False,69,VERIFIED_FROM_OFFICIAL_MANUAL_TEXT_AND_USER_COLUMN_IMAGES
SC-8820,50,49,ETHNIC,49,main_22_94,True,Rama Cymbal,Rama Cymbal,False,False,,False,False,False,69,VERIFIED_FROM_OFFICIAL_MANUAL_TEXT_AND_USER_COLUMN_IMAGES
SC-8820,50,49,ETHNIC,50,main_22_94,True,Gamelan Gong,Gamelan Gong,False,False,,False,False,False,69,VERIFIED_FROM_OFFICIAL_MANUAL_TEXT_AND_USER_COLUMN_IMAGES
SC-8820,50,49,ETHNIC,51,main_22_94,True,Udo Short [EXC1],Udo Short,False,False,1,False,False,False,69,VERIFIED_FROM_OFFICIAL_MANUAL_TEXT_AND_USER_COLUMN_IMAGES
SC-8820,50,49,ETHNIC,52,main_22_94,True,Udo Long [EXC1],Udo Long,False,False,1,False,False,False,69,VERIFIED_FROM_OFFICIAL_MANUAL_TEXT_AND_USER_COLUMN_IMAGES
SC-8820,50,49,ETHNIC,53,main_22_94,True,Udo Slap,Udo Slap,False,False,,False,False,False,69,VERIFIED_FROM_OFFICIAL_MANUAL_TEXT_AND_USER_COLUMN_IMAGES
SC-8820,50,49,ETHNIC,54,main_22_94,True,Bendir,Bendir,False,False,,False,False,False,69,VERIFIED_FROM_OFFICIAL_MANUAL_TEXT_AND_USER_COLUMN_IMAGES
SC-8820,50,49,ETHNIC,55,main_22_94,True,Req Dum,Req Dum,False,False,,False,False,False,69,VERIFIED_FROM_OFFICIAL_MANUAL_TEXT_AND_USER_COLUMN_IMAGES
SC-8820,50,49,ETHNIC,56,main_22_94,True,Req Tik,Req Tik,False,False,,False,False,False,69,VERIFIED_FROM_OFFICIAL_MANUAL_TEXT_AND_USER_COLUMN_IMAGES
SC-8820,50,49,ETHNIC,57,main_22_94,True,Tabla Te,Tabla Te,False,False,,False,False,False,69,VERIFIED_FROM_OFFICIAL_MANUAL_TEXT_AND_USER_COLUMN_IMAGES
SC-8820,50,49,ETHNIC,58,main_22_94,True,Tabla Na,Tabla Na,False,False,,False,False,False,69,VERIFIED_FROM_OFFICIAL_MANUAL_TEXT_AND_USER_COLUMN_IMAGES
SC-8820,50,49,ETHNIC,59,main_22_94,True,Tabla Tun,Tabla Tun,False,False,,False,False,False,69,VERIFIED_FROM_OFFICIAL_MANUAL_TEXT_AND_USER_COLUMN_IMAGES
SC-8820,50,49,ETHNIC,60,main_22_94,True,Tabla Ge,Tabla Ge,False,False,,False,False,False,69,VERIFIED_FROM_OFFICIAL_MANUAL_TEXT_AND_USER_COLUMN_IMAGES
SC-8820,50,49,ETHNIC,61,main_22_94,True,Tabla Ge Hi,Tabla Ge Hi,False,False,,False,False,False,69,VERIFIED_FROM_OFFICIAL_MANUAL_TEXT_AND_USER_COLUMN_IMAGES
SC-8820,50,49,ETHNIC,62,main_22_94,True,Talking Drum *,Talking Drum,False,False,,True,False,False,69,VERIFIED_FROM_OFFICIAL_MANUAL_TEXT_AND_USER_COLUMN_IMAGES
SC-8820,50,49,ETHNIC,63,main_22_94,True,Bend Talking Drum *,Bend Talking Drum,False,False,,True,False,False,69,VERIFIED_FROM_OFFICIAL_MANUAL_TEXT_AND_USER_COLUMN_IMAGES
SC-8820,50,49,ETHNIC,64,main_22_94,True,Caxixi,Caxixi,False,False,,False,False,False,69,VERIFIED_FROM_OFFICIAL_MANUAL_TEXT_AND_USER_COLUMN_IMAGES
SC-8820,50,49,ETHNIC,65,main_22_94,True,Djembe,Djembe,False,False,,False,False,False,69,VERIFIED_FROM_OFFICIAL_MANUAL_TEXT_AND_USER_COLUMN_IMAGES
SC-8820,50,49,ETHNIC,66,main_22_94,True,Djembe Rim,Djembe Rim,False,False,,False,False,False,69,VERIFIED_FROM_OFFICIAL_MANUAL_TEXT_AND_USER_COLUMN_IMAGES
SC-8820,50,49,ETHNIC,67,main_22_94,True,Timbales Low,Timbales Low,False,False,,False,False,False,69,VERIFIED_FROM_OFFICIAL_MANUAL_TEXT_AND_USER_COLUMN_IMAGES
SC-8820,50,49,ETHNIC,68,main_22_94,True,Timbales Paila,Timbales Paila,False,False,,False,False,False,69,VERIFIED_FROM_OFFICIAL_MANUAL_TEXT_AND_USER_COLUMN_IMAGES
SC-8820,50,49,ETHNIC,69,main_22_94,True,Timbales High,Timbales High,False,False,,False,False,False,69,VERIFIED_FROM_OFFICIAL_MANUAL_TEXT_AND_USER_COLUMN_IMAGES
SC-8820,50,49,ETHNIC,70,main_22_94,True,Cowbell,Cowbell,False,False,,False,False,False,69,VERIFIED_FROM_OFFICIAL_MANUAL_TEXT_AND_USER_COLUMN_IMAGES
SC-8820,50,49,ETHNIC,71,main_22_94,True,High Bongo,High Bongo,False,False,,False,False,False,69,VERIFIED_FROM_OFFICIAL_MANUAL_TEXT_AND_USER_COLUMN_IMAGES
SC-8820,50,49,ETHNIC,72,main_22_94,True,Low Bongo,Low Bongo,False,False,,False,False,False,69,VERIFIED_FROM_OFFICIAL_MANUAL_TEXT_AND_USER_COLUMN_IMAGES
SC-8820,50,49,ETHNIC,73,main_22_94,True,Mute High Conga,Mute High Conga,False,False,,False,False,False,69,VERIFIED_FROM_OFFICIAL_MANUAL_TEXT_AND_USER_COLUMN_IMAGES
SC-8820,50,49,ETHNIC,74,main_22_94,True,Open High Conga,Open High Conga,False,False,,False,False,False,69,VERIFIED_FROM_OFFICIAL_MANUAL_TEXT_AND_USER_COLUMN_IMAGES
SC-8820,50,49,ETHNIC,75,main_22_94,True,Mute Low Conga,Mute Low Conga,False,False,,False,False,False,69,VERIFIED_FROM_OFFICIAL_MANUAL_TEXT_AND_USER_COLUMN_IMAGES
SC-8820,50,49,ETHNIC,76,main_22_94,True,Conga Slap,Conga Slap,False,False,,False,False,False,69,VERIFIED_FROM_OFFICIAL_MANUAL_TEXT_AND_USER_COLUMN_IMAGES
SC-8820,50,49,ETHNIC,77,main_22_94,True,Open Low Conga,Open Low Conga,False,False,,False,False,False,69,VERIFIED_FROM_OFFICIAL_MANUAL_TEXT_AND_USER_COLUMN_IMAGES
SC-8820,50,49,ETHNIC,78,main_22_94,True,Conga Slide *,Conga Slide,False,False,,True,False,False,69,VERIFIED_FROM_OFFICIAL_MANUAL_TEXT_AND_USER_COLUMN_IMAGES
SC-8820,50,49,ETHNIC,79,main_22_94,True,Mute Pandiero,Mute Pandiero,False,False,,False,False,False,69,VERIFIED_FROM_OFFICIAL_MANUAL_TEXT_AND_USER_COLUMN_IMAGES
SC-8820,50,49,ETHNIC,80,main_22_94,True,Open Pandiero,Open Pandiero,False,False,,False,False,False,69,VERIFIED_FROM_OFFICIAL_MANUAL_TEXT_AND_USER_COLUMN_IMAGES
SC-8820,50,49,ETHNIC,81,main_22_94,True,Open Surdo [EXC2],Open Surdo,False,False,2,False,False,False,69,VERIFIED_FROM_OFFICIAL_MANUAL_TEXT_AND_USER_COLUMN_IMAGES
SC-8820,50,49,ETHNIC,82,main_22_94,False,Mute Surdo [EXC2],Mute Surdo,False,False,2,False,False,False,69,VERIFIED_FROM_OFFICIAL_MANUAL_TEXT_AND_USER_COLUMN_IMAGES
SC-8820,50,49,ETHNIC,83,main_22_94,False,Tamborim,Tamborim,False,False,,False,False,False,69,VERIFIED_FROM_OFFICIAL_MANUAL_TEXT_AND_USER_COLUMN_IMAGES
SC-8820,50,49,ETHNIC,84,main_22_94,False,High Agogo,High Agogo,False,False,,False,False,False,69,VERIFIED_FROM_OFFICIAL_MANUAL_TEXT_AND_USER_COLUMN_IMAGES
SC-8820,50,49,ETHNIC,85,main_22_94,False,Low Agogo,Low Agogo,False,False,,False,False,False,69,VERIFIED_FROM_OFFICIAL_MANUAL_TEXT_AND_USER_COLUMN_IMAGES
SC-8820,50,49,ETHNIC,86,main_22_94,False,Shaker,Shaker,False,False,,False,False,False,69,VERIFIED_FROM_OFFICIAL_MANUAL_TEXT_AND_USER_COLUMN_IMAGES
SC-8820,50,49,ETHNIC,87,main_22_94,False,High Whistle [EXC3],High Whistle,False,False,3,False,False,False,69,VERIFIED_FROM_OFFICIAL_MANUAL_TEXT_AND_USER_COLUMN_IMAGES
SC-8820,50,49,ETHNIC,88,main_22_94,False,Low Whistle [EXC3],Low Whistle,False,False,3,False,False,False,69,VERIFIED_FROM_OFFICIAL_MANUAL_TEXT_AND_USER_COLUMN_IMAGES
SC-8820,50,49,ETHNIC,89,main_22_94,False,Mute Cuica [EXC4],Mute Cuica,False,False,4,False,False,False,69,VERIFIED_FROM_OFFICIAL_MANUAL_TEXT_AND_USER_COLUMN_IMAGES
SC-8820,50,49,ETHNIC,90,main_22_94,False,Open Cuica [EXC4],Open Cuica,False,False,4,False,False,False,69,VERIFIED_FROM_OFFICIAL_MANUAL_TEXT_AND_USER_COLUMN_IMAGES
SC-8820,50,49,ETHNIC,91,main_22_94,False,Mute Triangle [EXC5],Mute Triangle,False,False,5,False,False,False,69,VERIFIED_FROM_OFFICIAL_MANUAL_TEXT_AND_USER_COLUMN_IMAGES
SC-8820,50,49,ETHNIC,92,main_22_94,False,Open Triangle [EXC5],Open Triangle,False,False,5,False,False,False,69,VERIFIED_FROM_OFFICIAL_MANUAL_TEXT_AND_USER_COLUMN_IMAGES
SC-8820,50,49,ETHNIC,93,main_22_94,False,Short Guiro [EXC6],Short Guiro,False,False,6,False,False,False,69,VERIFIED_FROM_OFFICIAL_MANUAL_TEXT_AND_USER_COLUMN_IMAGES
SC-8820,50,49,ETHNIC,94,main_22_94,False,Long Guiro [EXC6],Long Guiro,False,False,6,False,False,False,69,VERIFIED_FROM_OFFICIAL_MANUAL_TEXT_AND_USER_COLUMN_IMAGES
SC-8820,50,49,ETHNIC,95,extended_0_21_95_127,False,Cabasa Up,Cabasa Up,False,False,,False,False,False,76,VERIFIED_FROM_OFFICIAL_MANUAL_TEXT_AND_USER_COLUMN_IMAGES
SC-8820,50,49,ETHNIC,96,extended_0_21_95_127,False,Cabasa Down,Cabasa Down,False,False,,False,False,False,76,VERIFIED_FROM_OFFICIAL_MANUAL_TEXT_AND_USER_COLUMN_IMAGES
SC-8820,50,49,ETHNIC,97,extended_0_21_95_127,False,Claves,Claves,False,False,,False,False,False,76,VERIFIED_FROM_OFFICIAL_MANUAL_TEXT_AND_USER_COLUMN_IMAGES
SC-8820,50,49,ETHNIC,98,extended_0_21_95_127,False,High Wood Block,High Wood Block,False,False,,False,False,False,76,VERIFIED_FROM_OFFICIAL_MANUAL_TEXT_AND_USER_COLUMN_IMAGES
SC-8820,50,49,ETHNIC,99,extended_0_21_95_127,False,Low Wood Block,Low Wood Block,False,False,,False,False,False,76,VERIFIED_FROM_OFFICIAL_MANUAL_TEXT_AND_USER_COLUMN_IMAGES
SC-8820,50,49,ETHNIC,100,extended_0_21_95_127,False,---,,False,True,,False,False,False,76,VERIFIED_FROM_OFFICIAL_MANUAL_TEXT_AND_USER_COLUMN_IMAGES
SC-8820,50,49,ETHNIC,101,extended_0_21_95_127,False,---,,False,True,,False,False,False,76,VERIFIED_FROM_OFFICIAL_MANUAL_TEXT_AND_USER_COLUMN_IMAGES
SC-8820,50,49,ETHNIC,102,extended_0_21_95_127,False,---,,False,True,,False,False,False,76,VERIFIED_FROM_OFFICIAL_MANUAL_TEXT_AND_USER_COLUMN_IMAGES
SC-8820,50,49,ETHNIC,103,extended_0_21_95_127,False,---,,False,True,,False,False,False,76,VERIFIED_FROM_OFFICIAL_MANUAL_TEXT_AND_USER_COLUMN_IMAGES
SC-8820,50,49,ETHNIC,104,extended_0_21_95_127,False,---,,False,True,,False,False,False,76,VERIFIED_FROM_OFFICIAL_MANUAL_TEXT_AND_USER_COLUMN_IMAGES
SC-8820,50,49,ETHNIC,105,extended_0_21_95_127,False,---,,False,True,,False,False,False,76,VERIFIED_FROM_OFFICIAL_MANUAL_TEXT_AND_USER_COLUMN_IMAGES
SC-8820,50,49,ETHNIC,106,extended_0_21_95_127,False,---,,False,True,,False,False,False,76,VERIFIED_FROM_OFFICIAL_MANUAL_TEXT_AND_USER_COLUMN_IMAGES
SC-8820,50,49,ETHNIC,107,extended_0_21_95_127,False,---,,False,True,,False,False,False,76,VERIFIED_FROM_OFFICIAL_MANUAL_TEXT_AND_USER_COLUMN_IMAGES
SC-8820,50,49,ETHNIC,108,extended_0_21_95_127,False,---,,False,True,,False,False,False,76,VERIFIED_FROM_OFFICIAL_MANUAL_TEXT_AND_USER_COLUMN_IMAGES
SC-8820,50,49,ETHNIC,109,extended_0_21_95_127,False,---,,False,True,,False,False,False,76,VERIFIED_FROM_OFFICIAL_MANUAL_TEXT_AND_USER_COLUMN_IMAGES
SC-8820,50,49,ETHNIC,110,extended_0_21_95_127,False,---,,False,True,,False,False,False,76,VERIFIED_FROM_OFFICIAL_MANUAL_TEXT_AND_USER_COLUMN_IMAGES
SC-8820,50,49,ETHNIC,111,extended_0_21_95_127,False,---,,False,True,,False,False,False,76,VERIFIED_FROM_OFFICIAL_MANUAL_TEXT_AND_USER_COLUMN_IMAGES
SC-8820,50,49,ETHNIC,112,extended_0_21_95_127,False,---,,False,True,,False,False,False,76,VERIFIED_FROM_OFFICIAL_MANUAL_TEXT_AND_USER_COLUMN_IMAGES
SC-8820,50,49,ETHNIC,113,extended_0_21_95_127,False,---,,False,True,,False,False,False,76,VERIFIED_FROM_OFFICIAL_MANUAL_TEXT_AND_USER_COLUMN_IMAGES
SC-8820,50,49,ETHNIC,114,extended_0_21_95_127,False,---,,False,True,,False,False,False,76,VERIFIED_FROM_OFFICIAL_MANUAL_TEXT_AND_USER_COLUMN_IMAGES
SC-8820,50,49,ETHNIC,115,extended_0_21_95_127,False,---,,False,True,,False,False,False,76,VERIFIED_FROM_OFFICIAL_MANUAL_TEXT_AND_USER_COLUMN_IMAGES
SC-8820,50,49,ETHNIC,116,extended_0_21_95_127,False,---,,False,True,,False,False,False,76,VERIFIED_FROM_OFFICIAL_MANUAL_TEXT_AND_USER_COLUMN_IMAGES
SC-8820,50,49,ETHNIC,117,extended_0_21_95_127,False,---,,False,True,,False,False,False,76,VERIFIED_FROM_OFFICIAL_MANUAL_TEXT_AND_USER_COLUMN_IMAGES
SC-8820,50,49,ETHNIC,118,extended_0_21_95_127,False,---,,False,True,,False,False,False,76,VERIFIED_FROM_OFFICIAL_MANUAL_TEXT_AND_USER_COLUMN_IMAGES
SC-8820,50,49,ETHNIC,119,extended_0_21_95_127,False,---,,False,True,,False,False,False,76,VERIFIED_FROM_OFFICIAL_MANUAL_TEXT_AND_USER_COLUMN_IMAGES
SC-8820,50,49,ETHNIC,120,extended_0_21_95_127,False,---,,False,True,,False,False,False,76,VERIFIED_FROM_OFFICIAL_MANUAL_TEXT_AND_USER_COLUMN_IMAGES
SC-8820,50,49,ETHNIC,121,extended_0_21_95_127,False,---,,False,True,,False,False,False,76,VERIFIED_FROM_OFFICIAL_MANUAL_TEXT_AND_USER_COLUMN_IMAGES
SC-8820,50,49,ETHNIC,122,extended_0_21_95_127,False,---,,False,True,,False,False,False,76,VERIFIED_FROM_OFFICIAL_MANUAL_TEXT_AND_USER_COLUMN_IMAGES
SC-8820,50,49,ETHNIC,123,extended_0_21_95_127,False,---,,False,True,,False,False,False,76,VERIFIED_FROM_OFFICIAL_MANUAL_TEXT_AND_USER_COLUMN_IMAGES
SC-8820,50,49,ETHNIC,124,extended_0_21_95_127,False,---,,False,True,,False,False,False,76,VERIFIED_FROM_OFFICIAL_MANUAL_TEXT_AND_USER_COLUMN_IMAGES
SC-8820,50,49,ETHNIC,125,extended_0_21_95_127,False,---,,False,True,,False,False,False,76,VERIFIED_FROM_OFFICIAL_MANUAL_TEXT_AND_USER_COLUMN_IMAGES
SC-8820,50,49,ETHNIC,126,extended_0_21_95_127,False,---,,False,True,,False,False,False,76,VERIFIED_FROM_OFFICIAL_MANUAL_TEXT_AND_USER_COLUMN_IMAGES
SC-8820,50,49,ETHNIC,127,extended_0_21_95_127,False,---,,False,True,,False,False,False,76,VERIFIED_FROM_OFFICIAL_MANUAL_TEXT_AND_USER_COLUMN_IMAGES
